{
  "results": [
    {
      "command": "target-cod-pass18-baseline/release/fr-persist-rdb-multidb-bench --mode bench --dbs 4096 --entries-per-db 2 --iters 500",
      "mean": 0.18808002898000004,
      "stddev": 0.01889393553799997,
      "median": 0.18837672068,
      "user": 0.18107993999999997,
      "system": 0.004795879999999999,
      "min": 0.15694790868,
      "max": 0.21728919368000002,
      "times": [
        0.19503930568,
        0.19035701568000002,
        0.18134410468,
        0.17376837168,
        0.18639642568,
        0.20452287768000002,
        0.21728919368000002,
        0.20772819168,
        0.16740689468,
        0.15694790868
      ],
      "exit_codes": [
        0,
        0,
        0,
        0,
        0,
        0,
        0,
        0,
        0,
        0
      ]
    }
  ]
}
