{
  "results": [
    {
      "command": "target-cod-pass18-baseline/release/fr-persist-rdb-multidb-bench --mode bench --dbs 1 --entries-per-db 8192 --iters 500",
      "mean": 0.17310915326,
      "stddev": 0.0038912503208640256,
      "median": 0.17340325446,
      "user": 0.169967,
      "system": 0.00268674,
      "min": 0.16810298746,
      "max": 0.18057046646,
      "times": [
        0.16810298746,
        0.17502193346,
        0.17137916746,
        0.17403733346,
        0.17491825646,
        0.17634261946,
        0.16895337046,
        0.17276917546,
        0.16899622246,
        0.18057046646
      ],
      "exit_codes": [
        0,
        0,
        0,
        0,
        0,
        0,
        0,
        0,
        0,
        0
      ]
    }
  ]
}
