{
  "results": [
    {
      "command": "target-cod-pass18-baseline/release/fr-persist-rdb-multidb-bench --mode bench --dbs 1 --entries-per-db 8192 --iters 500",
      "mean": 0.16635545488999998,
      "stddev": 0.008106931707198804,
      "median": 0.16508029644,
      "user": 0.16293551,
      "system": 0.00293177,
      "min": 0.15605519544000002,
      "max": 0.18240615144000003,
      "times": [
        0.18240615144000003,
        0.18149820844,
        0.16042683244000003,
        0.16041515844,
        0.18105820144,
        0.15605519544000002,
        0.16887770744000002,
        0.16729144744000002,
        0.16539507944,
        0.16476551344,
        0.16230183844,
        0.15837752144,
        0.16053824144,
        0.17411238044000002,
        0.15874958744,
        0.15729117944,
        0.16559976544000002,
        0.16920479644000003,
        0.17059215844,
        0.16215213344
      ],
      "exit_codes": [
        0,
        0,
        0,
        0,
        0,
        0,
        0,
        0,
        0,
        0,
        0,
        0,
        0,
        0,
        0,
        0,
        0,
        0,
        0,
        0
      ]
    },
    {
      "command": "target-cod-pass18-candidate/release/fr-persist-rdb-multidb-bench --mode bench --dbs 1 --entries-per-db 8192 --iters 500",
      "mean": 0.17223094914,
      "stddev": 0.005391865061313533,
      "median": 0.17242212794,
      "user": 0.16838936,
      "system": 0.0030409199999999995,
      "min": 0.16265873044,
      "max": 0.18425172744,
      "times": [
        0.16898641144,
        0.16919249244,
        0.17076136844,
        0.16370969644000002,
        0.18425172744,
        0.17852480044000002,
        0.17298045944,
        0.17389402244000002,
        0.16712000744000002,
        0.17505572644,
        0.17380924044,
        0.18324458544000002,
        0.17046145844000002,
        0.17264932944000003,
        0.16991576144,
        0.16896973644000002,
        0.17309470444000002,
        0.17314379744000002,
        0.17219492644,
        0.16265873044
      ],
      "exit_codes": [
        0,
        0,
        0,
        0,
        0,
        0,
        0,
        0,
        0,
        0,
        0,
        0,
        0,
        0,
        0,
        0,
        0,
        0,
        0,
        0
      ]
    }
  ]
}
