{"bytes_received": 5000000, "bytes_sent": 65889000, "clients": 50, "datasize": 3, "elapsed_seconds": 4.426837894017808, "keyspace": 10000, "mix": "alternate", "ops_per_sec": 225894.8766457761, "pipeline": 16, "requests": 1000000, "schema": "frankenredis_svgvb_setex_bench_v1"}
