{"bytes_received": 5000000, "bytes_sent": 64889000, "clients": 50, "datasize": 3, "elapsed_seconds": 4.4023866599891335, "keyspace": 10000, "mix": "alternate", "ops_per_sec": 227149.5162132052, "pipeline": 16, "requests": 1000000, "schema": "frankenredis_svgvb_setex_bench_v1"}
