{"bytes_received": 5000000, "bytes_sent": 64889000, "clients": 50, "datasize": 3, "elapsed_seconds": 4.333194890990853, "keyspace": 10000, "mix": "alternate", "ops_per_sec": 230776.6036739082, "pipeline": 16, "requests": 1000000, "schema": "frankenredis_svgvb_setex_bench_v1"}
