{
  "schema_version": "fr_bench_report/v1",
  "generated_at_ms": 1781033926543,
  "host": "127.0.0.1",
  "port": 6422,
  "workload": "set",
  "clients": 50,
  "requests": 1000000,
  "pipeline": 16,
  "keyspace": 10000,
  "datasize": 3,
  "read_percent": 50,
  "db": 0,
  "key_prefix": "teal107pb",
  "total_time_ms": 1713,
  "ops_per_sec": 583646.6722203683,
  "bytes_sent": 51339157,
  "bytes_received": 5000000,
  "latency_us": {
    "min": 41,
    "p50": 1062,
    "p95": 2065,
    "p99": 2945,
    "p999": 3907,
    "max": 6051,
    "mean": 1226.8851829999962,
    "samples": 1000000
  }
}