{
  "schema_version": "fr_bench_report/v1",
  "generated_at_ms": 1781033948444,
  "host": "127.0.0.1",
  "port": 6423,
  "workload": "set",
  "clients": 50,
  "requests": 1000000,
  "pipeline": 16,
  "keyspace": 10000,
  "datasize": 3,
  "read_percent": 50,
  "db": 0,
  "key_prefix": "teal107pc",
  "total_time_ms": 1712,
  "ops_per_sec": 583776.2957325716,
  "bytes_sent": 51339460,
  "bytes_received": 5000000,
  "latency_us": {
    "min": 44,
    "p50": 1107,
    "p95": 2517,
    "p99": 3921,
    "p999": 9023,
    "max": 89407,
    "mean": 1319.216312000001,
    "samples": 1000000
  }
}