{
  "schema_version": "fr_bench_report/v1",
  "generated_at_ms": 1781033991569,
  "host": "127.0.0.1",
  "port": 6425,
  "workload": "set",
  "clients": 50,
  "requests": 1000000,
  "pipeline": 16,
  "keyspace": 10000,
  "datasize": 3,
  "read_percent": 50,
  "db": 0,
  "key_prefix": "teal107rb",
  "total_time_ms": 1176,
  "ops_per_sec": 850188.8703927656,
  "bytes_sent": 51338623,
  "bytes_received": 5000000,
  "latency_us": {
    "min": 121,
    "p50": 882,
    "p95": 1252,
    "p99": 1578,
    "p999": 2551,
    "max": 3451,
    "mean": 926.09013,
    "samples": 1000000
  }
}