{
  "best_ms": 24.956579,
  "mean_ms": 27.962730549999996,
  "median_ms": 26.879551499999998,
  "mode": "bench",
  "port": 26932,
  "reply_sha256": "f6b290fa573ad6e831135900ee051f46ad8b76fd0cbcdf515b7d66b9d7c28ba4",
  "runs": 20,
  "stdev_ms": 3.612120161699299,
  "timings_ms": [
    26.568783,
    27.19032,
    27.569388,
    27.608882,
    27.248299,
    25.90258,
    25.923259,
    25.199088,
    24.956579,
    25.658969,
    25.172007,
    25.455414,
    26.100115,
    37.379248,
    26.341802,
    29.021598,
    34.710713,
    27.796297,
    27.830783,
    35.620487
  ],
  "warmups": 2
}
