{
  "best_ms": 21.031374,
  "mean_ms": 24.67908925,
  "median_ms": 24.4908015,
  "mode": "bench",
  "port": 26933,
  "reply_sha256": "f6b290fa573ad6e831135900ee051f46ad8b76fd0cbcdf515b7d66b9d7c28ba4",
  "runs": 20,
  "stdev_ms": 1.73641657302512,
  "timings_ms": [
    24.778472,
    25.704325,
    25.333603,
    24.303662,
    26.332345,
    23.965652,
    23.433254,
    26.001438,
    24.677941,
    29.856941,
    24.854816,
    23.228656,
    24.145552,
    25.807731,
    24.03838,
    23.765903,
    23.418956,
    21.031374,
    25.539803,
    23.362981
  ],
  "warmups": 2
}
