{
  "best_ms": 21.845336,
  "mean_ms": 27.46422845,
  "median_ms": 25.616248499999998,
  "mode": "bench",
  "port": 26933,
  "reply_sha256": "f6b290fa573ad6e831135900ee051f46ad8b76fd0cbcdf515b7d66b9d7c28ba4",
  "runs": 20,
  "stdev_ms": 5.800631863463854,
  "timings_ms": [
    24.80925,
    24.682009,
    23.40497,
    23.091857,
    23.360917,
    26.080828,
    22.186892,
    21.845336,
    29.356222,
    40.327923,
    29.83019,
    24.973992,
    32.298264,
    26.008782,
    28.565725,
    24.31842,
    27.794083,
    26.702676,
    44.422518,
    25.223715
  ],
  "warmups": 2
}
