{
  "best_ms": 36.731171,
  "mean_ms": 40.32396675,
  "median_ms": 40.5276225,
  "mode": "bench",
  "port": 26930,
  "reply_sha256": "f6b290fa573ad6e831135900ee051f46ad8b76fd0cbcdf515b7d66b9d7c28ba4",
  "runs": 20,
  "stdev_ms": 1.7721827820312996,
  "timings_ms": [
    42.91294,
    42.403997,
    41.21257,
    42.335176,
    42.898363,
    40.685532,
    39.249692,
    41.937493,
    37.84963,
    36.731171,
    41.191019,
    39.777611,
    38.273393,
    38.958531,
    38.497187,
    40.369713,
    38.904438,
    39.89279,
    41.011229,
    41.38686
  ],
  "warmups": 2
}
