{
  "best_ms": 29.713179,
  "mean_ms": 33.95849685,
  "median_ms": 33.611192,
  "mode": "bench",
  "port": 26931,
  "reply_sha256": "f6b290fa573ad6e831135900ee051f46ad8b76fd0cbcdf515b7d66b9d7c28ba4",
  "runs": 20,
  "stdev_ms": 2.6881811189448346,
  "timings_ms": [
    35.756826,
    31.908497,
    32.428061,
    33.2615,
    33.802214,
    35.51045,
    31.861989,
    36.044732,
    36.426004,
    37.234855,
    39.298554,
    33.42017,
    32.79202,
    36.399443,
    29.836883,
    31.458144,
    35.13077,
    36.584363,
    29.713179,
    30.301283
  ],
  "warmups": 2
}
