{
  "best_ms": 25.678846,
  "mean_ms": 32.1853458,
  "median_ms": 30.4700565,
  "mode": "bench",
  "port": 26932,
  "reply_sha256": "f6b290fa573ad6e831135900ee051f46ad8b76fd0cbcdf515b7d66b9d7c28ba4",
  "runs": 20,
  "stdev_ms": 4.350665222273482,
  "timings_ms": [
    25.678846,
    32.681369,
    29.197321,
    30.250355,
    27.824471,
    29.576519,
    35.023566,
    30.504186,
    30.435927,
    30.097436,
    40.596592,
    36.826261,
    41.73598,
    35.950352,
    31.092741,
    29.127799,
    34.427617,
    35.84933,
    30.021121,
    26.809127
  ],
  "warmups": 2
}
