{
  "results": [
    {
      "command": "MODE=parse FIELDS=16 VALUE_SIZE=64 ITERATIONS=200000 target-icywolf-ds9o7-baseline/release-perf/fr-protocol-parser-harness",
      "mean": 0.37172062716000004,
      "stddev": 0.010540404885199412,
      "median": 0.36791281436,
      "user": 0.36818441999999996,
      "system": 0.0020551799999999998,
      "min": 0.35871639986,
      "max": 0.38921684286,
      "times": [
        0.38921684286,
        0.37009052386,
        0.36220960686000003,
        0.37435712686,
        0.35871639986,
        0.36573510486,
        0.36541273386,
        0.38392415786,
        0.38356086986,
        0.36398290486
      ],
      "exit_codes": [
        0,
        0,
        0,
        0,
        0,
        0,
        0,
        0,
        0,
        0
      ]
    }
  ]
}
