{
  "results": [
    {
      "command": "MODE=owned-command FIELDS=16 VALUE_SIZE=64 ITERATIONS=200000 target-icywolf-ds9o7-harness3/release-perf/fr-ds9o7-parser-harness",
      "mean": 0.4243658397000001,
      "stddev": 0.029480239242507186,
      "median": 0.42558335430000005,
      "user": 0.42040306000000005,
      "system": 0.0016423399999999997,
      "min": 0.38081915980000003,
      "max": 0.4747375428,
      "times": [
        0.4747375428,
        0.4519263438,
        0.38081915980000003,
        0.4317530808,
        0.4349186968,
        0.4465136108,
        0.4194136278,
        0.39444387880000004,
        0.41614642780000005,
        0.3929860278
      ],
      "exit_codes": [
        0,
        0,
        0,
        0,
        0,
        0,
        0,
        0,
        0,
        0
      ]
    },
    {
      "command": "MODE=borrowed-command FIELDS=16 VALUE_SIZE=64 ITERATIONS=200000 target-icywolf-ds9o7-harness3/release-perf/fr-ds9o7-parser-harness",
      "mean": 0.14080762210000003,
      "stddev": 0.014462494376497175,
      "median": 0.1362075818,
      "user": 0.13850955999999998,
      "system": 0.001662746,
      "min": 0.1305753128,
      "max": 0.17982642580000002,
      "times": [
        0.1420017868,
        0.14560495280000002,
        0.1364143938,
        0.1352873088,
        0.17982642580000002,
        0.1315976488,
        0.1380602708,
        0.1305753128,
        0.1327073508,
        0.1360007698
      ],
      "exit_codes": [
        0,
        0,
        0,
        0,
        0,
        0,
        0,
        0,
        0,
        0
      ]
    }
  ]
}
