{
  "results": [
    {
      "command": "MODE=owned-command FIELDS=16 VALUE_SIZE=64 ITERATIONS=200000 target-icywolf-ds9o7-harness2/release-perf/fr-ds9o7-parser-harness",
      "mean": 0.40411760939999997,
      "stddev": 0.012448299979271703,
      "median": 0.4030908409,
      "user": 0.4004722799999999,
      "system": 0.0021863399999999997,
      "min": 0.3862936139,
      "max": 0.42869548290000004,
      "times": [
        0.42869548290000004,
        0.40343387090000005,
        0.3862936139,
        0.39485031190000003,
        0.4027478109,
        0.39815441090000003,
        0.4055281779,
        0.4052006979,
        0.4206584989,
        0.39561321790000004
      ],
      "exit_codes": [
        0,
        0,
        0,
        0,
        0,
        0,
        0,
        0,
        0,
        0
      ]
    },
    {
      "command": "MODE=borrowed-command FIELDS=16 VALUE_SIZE=64 ITERATIONS=200000 target-icywolf-ds9o7-harness2/release-perf/fr-ds9o7-parser-harness",
      "mean": 0.1240433112,
      "stddev": 0.005266906088409297,
      "median": 0.12441336690000002,
      "user": 0.12152258,
      "system": 0.00191704,
      "min": 0.1152830329,
      "max": 0.1303720639,
      "times": [
        0.1267336219,
        0.12209311190000001,
        0.1303720639,
        0.1293228769,
        0.12777215990000002,
        0.1196975839,
        0.1200554219,
        0.1152830329,
        0.1198217899,
        0.1292814489
      ],
      "exit_codes": [
        0,
        0,
        0,
        0,
        0,
        0,
        0,
        0,
        0,
        0
      ]
    }
  ]
}
