{
  "schema_version": "fr_bench_report/v1",
  "generated_at_ms": 1781059826661,
  "host": "127.0.0.1",
  "port": 26951,
  "workload": "set",
  "clients": 50,
  "requests": 3000000,
  "pipeline": 16,
  "keyspace": 10000,
  "datasize": 3,
  "read_percent": 50,
  "db": 0,
  "key_prefix": "zhphm-p109-profile",
  "total_time_ms": 3919,
  "ops_per_sec": 765358.2497888571,
  "bytes_sent": 182116832,
  "bytes_received": 15000000,
  "latency_us": {
    "min": 72,
    "p50": 950,
    "p95": 1519,
    "p99": 2113,
    "p999": 3431,
    "max": 30031,
    "mean": 1029.5199400000001,
    "samples": 3000000
  }
}