{
  "schema_version": "fr_bench_report/v1",
  "generated_at_ms": 1781061485384,
  "host": "127.0.0.1",
  "port": 26961,
  "workload": "set",
  "clients": 50,
  "requests": 1000000,
  "pipeline": 16,
  "keyspace": 10000,
  "datasize": 3,
  "read_percent": 50,
  "db": 0,
  "key_prefix": "zhphm-p110-pair-base",
  "total_time_ms": 999,
  "ops_per_sec": 1000133.3837888624,
  "bytes_sent": 62339588,
  "bytes_received": 5000000,
  "latency_us": {
    "min": 46,
    "p50": 732,
    "p95": 1080,
    "p99": 1465,
    "p999": 2709,
    "max": 3903,
    "mean": 786.0644089999982,
    "samples": 1000000
  }
}