{"bytes_received": 5000000, "bytes_sent": 62889000, "clients": 50, "datasize": 3, "elapsed_seconds": 4.531888821045868, "keyspace": 10000, "mix": "alternate", "ops_per_sec": 220658.5464665526, "pipeline": 16, "requests": 1000000, "schema": "frankenredis_svgvb_setex_bench_v1"}
