{"bytes_received": 5000000, "bytes_sent": 63888890, "clients": 50, "datasize": 3, "elapsed_seconds": 4.656998944003135, "keyspace": 1000000, "mix": "alternate", "ops_per_sec": 214730.56189710117, "pipeline": 16, "requests": 1000000, "schema": "frankenredis_svgvb_setex_bench_v1"}
