{
  "schema_version": "fr_bench_report/v1",
  "generated_at_ms": 1781033165989,
  "host": "127.0.0.1",
  "port": 6417,
  "workload": "set",
  "clients": 50,
  "requests": 1000000,
  "pipeline": 16,
  "keyspace": 10000,
  "datasize": 3,
  "read_percent": 50,
  "db": 0,
  "key_prefix": "teal107prof",
  "total_time_ms": 1184,
  "ops_per_sec": 844213.727286322,
  "bytes_sent": 53339216,
  "bytes_received": 5000000,
  "latency_us": {
    "min": 53,
    "p50": 872,
    "p95": 1306,
    "p99": 1772,
    "p999": 2895,
    "max": 4991,
    "mean": 932.1993030000003,
    "samples": 1000000
  }
}