{
  "schema_version": "fr_bench_report/v1",
  "generated_at_ms": 1781033144061,
  "host": "127.0.0.1",
  "port": 6416,
  "workload": "set",
  "clients": 50,
  "requests": 300000,
  "pipeline": 16,
  "keyspace": 10000,
  "datasize": 3,
  "read_percent": 50,
  "db": 0,
  "key_prefix": "teal107set",
  "total_time_ms": 381,
  "ops_per_sec": 787312.4969034016,
  "bytes_sent": 15516762,
  "bytes_received": 1500000,
  "latency_us": {
    "min": 52,
    "p50": 891,
    "p95": 1438,
    "p99": 1994,
    "p999": 3605,
    "max": 4359,
    "mean": 978.2873333333334,
    "samples": 300000
  }
}