{
  "schema_version": "fr_bench_report/v1",
  "generated_at_ms": 1781040477189,
  "host": "127.0.0.1",
  "port": 26930,
  "workload": "set",
  "clients": 50,
  "requests": 1000000,
  "pipeline": 16,
  "keyspace": 10000,
  "datasize": 3,
  "read_percent": 50,
  "db": 0,
  "key_prefix": "zhphm-p108-pair-base",
  "total_time_ms": 1273,
  "ops_per_sec": 785294.2679339042,
  "bytes_sent": 62339021,
  "bytes_received": 5000000,
  "latency_us": {
    "min": 43,
    "p50": 943,
    "p95": 1348,
    "p99": 1755,
    "p999": 3015,
    "max": 5187,
    "mean": 1003.3121650000013,
    "samples": 1000000
  }
}