{
  "schema_version": "fr_bench_report/v1",
  "generated_at_ms": 1781040488439,
  "host": "127.0.0.1",
  "port": 26931,
  "workload": "set",
  "clients": 50,
  "requests": 1000000,
  "pipeline": 16,
  "keyspace": 10000,
  "datasize": 3,
  "read_percent": 50,
  "db": 0,
  "key_prefix": "zhphm-p108-pair-cand",
  "total_time_ms": 985,
  "ops_per_sec": 1015149.3612045243,
  "bytes_sent": 62338556,
  "bytes_received": 5000000,
  "latency_us": {
    "min": 112,
    "p50": 730,
    "p95": 1042,
    "p99": 1419,
    "p999": 3413,
    "max": 4033,
    "mean": 774.0511780000022,
    "samples": 1000000
  }
}