{
  "schema_version": "fr_bench_report/v1",
  "generated_at_ms": 1781030224278,
  "host": "127.0.0.1",
  "port": 26742,
  "workload": "set",
  "clients": 50,
  "requests": 1000000,
  "pipeline": 16,
  "keyspace": 10000,
  "datasize": 3,
  "read_percent": 50,
  "db": 0,
  "key_prefix": "zhphm-strace",
  "total_time_ms": 1204,
  "ops_per_sec": 829911.1456212879,
  "bytes_sent": 54338917,
  "bytes_received": 5000000,
  "latency_us": {
    "min": 43,
    "p50": 888,
    "p95": 1331,
    "p99": 1721,
    "p999": 2469,
    "max": 3671,
    "mean": 947.1546050000015,
    "samples": 1000000
  }
}