{
  "schema_version": "fr_bench_report/v1",
  "generated_at_ms": 1781030179300,
  "host": "127.0.0.1",
  "port": 26741,
  "workload": "set",
  "clients": 50,
  "requests": 1000000,
  "pipeline": 16,
  "keyspace": 10000,
  "datasize": 3,
  "read_percent": 50,
  "db": 0,
  "key_prefix": "zhphm-profile",
  "total_time_ms": 1377,
  "ops_per_sec": 725973.0670569438,
  "bytes_sent": 55338743,
  "bytes_received": 5000000,
  "latency_us": {
    "min": 47,
    "p50": 965,
    "p95": 1845,
    "p99": 2959,
    "p999": 3955,
    "max": 11983,
    "mean": 1076.3961639999955,
    "samples": 1000000
  }
}