{
  "schema_version": "fr_bench_report/v1",
  "generated_at_ms": 1781368041319,
  "host": "127.0.0.1",
  "port": 6491,
  "workload": "hset",
  "clients": 50,
  "requests": 1000000,
  "pipeline": 16,
  "keyspace": 10000,
  "datasize": 3,
  "read_percent": 50,
  "db": 0,
  "key_prefix": "pass172-baseline-hset",
  "total_time_ms": 1248,
  "ops_per_sec": 800945.2826709267,
  "bytes_sent": 73339809,
  "bytes_received": 4000000,
  "latency_us": {
    "min": 167,
    "p50": 908,
    "p95": 1440,
    "p99": 1744,
    "p999": 2811,
    "max": 23711,
    "mean": 986.1366310000025,
    "samples": 1000000
  }
}