{
  "results": [
    {
      "command": "baseline",
      "mean": 1.3327985013114285,
      "stddev": 0.029662792631097654,
      "median": 1.3265718457400002,
      "user": 1.4773942885714286,
      "system": 1.9432858400000002,
      "min": 1.28392943274,
      "max": 1.3672172847400001,
      "times": [
        1.32524115374,
        1.31258450874,
        1.3672172847400001,
        1.3265718457400002,
        1.35325827674,
        1.36078700674,
        1.28392943274
      ],
      "exit_codes": [
        0,
        0,
        0,
        0,
        0,
        0,
        0
      ]
    }
  ]
}
