{
  "schema_version": "fr_bench_report/v1",
  "generated_at_ms": 1781367893564,
  "host": "127.0.0.1",
  "port": 6479,
  "workload": "get",
  "clients": 50,
  "requests": 300000,
  "pipeline": 16,
  "keyspace": 10000,
  "datasize": 3,
  "read_percent": 50,
  "db": 0,
  "key_prefix": "pass172-fr-get",
  "total_time_ms": 326,
  "ops_per_sec": 920131.1246967927,
  "bytes_sent": 13766829,
  "bytes_received": 2700000,
  "latency_us": {
    "min": 65,
    "p50": 798,
    "p95": 1155,
    "p99": 1301,
    "p999": 1411,
    "max": 2955,
    "mean": 849.6970433333342,
    "samples": 300000
  }
}