{
  "schema_version": "fr_bench_report/v1",
  "generated_at_ms": 1781367895653,
  "host": "127.0.0.1",
  "port": 6479,
  "workload": "hset",
  "clients": 50,
  "requests": 300000,
  "pipeline": 16,
  "keyspace": 10000,
  "datasize": 3,
  "read_percent": 50,
  "db": 0,
  "key_prefix": "pass172-fr-hset",
  "total_time_ms": 500,
  "ops_per_sec": 599439.474936897,
  "bytes_sent": 20016680,
  "bytes_received": 1200000,
  "latency_us": {
    "min": 71,
    "p50": 1153,
    "p95": 1816,
    "p99": 5291,
    "p999": 14671,
    "max": 14807,
    "mean": 1310.4053599999986,
    "samples": 300000
  }
}