{
  "schema_version": "fr_bench_report/v1",
  "generated_at_ms": 1781367893930,
  "host": "127.0.0.1",
  "port": 6479,
  "workload": "incr",
  "clients": 50,
  "requests": 300000,
  "pipeline": 16,
  "keyspace": 10000,
  "datasize": 3,
  "read_percent": 50,
  "db": 0,
  "key_prefix": "pass172-fr-incr",
  "total_time_ms": 362,
  "ops_per_sec": 827080.2892987902,
  "bytes_sent": 14666685,
  "bytes_received": 1410000,
  "latency_us": {
    "min": 79,
    "p50": 897,
    "p95": 1235,
    "p99": 1571,
    "p999": 5787,
    "max": 5799,
    "mean": 948.7119899999984,
    "samples": 300000
  }
}