{
  "results": [
    {
      "command": "baseline",
      "mean": 1.3693923866314286,
      "stddev": 0.05422362099735197,
      "median": 1.3901439160600002,
      "user": 1.516783217142857,
      "system": 2.0173641942857143,
      "min": 1.2812663130600002,
      "max": 1.43583604406,
      "times": [
        1.34016912806,
        1.40577659006,
        1.32864492406,
        1.2812663130600002,
        1.40390979106,
        1.43583604406,
        1.3901439160600002
      ],
      "exit_codes": [
        0,
        0,
        0,
        0,
        0,
        0,
        0
      ]
    },
    {
      "command": "candidate",
      "mean": 1.3745515179171428,
      "stddev": 0.06413555276501069,
      "median": 1.37084675506,
      "user": 1.49526736,
      "system": 1.9926449085714286,
      "min": 1.31894793606,
      "max": 1.50442537406,
      "times": [
        1.33707636106,
        1.37084675506,
        1.31894793606,
        1.3953806510600002,
        1.50442537406,
        1.37419644406,
        1.32098710406
      ],
      "exit_codes": [
        0,
        0,
        0,
        0,
        0,
        0,
        0
      ]
    }
  ]
}
