{
  "schema_version": "fr_bench_report/v1",
  "generated_at_ms": 1781368347465,
  "host": "127.0.0.1",
  "port": 6492,
  "workload": "hset",
  "clients": 50,
  "requests": 1000000,
  "pipeline": 16,
  "keyspace": 10000,
  "datasize": 3,
  "read_percent": 50,
  "db": 0,
  "key_prefix": "pass172-paired-baseline-hset",
  "total_time_ms": 1353,
  "ops_per_sec": 738888.5431054705,
  "bytes_sent": 80338784,
  "bytes_received": 4000000,
  "latency_us": {
    "min": 151,
    "p50": 1009,
    "p95": 1396,
    "p99": 2023,
    "p999": 3885,
    "max": 16591,
    "mean": 1069.1569670000015,
    "samples": 1000000
  }
}