{
  "schema_version": "fr_bench_report/v1",
  "generated_at_ms": 1781368358480,
  "host": "127.0.0.1",
  "port": 6493,
  "workload": "hset",
  "clients": 50,
  "requests": 1000000,
  "pipeline": 16,
  "keyspace": 10000,
  "datasize": 3,
  "read_percent": 50,
  "db": 0,
  "key_prefix": "pass172-paired-candidate-hset",
  "total_time_ms": 1285,
  "ops_per_sec": 777928.7831761742,
  "bytes_sent": 81338772,
  "bytes_received": 4000000,
  "latency_us": {
    "min": 100,
    "p50": 967,
    "p95": 1237,
    "p99": 1906,
    "p999": 2611,
    "max": 21407,
    "mean": 1016.0261949999996,
    "samples": 1000000
  }
}