{
  "schema_version": "fr_bench_report/v1",
  "generated_at_ms": 1781367897484,
  "host": "127.0.0.1",
  "port": 6480,
  "workload": "incr",
  "clients": 50,
  "requests": 300000,
  "pipeline": 16,
  "keyspace": 10000,
  "datasize": 3,
  "read_percent": 50,
  "db": 0,
  "key_prefix": "pass172-redis-incr",
  "total_time_ms": 312,
  "ops_per_sec": 960122.1736263497,
  "bytes_sent": 15566404,
  "bytes_received": 1410000,
  "latency_us": {
    "min": 61,
    "p50": 780,
    "p95": 1145,
    "p99": 1526,
    "p999": 1722,
    "max": 1985,
    "mean": 810.424573333333,
    "samples": 300000
  }
}