{
  "schema_version": "fr_bench_report/v1",
  "generated_at_ms": 1781367898760,
  "host": "127.0.0.1",
  "port": 6480,
  "workload": "lpop",
  "clients": 50,
  "requests": 300000,
  "pipeline": 16,
  "keyspace": 10000,
  "datasize": 3,
  "read_percent": 50,
  "db": 0,
  "key_prefix": "pass172-redis-lpop",
  "total_time_ms": 430,
  "ops_per_sec": 697119.9715307357,
  "bytes_sent": 14666768,
  "bytes_received": 2699752,
  "latency_us": {
    "min": 85,
    "p50": 1003,
    "p95": 1702,
    "p99": 2227,
    "p999": 3031,
    "max": 3409,
    "mean": 1125.4319700000008,
    "samples": 300000
  }
}