{
  "schema_version": "fr_bench_report/v1",
  "generated_at_ms": 1781367899101,
  "host": "127.0.0.1",
  "port": 6480,
  "workload": "hset",
  "clients": 50,
  "requests": 300000,
  "pipeline": 16,
  "keyspace": 10000,
  "datasize": 3,
  "read_percent": 50,
  "db": 0,
  "key_prefix": "pass172-redis-hset",
  "total_time_ms": 338,
  "ops_per_sec": 885435.7262855609,
  "bytes_sent": 20916745,
  "bytes_received": 1200000,
  "latency_us": {
    "min": 49,
    "p50": 820,
    "p95": 1243,
    "p99": 1645,
    "p999": 2103,
    "max": 2629,
    "mean": 879.0507799999991,
    "samples": 300000
  }
}