{
  "schema_version": "fr_bench_report/v1",
  "generated_at_ms": 1781367896787,
  "host": "127.0.0.1",
  "port": 6480,
  "workload": "set",
  "clients": 50,
  "requests": 300000,
  "pipeline": 16,
  "keyspace": 10000,
  "datasize": 3,
  "read_percent": 50,
  "db": 0,
  "key_prefix": "pass172-redis-set",
  "total_time_ms": 353,
  "ops_per_sec": 849577.3417858878,
  "bytes_sent": 17616634,
  "bytes_received": 1500000,
  "latency_us": {
    "min": 52,
    "p50": 835,
    "p95": 1379,
    "p99": 1729,
    "p999": 2437,
    "max": 3161,
    "mean": 915.5032599999996,
    "samples": 300000
  }
}