{
  "schema_version": "fr_bench_report/v1",
  "generated_at_ms": 1781143761465,
  "host": "127.0.0.1",
  "port": 6745,
  "workload": "get",
  "clients": 50,
  "requests": 1000000,
  "pipeline": 16,
  "keyspace": 10000,
  "datasize": 3,
  "read_percent": 50,
  "db": 0,
  "key_prefix": "ohsk5:p129:reversed:current",
  "total_time_ms": 561,
  "ops_per_sec": 1780946.4249926168,
  "bytes_sent": 58889022,
  "bytes_received": 9000000,
  "latency_us": {
    "min": 45,
    "p50": 417,
    "p95": 601,
    "p99": 780,
    "p999": 1137,
    "max": 2281,
    "mean": 437.04592000000093,
    "samples": 1000000
  }
}