{
  "schema_version": "fr_bench_report/v1",
  "generated_at_ms": 1781061494649,
  "host": "127.0.0.1",
  "port": 26962,
  "workload": "set",
  "clients": 50,
  "requests": 1000000,
  "pipeline": 16,
  "keyspace": 10000,
  "datasize": 3,
  "read_percent": 50,
  "db": 0,
  "key_prefix": "zhphm-p110-pair-cand",
  "total_time_ms": 911,
  "ops_per_sec": 1097471.950425032,
  "bytes_sent": 62338513,
  "bytes_received": 5000000,
  "latency_us": {
    "min": 60,
    "p50": 672,
    "p95": 993,
    "p99": 1264,
    "p999": 2309,
    "max": 3827,
    "mean": 714.8675109999984,
    "samples": 1000000
  }
}