{
  "results": [
    {
      "command": "target-coralox-47bzu-baseline/release/fr-47bzu-dump-harness --list-len 10000 --payload-size 16 --repeats 2000",
      "mean": 2.9736756209399995,
      "stddev": 0.03881006152516441,
      "median": 2.9786452826399996,
      "user": 2.9707215,
      "system": 0.00206636,
      "min": 2.90412380164,
      "max": 3.0337924946399997,
      "times": [
        3.0337924946399997,
        2.9977247926399997,
        3.0153388616399996,
        2.93058978464,
        2.9456509976399996,
        2.9823873276399997,
        2.9765631676399997,
        2.90412380164,
        2.98072739764,
        2.9698575836399996
      ],
      "exit_codes": [
        0,
        0,
        0,
        0,
        0,
        0,
        0,
        0,
        0,
        0
      ]
    }
  ]
}
