{
  "results": [
    {
      "command": "target-coralox-47bzu-candidate/release/fr-47bzu-list-dump-harness --list-len 10000 --payload-size 16 --repeats 500",
      "mean": 0.61571332698,
      "stddev": 0.018698934399514,
      "median": 0.6146909084800001,
      "user": 0.6133353666666667,
      "system": 0.002039573333333333,
      "min": 0.58981212298,
      "max": 0.65025039298,
      "times": [
        0.65025039298,
        0.61774723798,
        0.62119010498,
        0.61429014798,
        0.61461388198,
        0.61476793498,
        0.60799477898,
        0.58981212298,
        0.59883498798,
        0.61899628098,
        0.6478850499800001,
        0.59217700198
      ],
      "exit_codes": [
        0,
        0,
        0,
        0,
        0,
        0,
        0,
        0,
        0,
        0,
        0,
        0
      ]
    },
    {
      "command": "/data/projects/.scratch/frankenredis-coralox-47bzu-baseline/target-coralox-47bzu-baseline/release/fr-47bzu-list-dump-harness --list-len 10000 --payload-size 16 --repeats 500",
      "mean": 0.9143131711466665,
      "stddev": 0.10232380056790545,
      "median": 0.8870952694800001,
      "user": 0.9048517833333332,
      "system": 0.0029680733333333326,
      "min": 0.8278356129800001,
      "max": 1.13168641098,
      "times": [
        0.88434772798,
        0.86935360498,
        0.8898428109800001,
        0.8278356129800001,
        0.8923098729800001,
        0.89126564998,
        1.12547394098,
        1.13168641098,
        0.8456218629800001,
        0.89050313698,
        0.8777371219800001,
        0.84578029998
      ],
      "exit_codes": [
        0,
        0,
        0,
        0,
        0,
        0,
        0,
        0,
        0,
        0,
        0,
        0
      ]
    }
  ]
}
