{
  "results": [
    {
      "command": "/data/projects/.scratch/frankenredis-coralox-47bzu-baseline/target-coralox-47bzu-baseline/release/fr-47bzu-list-dump-harness --list-len 10000 --payload-size 16 --repeats 500",
      "mean": 0.8893610575766666,
      "stddev": 0.04707217843477302,
      "median": 0.89254114216,
      "user": 0.8839259500000001,
      "system": 0.003087833333333333,
      "min": 0.8115668396600001,
      "max": 0.9498463756600001,
      "times": [
        0.94974280066,
        0.86283060566,
        0.9336095886600001,
        0.91127514866,
        0.86652472266,
        0.89353534566,
        0.82386129866,
        0.9498463756600001,
        0.8115668396600001,
        0.92799081366,
        0.8500022126600001,
        0.89154693866
      ],
      "exit_codes": [
        0,
        0,
        0,
        0,
        0,
        0,
        0,
        0,
        0,
        0,
        0,
        0
      ]
    },
    {
      "command": "target-coralox-47bzu-candidate/release/fr-47bzu-list-dump-harness --list-len 10000 --payload-size 16 --repeats 500",
      "mean": 0.7673843072433334,
      "stddev": 0.048977285865440576,
      "median": 0.77187687266,
      "user": 0.7602457833333331,
      "system": 0.003333583333333334,
      "min": 0.64938930866,
      "max": 0.8539204366600001,
      "times": [
        0.7611895966600001,
        0.7805602636600001,
        0.7488824216600001,
        0.7841414736600001,
        0.8539204366600001,
        0.7929765856600001,
        0.79449822666,
        0.76319348166,
        0.7348028806600001,
        0.7440862086600001,
        0.8009708026600001,
        0.64938930866
      ],
      "exit_codes": [
        0,
        0,
        0,
        0,
        0,
        0,
        0,
        0,
        0,
        0,
        0,
        0
      ]
    }
  ]
}
