{
  "schema_version": "fr_bench_report/v1",
  "generated_at_ms": 1781070921546,
  "host": "127.0.0.1",
  "port": 6625,
  "workload": "set",
  "clients": 50,
  "requests": 1000000,
  "pipeline": 16,
  "keyspace": 10000,
  "datasize": 3,
  "read_percent": 50,
  "db": 0,
  "key_prefix": "p119-rev-base",
  "total_time_ms": 626,
  "ops_per_sec": 1595556.9126582604,
  "bytes_sent": 55338840,
  "bytes_received": 5000000,
  "latency_us": {
    "min": 47,
    "p50": 443,
    "p95": 767,
    "p99": 1203,
    "p999": 2169,
    "max": 2695,
    "mean": 489.1518350000006,
    "samples": 1000000
  }
}