{
  "schema_version": "fr_bench_report/v1",
  "generated_at_ms": 1781070916075,
  "host": "127.0.0.1",
  "port": 6624,
  "workload": "set",
  "clients": 50,
  "requests": 1000000,
  "pipeline": 16,
  "keyspace": 10000,
  "datasize": 3,
  "read_percent": 50,
  "db": 0,
  "key_prefix": "p119-rev-cand",
  "total_time_ms": 530,
  "ops_per_sec": 1883670.8796516778,
  "bytes_sent": 55339100,
  "bytes_received": 5000000,
  "latency_us": {
    "min": 48,
    "p50": 390,
    "p95": 572,
    "p99": 855,
    "p999": 1354,
    "max": 1831,
    "mean": 411.03640199999984,
    "samples": 1000000
  }
}