{
  "schema_version": "fr_bench_report/v1",
  "generated_at_ms": 1781141333176,
  "host": "127.0.0.1",
  "port": 6724,
  "workload": "set",
  "clients": 50,
  "requests": 1000000,
  "pipeline": 16,
  "keyspace": 10000,
  "datasize": 3,
  "read_percent": 50,
  "db": 0,
  "key_prefix": "ohsk5:p127:reversed:candidate",
  "total_time_ms": 709,
  "ops_per_sec": 1409381.6643360732,
  "bytes_sent": 71339103,
  "bytes_received": 5000000,
  "latency_us": {
    "min": 49,
    "p50": 530,
    "p95": 794,
    "p99": 1043,
    "p999": 2103,
    "max": 2689,
    "mean": 553.6794379999999,
    "samples": 1000000
  }
}