{
  "schema_version": "fr_bench_report/v1",
  "generated_at_ms": 1781141343571,
  "host": "127.0.0.1",
  "port": 6725,
  "workload": "set",
  "clients": 50,
  "requests": 1000000,
  "pipeline": 16,
  "keyspace": 10000,
  "datasize": 3,
  "read_percent": 50,
  "db": 0,
  "key_prefix": "ohsk5:p127:reversed:current",
  "total_time_ms": 699,
  "ops_per_sec": 1428741.189558513,
  "bytes_sent": 69339293,
  "bytes_received": 5000000,
  "latency_us": {
    "min": 58,
    "p50": 498,
    "p95": 847,
    "p99": 1250,
    "p999": 2259,
    "max": 3103,
    "mean": 545.4991550000003,
    "samples": 1000000
  }
}