{
  "results": [
    {
      "command": "OUT=artifacts/optimization/frankenredis-ohsk5/pass127/benchmark/reversed/candidate-run SERVER=/tmp/rch_target_fr_ohsk5_p127_candidate/release-perf/frankenredis BENCH=/tmp/rch_target_fr_ohsk5_p127_candidate/release-perf/fr-bench PORT=6724 WORKLOAD=set REQUESTS=1000000 JSON_OUT=artifacts/optimization/frankenredis-ohsk5/pass127/benchmark/reversed/candidate-set-p16-c50-1m-last.json KEY_PREFIX=ohsk5:p127:reversed:candidate artifacts/optimization/frankenredis-zhphm/pass1/run_fr_bench_once.sh",
      "mean": 0.89840877046,
      "stddev": 0.08393621218843701,
      "median": 0.8877237631600001,
      "user": 1.3323384200000001,
      "system": 2.4299743799999995,
      "min": 0.78661413966,
      "max": 1.05198611066,
      "times": [
        1.05198611066,
        0.91508741366,
        0.9039939046600001,
        0.9757844736600001,
        0.9702898526600001,
        0.8612534246600001,
        0.8714536216600001,
        0.78661413966,
        0.86003356366,
        0.78759119966
      ],
      "exit_codes": [
        0,
        0,
        0,
        0,
        0,
        0,
        0,
        0,
        0,
        0
      ]
    },
    {
      "command": "OUT=artifacts/optimization/frankenredis-ohsk5/pass127/benchmark/reversed/current-run SERVER=/tmp/rch_target_fr_ohsk5_p127_current/release-perf/frankenredis BENCH=/tmp/rch_target_fr_ohsk5_p127_current/release-perf/fr-bench PORT=6725 WORKLOAD=set REQUESTS=1000000 JSON_OUT=artifacts/optimization/frankenredis-ohsk5/pass127/benchmark/reversed/current-set-p16-c50-1m-last.json KEY_PREFIX=ohsk5:p127:reversed:current artifacts/optimization/frankenredis-zhphm/pass1/run_fr_bench_once.sh",
      "mean": 0.8231188219600002,
      "stddev": 0.045206407232149,
      "median": 0.82571080316,
      "user": 1.3421963199999998,
      "system": 2.48111778,
      "min": 0.76246437166,
      "max": 0.91421622166,
      "times": [
        0.91421622166,
        0.84351124866,
        0.8327572936600001,
        0.85746364366,
        0.81903781966,
        0.7798360856600001,
        0.8308204546600001,
        0.82060115166,
        0.76246437166,
        0.77047992866
      ],
      "exit_codes": [
        0,
        0,
        0,
        0,
        0,
        0,
        0,
        0,
        0,
        0
      ]
    }
  ]
}
