{
  "results": [
    {
      "command": "OUT=artifacts/optimization/frankenredis-ohsk5/pass123/candidate/paired-baseline SERVER=/tmp/rch_target_fr_ohsk5_p123_current/release-perf/frankenredis BENCH=/tmp/rch_target_fr_ohsk5_p123_current/release-perf/fr-bench PORT=6663 WORKLOAD=get REQUESTS=1000000 JSON_OUT=artifacts/optimization/frankenredis-ohsk5/pass123/candidate/paired-baseline-last.json KEY_PREFIX=ohsk5:p123:paired:baseline artifacts/optimization/frankenredis-zhphm/pass1/run_fr_bench_once.sh",
      "mean": 0.9402152337828573,
      "stddev": 0.03924638980638439,
      "median": 0.9467531446400002,
      "user": 1.351382217142857,
      "system": 2.512106097142857,
      "min": 0.8537206906400001,
      "max": 0.9675996846400001,
      "times": [
        0.9465365436400001,
        0.9452341976400002,
        0.9675996846400001,
        0.9659562336400002,
        0.9557061416400001,
        0.9467531446400002,
        0.8537206906400001
      ],
      "exit_codes": [
        0,
        0,
        0,
        0,
        0,
        0,
        0
      ]
    },
    {
      "command": "OUT=artifacts/optimization/frankenredis-ohsk5/pass123/candidate/paired-candidate SERVER=/tmp/rch_target_fr_ohsk5_p123_candidate/release-perf/frankenredis BENCH=/tmp/rch_target_fr_ohsk5_p123_candidate/release-perf/fr-bench PORT=6664 WORKLOAD=get REQUESTS=1000000 JSON_OUT=artifacts/optimization/frankenredis-ohsk5/pass123/candidate/paired-candidate-last.json KEY_PREFIX=ohsk5:p123:paired:candidate artifacts/optimization/frankenredis-zhphm/pass1/run_fr_bench_once.sh",
      "mean": 0.9745258666400002,
      "stddev": 0.051757922847072924,
      "median": 0.9698282886400001,
      "user": 1.3378549314285715,
      "system": 2.5697862399999996,
      "min": 0.9230317436400001,
      "max": 1.06566947764,
      "times": [
        1.06566947764,
        1.01496278364,
        0.9231254706400002,
        0.9230317436400001,
        0.9462903716400001,
        0.9698282886400001,
        0.9787729306400001
      ],
      "exit_codes": [
        0,
        0,
        0,
        0,
        0,
        0,
        0
      ]
    }
  ]
}
