{
  "schema_version": "fr_bench_report/v1",
  "generated_at_ms": 1781115908752,
  "host": "127.0.0.1",
  "port": 6663,
  "workload": "get",
  "clients": 50,
  "requests": 1000000,
  "pipeline": 16,
  "keyspace": 10000,
  "datasize": 3,
  "read_percent": 50,
  "db": 0,
  "key_prefix": "ohsk5:p123:paired:baseline",
  "total_time_ms": 816,
  "ops_per_sec": 1224758.552936012,
  "bytes_sent": 57888620,
  "bytes_received": 9000000,
  "latency_us": {
    "min": 45,
    "p50": 580,
    "p95": 973,
    "p99": 1992,
    "p999": 3027,
    "max": 12895,
    "mean": 637.7636460000022,
    "samples": 1000000
  }
}