{
  "schema_version": "fr_bench_report/v1",
  "generated_at_ms": 1781115939006,
  "host": "127.0.0.1",
  "port": 6666,
  "workload": "get",
  "clients": 50,
  "requests": 1000000,
  "pipeline": 16,
  "keyspace": 10000,
  "datasize": 3,
  "read_percent": 50,
  "db": 0,
  "key_prefix": "ohsk5:p123:reversed:baseline",
  "total_time_ms": 909,
  "ops_per_sec": 1099371.3410990997,
  "bytes_sent": 59889429,
  "bytes_received": 9000000,
  "latency_us": {
    "min": 57,
    "p50": 678,
    "p95": 1084,
    "p99": 1308,
    "p999": 1778,
    "max": 2237,
    "mean": 713.7279479999996,
    "samples": 1000000
  }
}