{
  "schema_version": "fr_bench_report/v1",
  "generated_at_ms": 1781115932591,
  "host": "127.0.0.1",
  "port": 6665,
  "workload": "get",
  "clients": 50,
  "requests": 1000000,
  "pipeline": 16,
  "keyspace": 10000,
  "datasize": 3,
  "read_percent": 50,
  "db": 0,
  "key_prefix": "ohsk5:p123:reversed:candidate",
  "total_time_ms": 828,
  "ops_per_sec": 1206465.866083184,
  "bytes_sent": 60888426,
  "bytes_received": 9000000,
  "latency_us": {
    "min": 57,
    "p50": 630,
    "p95": 933,
    "p99": 1137,
    "p999": 1561,
    "max": 2317,
    "mean": 649.2218629999993,
    "samples": 1000000
  }
}