{
  "schema_version": "fr_bench_report/v1",
  "generated_at_ms": 1781066961861,
  "host": "127.0.0.1",
  "port": 27040,
  "workload": "set",
  "clients": 50,
  "requests": 1000000,
  "pipeline": 16,
  "keyspace": 10000,
  "datasize": 3,
  "read_percent": 50,
  "db": 0,
  "key_prefix": "ohsk5-p115-base",
  "total_time_ms": 661,
  "ops_per_sec": 1510844.3588484637,
  "bytes_sent": 57339563,
  "bytes_received": 5000000,
  "latency_us": {
    "min": 43,
    "p50": 463,
    "p95": 846,
    "p99": 1311,
    "p999": 2381,
    "max": 3469,
    "mean": 515.9871979999991,
    "samples": 1000000
  }
}