{
  "schema_version": "fr_bench_report/v1",
  "generated_at_ms": 1781067125224,
  "host": "127.0.0.1",
  "port": 27044,
  "workload": "set",
  "clients": 50,
  "requests": 1000000,
  "pipeline": 16,
  "keyspace": 10000,
  "datasize": 3,
  "read_percent": 50,
  "db": 0,
  "key_prefix": "ohsk5-p115-paired-base",
  "total_time_ms": 649,
  "ops_per_sec": 1539484.3481780933,
  "bytes_sent": 64339289,
  "bytes_received": 5000000,
  "latency_us": {
    "min": 49,
    "p50": 454,
    "p95": 793,
    "p99": 1076,
    "p999": 2171,
    "max": 3443,
    "mean": 505.273591000001,
    "samples": 1000000
  }
}