{
  "schema_version": "fr_bench_report/v1",
  "generated_at_ms": 1781067135859,
  "host": "127.0.0.1",
  "port": 27045,
  "workload": "set",
  "clients": 50,
  "requests": 1000000,
  "pipeline": 16,
  "keyspace": 10000,
  "datasize": 3,
  "read_percent": 50,
  "db": 0,
  "key_prefix": "ohsk5-p115-paired-cand",
  "total_time_ms": 784,
  "ops_per_sec": 1274443.8993038987,
  "bytes_sent": 64339088,
  "bytes_received": 5000000,
  "latency_us": {
    "min": 40,
    "p50": 578,
    "p95": 940,
    "p99": 1545,
    "p999": 2879,
    "max": 3815,
    "mean": 613.4175040000008,
    "samples": 1000000
  }
}