{
  "schema_version": "fr_bench_report/v1",
  "generated_at_ms": 1781032329928,
  "host": "127.0.0.1",
  "port": 6397,
  "workload": "set",
  "clients": 50,
  "requests": 300000,
  "pipeline": 16,
  "keyspace": 10000,
  "datasize": 3,
  "read_percent": 50,
  "db": 0,
  "key_prefix": "pass106smallcand",
  "total_time_ms": 374,
  "ops_per_sec": 800012.254054366,
  "bytes_sent": 17316769,
  "bytes_received": 1500000,
  "latency_us": {
    "min": 51,
    "p50": 932,
    "p95": 1276,
    "p99": 1654,
    "p999": 2161,
    "max": 3201,
    "mean": 971.5626466666673,
    "samples": 300000
  }
}