{
  "schema_version": "fr_bench_report/v1",
  "generated_at_ms": 1781032345141,
  "host": "127.0.0.1",
  "port": 6397,
  "workload": "set",
  "clients": 50,
  "requests": 300000,
  "pipeline": 16,
  "keyspace": 10000,
  "datasize": 3,
  "read_percent": 50,
  "db": 0,
  "key_prefix": "pass106smallcand2",
  "total_time_ms": 343,
  "ops_per_sec": 872374.33608351,
  "bytes_sent": 17616594,
  "bytes_received": 1500000,
  "latency_us": {
    "min": 47,
    "p50": 855,
    "p95": 1212,
    "p99": 1443,
    "p999": 2040,
    "max": 3059,
    "mean": 889.2200799999993,
    "samples": 300000
  }
}