{
  "results": [
    {
      "command": "baseline",
      "mean": 3.83103676628,
      "stddev": 0.10695485428063696,
      "median": 3.80572508328,
      "user": 3.79653794,
      "system": 5.412254534285714,
      "min": 3.69805172328,
      "max": 3.97544337528,
      "times": [
        3.79766245128,
        3.97544337528,
        3.71639443628,
        3.69805172328,
        3.94434339228,
        3.87963690228,
        3.80572508328
      ],
      "exit_codes": [
        0,
        0,
        0,
        0,
        0,
        0,
        0
      ]
    }
  ]
}
