{
  "results": [
    {
      "command": "baseline",
      "mean": 3.3181927112199996,
      "stddev": 0.12379197319359943,
      "median": 3.25211910722,
      "user": 3.7258263142857144,
      "system": 5.31808318,
      "min": 3.19115367722,
      "max": 3.5154333422199997,
      "times": [
        3.5154333422199997,
        3.25211910722,
        3.43633645922,
        3.22799920222,
        3.19115367722,
        3.2316876772199996,
        3.3726195132199996
      ],
      "exit_codes": [
        0,
        0,
        0,
        0,
        0,
        0,
        0
      ]
    },
    {
      "command": "candidate",
      "mean": 3.0602741486485714,
      "stddev": 0.10125465683294443,
      "median": 3.0803576752199997,
      "user": 3.5507530285714286,
      "system": 5.092588322857142,
      "min": 2.9280517972199998,
      "max": 3.2126743322199998,
      "times": [
        3.11851875122,
        2.9280517972199998,
        3.0803576752199997,
        2.9345819292199997,
        3.0533416242199998,
        3.09439293122,
        3.2126743322199998
      ],
      "exit_codes": [
        0,
        0,
        0,
        0,
        0,
        0,
        0
      ]
    }
  ]
}
