{
  "results": [
    {
      "command": "baseline",
      "mean": 9.58852987358,
      "stddev": 0.23008825118525889,
      "median": 9.68248427978,
      "user": 11.21027294,
      "system": 15.391304780000002,
      "min": 9.23942937678,
      "max": 9.77504655978,
      "times": [
        9.68248427978,
        9.47465490978,
        9.23942937678,
        9.77103424178,
        9.77504655978
      ],
      "exit_codes": [
        0,
        0,
        0,
        0,
        0
      ]
    },
    {
      "command": "candidate",
      "mean": 9.90405633458,
      "stddev": 0.6722255306564718,
      "median": 10.16635505278,
      "user": 11.511868339999998,
      "system": 15.294439180000001,
      "min": 9.031615843780001,
      "max": 10.52998564478,
      "times": [
        9.031615843780001,
        9.35501401678,
        10.52998564478,
        10.43731111478,
        10.16635505278
      ],
      "exit_codes": [
        0,
        0,
        0,
        0,
        0
      ]
    }
  ]
}
