{
  "schema_version": "fr_bench_report/v1",
  "generated_at_ms": 1781376214538,
  "host": "127.0.0.1",
  "port": 6495,
  "workload": "hset",
  "clients": 50,
  "requests": 3000000,
  "pipeline": 16,
  "keyspace": 10000,
  "datasize": 3,
  "read_percent": 50,
  "db": 0,
  "key_prefix": "pass178-batch-candidate",
  "total_time_ms": 3153,
  "ops_per_sec": 951439.9248334296,
  "bytes_sent": 227116826,
  "bytes_received": 12000000,
  "latency_us": {
    "min": 141,
    "p50": 792,
    "p95": 1069,
    "p99": 1441,
    "p999": 2275,
    "max": 19135,
    "mean": 831.3800730000003,
    "samples": 3000000
  }
}