{
  "results": [
    {
      "command": "python3 artifacts/optimization/frankenredis-svgvb/run_setex_bench_once.py --server-bin /tmp/codex-fr-0y3h0-baseline-target/release-perf/frankenredis --port 26661 --requests 1000000 --clients 50 --pipeline 16 --keyspace 10000 --datasize 3 --mix alternate --key-prefix fr0y3h0-base --json-out artifacts/optimization/frankenredis-0y3h0/baseline/last-setex-p16-1m.json",
      "mean": 4.535939332380001,
      "stddev": 0.01958940350572509,
      "median": 4.53792450918,
      "user": 7.0233564799999995,
      "system": 5.560658039999999,
      "min": 4.51667663818,
      "max": 4.56449470018,
      "times": [
        4.51844750418,
        4.54215331018,
        4.53792450918,
        4.56449470018,
        4.51667663818
      ],
      "exit_codes": [
        0,
        0,
        0,
        0,
        0
      ]
    }
  ]
}
