{
  "results": [
    {
      "command": "python3 artifacts/optimization/frankenredis-svgvb/run_setex_bench_once.py --server-bin /tmp/codex-fr-0y3h0-candidate-target/release-perf/frankenredis --port 26666 --requests 1000000 --clients 50 --pipeline 16 --keyspace 10000 --datasize 3 --mix alternate --key-prefix fr0y3h0-cand-rev --json-out artifacts/optimization/frankenredis-0y3h0/candidate/last-reversed-setex-p16-1m.json",
      "mean": 4.524100517720001,
      "stddev": 0.10714466010496107,
      "median": 4.50128850812,
      "user": 6.717220219999999,
      "system": 5.5119735599999995,
      "min": 4.38557031912,
      "max": 4.66822763912,
      "times": [
        4.38557031912,
        4.48128772312,
        4.66822763912,
        4.58412839912,
        4.50128850812
      ],
      "exit_codes": [
        0,
        0,
        0,
        0,
        0
      ]
    },
    {
      "command": "python3 artifacts/optimization/frankenredis-svgvb/run_setex_bench_once.py --server-bin /tmp/codex-fr-0y3h0-baseline-target/release-perf/frankenredis --port 26667 --requests 1000000 --clients 50 --pipeline 16 --keyspace 10000 --datasize 3 --mix alternate --key-prefix fr0y3h0-base-rev --json-out artifacts/optimization/frankenredis-0y3h0/baseline/last-reversed-setex-p16-1m.json",
      "mean": 4.46455483972,
      "stddev": 0.03957630229448363,
      "median": 4.48494261112,
      "user": 6.95416762,
      "system": 5.50080996,
      "min": 4.41981416512,
      "max": 4.49776740012,
      "times": [
        4.49690424912,
        4.41981416512,
        4.48494261112,
        4.49776740012,
        4.42334577312
      ],
      "exit_codes": [
        0,
        0,
        0,
        0,
        0
      ]
    }
  ]
}
