{
  "schema_version": "fr_bench_report/v1",
  "generated_at_ms": 1781356192596,
  "host": "127.0.0.1",
  "port": 25258,
  "workload": "lpush",
  "clients": 50,
  "requests": 1000000,
  "pipeline": 16,
  "keyspace": 100000,
  "datasize": 3,
  "read_percent": 50,
  "db": 0,
  "key_prefix": "yjedr:pair2cand",
  "total_time_ms": 1393,
  "ops_per_sec": 717379.3682312078,
  "bytes_sent": 58339317,
  "bytes_received": 5007111,
  "latency_us": {
    "min": 85,
    "p50": 1028,
    "p95": 1072,
    "p99": 7031,
    "p999": 8119,
    "max": 8223,
    "mean": 1102.876708000001,
    "samples": 1000000
  }
}