{
  "results": [
    {
      "command": "candidate",
      "mean": 1.4008140629714287,
      "stddev": 0.06595893384615781,
      "median": 1.3963467364,
      "user": 0.7404576599999999,
      "system": 1.1998939742857142,
      "min": 1.2740937394,
      "max": 1.4733578814,
      "times": [
        1.2740937394,
        1.3773939834,
        1.4571997344,
        1.4733578814,
        1.4324328614,
        1.3948735044,
        1.3963467364
      ],
      "exit_codes": [
        0,
        0,
        0,
        0,
        0,
        0,
        0
      ]
    },
    {
      "command": "baseline",
      "mean": 1.4616864789714286,
      "stddev": 0.14700578677590917,
      "median": 1.3918313334,
      "user": 0.7213882314285713,
      "system": 1.15045926,
      "min": 1.2440107574,
      "max": 1.6449426364,
      "times": [
        1.3918313334,
        1.3867747254,
        1.2440107574,
        1.3865005464,
        1.5989119634,
        1.6449426364,
        1.5788333904
      ],
      "exit_codes": [
        0,
        0,
        0,
        0,
        0,
        0,
        0
      ]
    }
  ]
}
