{"bytes_received": 5000000, "bytes_sent": 67889000, "clients": 50, "datasize": 3, "elapsed_seconds": 4.470078421989456, "keyspace": 10000, "mix": "alternate", "ops_per_sec": 223709.72175359272, "pipeline": 16, "requests": 1000000, "schema": "frankenredis_svgvb_setex_bench_v1"}
