{
  "results": [
    {
      "command": "baseline",
      "mean": 4.553121303605715,
      "stddev": 0.04160120486869498,
      "median": 4.56675449032,
      "user": 6.791674354285713,
      "system": 5.645545082857143,
      "min": 4.49055775932,
      "max": 4.61294026632,
      "times": [
        4.56868599532,
        4.55824630532,
        4.56846471432,
        4.61294026632,
        4.49055775932,
        4.50619959432,
        4.56675449032
      ],
      "exit_codes": [
        0,
        0,
        0,
        0,
        0,
        0,
        0
      ]
    }
  ]
}
