{"bytes_received": 5000000, "bytes_sent": 74889000, "clients": 50, "datasize": 3, "elapsed_seconds": 4.357292260974646, "keyspace": 10000, "mix": "alternate", "ops_per_sec": 229500.32729186694, "pipeline": 16, "requests": 1000000, "schema": "frankenredis_svgvb_setex_bench_v1"}
