{
  "results": [
    {
      "command": "baseline",
      "mean": 4.470996217114285,
      "stddev": 0.041711164604636176,
      "median": 4.4567757324,
      "user": 6.822622254285714,
      "system": 5.472486317142857,
      "min": 4.433990383399999,
      "max": 4.5531877964,
      "times": [
        4.5531877964,
        4.4955270724,
        4.4500932234,
        4.469107086399999,
        4.4382922254,
        4.4567757324,
        4.433990383399999
      ],
      "exit_codes": [
        0,
        0,
        0,
        0,
        0,
        0,
        0
      ]
    },
    {
      "command": "candidate",
      "mean": 4.488928137542857,
      "stddev": 0.037870852287557565,
      "median": 4.4842373204,
      "user": 6.642797254285716,
      "system": 5.556960602857143,
      "min": 4.4513439784,
      "max": 4.5526580573999995,
      "times": [
        4.4879266293999995,
        4.4842373204,
        4.4579299273999995,
        4.4618613454,
        4.526539704399999,
        4.5526580573999995,
        4.4513439784
      ],
      "exit_codes": [
        0,
        0,
        0,
        0,
        0,
        0,
        0
      ]
    }
  ]
}
