{"bytes_received": 5000000, "bytes_sent": 74889000, "clients": 50, "datasize": 3, "elapsed_seconds": 4.3584964600158855, "keyspace": 10000, "mix": "alternate", "ops_per_sec": 229436.9191701386, "pipeline": 16, "requests": 1000000, "schema": "frankenredis_svgvb_setex_bench_v1"}
