{
  "schema_version": "fr_bench_report/v1",
  "generated_at_ms": 1780978075865,
  "host": "127.0.0.1",
  "port": 49342,
  "workload": "get",
  "clients": 50,
  "requests": 1000000,
  "pipeline": 16,
  "keyspace": 10000,
  "datasize": 3,
  "read_percent": 50,
  "db": 0,
  "key_prefix": "om-pass94-get",
  "total_time_ms": 1406,
  "ops_per_sec": 711203.538996603,
  "bytes_sent": 44889139,
  "bytes_received": 9000000,
  "latency_us": {
    "min": 50,
    "p50": 1053,
    "p95": 1514,
    "p99": 1821,
    "p999": 2231,
    "max": 2967,
    "mean": 1109.6434519999964,
    "samples": 1000000
  }
}