{
  "schema_version": "fr_bench_report/v1",
  "generated_at_ms": 1780978078296,
  "host": "127.0.0.1",
  "port": 49343,
  "workload": "hset",
  "clients": 50,
  "requests": 1000000,
  "pipeline": 16,
  "keyspace": 10000,
  "datasize": 3,
  "read_percent": 50,
  "db": 0,
  "key_prefix": "om-pass94-hset",
  "total_time_ms": 1623,
  "ops_per_sec": 615979.9715886259,
  "bytes_sent": 66339184,
  "bytes_received": 4000000,
  "latency_us": {
    "min": 78,
    "p50": 1205,
    "p95": 1861,
    "p99": 2467,
    "p999": 3501,
    "max": 5267,
    "mean": 1281.0890150000007,
    "samples": 1000000
  }
}