{
  "schema_version": "fr_bench_report/v1",
  "generated_at_ms": 1780978073752,
  "host": "127.0.0.1",
  "port": 49341,
  "workload": "set",
  "clients": 50,
  "requests": 1000000,
  "pipeline": 16,
  "keyspace": 10000,
  "datasize": 3,
  "read_percent": 50,
  "db": 0,
  "key_prefix": "om-pass94-set",
  "total_time_ms": 1540,
  "ops_per_sec": 648953.6549020524,
  "bytes_sent": 55338838,
  "bytes_received": 5000000,
  "latency_us": {
    "min": 72,
    "p50": 1127,
    "p95": 1711,
    "p99": 2229,
    "p999": 3013,
    "max": 3969,
    "mean": 1217.3624209999984,
    "samples": 1000000
  }
}