{
  "schema_version": "fr_bench_report/v1",
  "generated_at_ms": 1780986573853,
  "host": "127.0.0.1",
  "port": 49740,
  "workload": "set",
  "clients": 50,
  "requests": 300000,
  "pipeline": 16,
  "keyspace": 10000,
  "datasize": 3,
  "read_percent": 50,
  "db": 0,
  "key_prefix": "om-pass100-stream-base",
  "total_time_ms": 491,
  "ops_per_sec": 610777.5771262592,
  "bytes_sent": 19116906,
  "bytes_received": 1500000,
  "latency_us": {
    "min": 87,
    "p50": 1202,
    "p95": 1680,
    "p99": 2261,
    "p999": 3373,
    "max": 5011,
    "mean": 1274.513013333332,
    "samples": 300000
  }
}