{
  "results": [
    {
      "command": "baseline",
      "mean": 0.6845226818,
      "stddev": 0.05962397191894168,
      "median": 0.7068223003,
      "user": 0.589448475,
      "system": 0.67418596,
      "min": 0.5427010273,
      "max": 0.7294097373,
      "times": [
        0.6696048393,
        0.7102476273,
        0.7080735473,
        0.7025000753,
        0.7071432333000001,
        0.7065013673,
        0.7294097373,
        0.5427010273
      ],
      "exit_codes": [
        0,
        0,
        0,
        0,
        0,
        0,
        0,
        0
      ]
    }
  ]
}
