{
  "results": [
    {
      "command": "baseline",
      "mean": 0.521057115895,
      "stddev": 0.028036587629830214,
      "median": 0.51559523602,
      "user": 0.5108838800000001,
      "system": 0.6361076149999998,
      "min": 0.47960392452,
      "max": 0.56663504352,
      "times": [
        0.5221623405200001,
        0.55325164252,
        0.52692372352,
        0.5046662055200001,
        0.56663504352,
        0.50618591552,
        0.50902813152,
        0.47960392452
      ],
      "exit_codes": [
        0,
        0,
        0,
        0,
        0,
        0,
        0,
        0
      ]
    },
    {
      "command": "candidate",
      "mean": 0.4970074648950001,
      "stddev": 0.012653255791844233,
      "median": 0.49010988702,
      "user": 0.479158255,
      "system": 0.63096024,
      "min": 0.48372437152000003,
      "max": 0.52071342352,
      "times": [
        0.49009258952,
        0.48907051252,
        0.48978616852,
        0.5066817545200001,
        0.52071342352,
        0.48372437152000003,
        0.50586371452,
        0.49012718452
      ],
      "exit_codes": [
        0,
        0,
        0,
        0,
        0,
        0,
        0,
        0
      ]
    }
  ]
}
