{
  "schema_version": "fr_bench_report/v1",
  "generated_at_ms": 1780986711186,
  "host": "127.0.0.1",
  "port": 49744,
  "workload": "set",
  "clients": 50,
  "requests": 300000,
  "pipeline": 16,
  "keyspace": 10000,
  "datasize": 3,
  "read_percent": 50,
  "db": 0,
  "key_prefix": "om-pass100-pair-cand",
  "total_time_ms": 425,
  "ops_per_sec": 705072.4387193106,
  "bytes_sent": 18516517,
  "bytes_received": 1500000,
  "latency_us": {
    "min": 112,
    "p50": 1037,
    "p95": 1637,
    "p99": 2197,
    "p999": 3357,
    "max": 3569,
    "mean": 1103.0468133333316,
    "samples": 300000
  }
}