{
  "schema_version": "fr_bench_report/v1",
  "generated_at_ms": 1780986706714,
  "host": "127.0.0.1",
  "port": 49743,
  "workload": "set",
  "clients": 50,
  "requests": 300000,
  "pipeline": 16,
  "keyspace": 10000,
  "datasize": 3,
  "read_percent": 50,
  "db": 0,
  "key_prefix": "om-pass100-pair-base",
  "total_time_ms": 419,
  "ops_per_sec": 714715.0197742587,
  "bytes_sent": 18516677,
  "bytes_received": 1500000,
  "latency_us": {
    "min": 103,
    "p50": 1051,
    "p95": 1454,
    "p99": 1828,
    "p999": 2505,
    "max": 2967,
    "mean": 1091.5168233333322,
    "samples": 300000
  }
}