{
  "schema_version": "fr_bench_report/v1",
  "generated_at_ms": 1780987555885,
  "host": "127.0.0.1",
  "port": 49748,
  "workload": "set",
  "clients": 50,
  "requests": 1000000,
  "pipeline": 16,
  "keyspace": 10000,
  "datasize": 3,
  "read_percent": 50,
  "db": 0,
  "key_prefix": "om-pass100-post707",
  "total_time_ms": 1457,
  "ops_per_sec": 686031.3010136948,
  "bytes_sent": 60339690,
  "bytes_received": 5000000,
  "latency_us": {
    "min": 59,
    "p50": 1074,
    "p95": 1596,
    "p99": 2145,
    "p999": 3991,
    "max": 14055,
    "mean": 1143.267254000001,
    "samples": 1000000
  }
}