{
  "schema_version": "fr_bench_report/v1",
  "generated_at_ms": 1780987216643,
  "host": "127.0.0.1",
  "port": 49747,
  "workload": "set",
  "clients": 50,
  "requests": 1000000,
  "pipeline": 16,
  "keyspace": 10000,
  "datasize": 3,
  "read_percent": 50,
  "db": 0,
  "key_prefix": "om-pass100-post",
  "total_time_ms": 1383,
  "ops_per_sec": 722946.9748374568,
  "bytes_sent": 57339352,
  "bytes_received": 5000000,
  "latency_us": {
    "min": 80,
    "p50": 1060,
    "p95": 1328,
    "p99": 1680,
    "p999": 2327,
    "max": 3045,
    "mean": 1093.303002999999,
    "samples": 1000000
  }
}