{
  "schema_version": "fr_bench_report/v1",
  "generated_at_ms": 1780986745526,
  "host": "127.0.0.1",
  "port": 49746,
  "workload": "set",
  "clients": 50,
  "requests": 1000000,
  "pipeline": 16,
  "keyspace": 10000,
  "datasize": 3,
  "read_percent": 50,
  "db": 0,
  "key_prefix": "om-pass100-rev-base",
  "total_time_ms": 1433,
  "ops_per_sec": 697607.2533027716,
  "bytes_sent": 61338954,
  "bytes_received": 5000000,
  "latency_us": {
    "min": 99,
    "p50": 1080,
    "p95": 1475,
    "p99": 1847,
    "p999": 2737,
    "max": 4395,
    "mean": 1131.9319899999957,
    "samples": 1000000
  }
}