{
  "schema_version": "fr_bench_report/v1",
  "generated_at_ms": 1780986735193,
  "host": "127.0.0.1",
  "port": 49745,
  "workload": "set",
  "clients": 50,
  "requests": 1000000,
  "pipeline": 16,
  "keyspace": 10000,
  "datasize": 3,
  "read_percent": 50,
  "db": 0,
  "key_prefix": "om-pass100-rev-cand",
  "total_time_ms": 1358,
  "ops_per_sec": 736235.9924724788,
  "bytes_sent": 61338768,
  "bytes_received": 5000000,
  "latency_us": {
    "min": 97,
    "p50": 1042,
    "p95": 1306,
    "p99": 1809,
    "p999": 2615,
    "max": 3771,
    "mean": 1072.5512730000016,
    "samples": 1000000
  }
}