{
  "results": [
    {
      "command": "candidate",
      "mean": 1.4439431463066665,
      "stddev": 0.03132960438177529,
      "median": 1.43748162664,
      "user": 1.5322390199999998,
      "system": 1.9713589066666666,
      "min": 1.41368306564,
      "max": 1.4996284686399999,
      "times": [
        1.4996284686399999,
        1.4299581856399999,
        1.41368306564,
        1.45524672564,
        1.44500506764,
        1.42013736464
      ],
      "exit_codes": [
        0,
        0,
        0,
        0,
        0,
        0
      ]
    },
    {
      "command": "baseline",
      "mean": 1.4776175743066666,
      "stddev": 0.020869336653885455,
      "median": 1.47654950264,
      "user": 1.5533163533333336,
      "system": 1.9691262400000002,
      "min": 1.44925962864,
      "max": 1.51044864464,
      "times": [
        1.44925962864,
        1.48850258964,
        1.4766107046399999,
        1.46439557764,
        1.51044864464,
        1.47648830064
      ],
      "exit_codes": [
        0,
        0,
        0,
        0,
        0,
        0
      ]
    }
  ]
}
