{
  "schema_version": "fr_bench_report/v1",
  "generated_at_ms": 1780858520955,
  "host": "127.0.0.1",
  "port": 16578,
  "workload": "get",
  "clients": 50,
  "requests": 1000000,
  "pipeline": 16,
  "keyspace": 10000,
  "datasize": 3,
  "read_percent": 50,
  "db": 0,
  "key_prefix": "getstore:rev",
  "total_time_ms": 1683,
  "ops_per_sec": 593828.0942584474,
  "bytes_sent": 43888853,
  "bytes_received": 9000000,
  "latency_us": {
    "min": 66,
    "p50": 1232,
    "p95": 1818,
    "p99": 2377,
    "p999": 3631,
    "max": 4931,
    "mean": 1330.2626539999978,
    "samples": 1000000
  }
}