{
  "schema_version": "fr_bench_report/v1",
  "generated_at_ms": 1780858502521,
  "host": "127.0.0.1",
  "port": 16579,
  "workload": "get",
  "clients": 50,
  "requests": 1000000,
  "pipeline": 16,
  "keyspace": 10000,
  "datasize": 3,
  "read_percent": 50,
  "db": 0,
  "key_prefix": "getstore:rev",
  "total_time_ms": 1460,
  "ops_per_sec": 684667.4114017759,
  "bytes_sent": 43889383,
  "bytes_received": 9000000,
  "latency_us": {
    "min": 46,
    "p50": 1080,
    "p95": 1584,
    "p99": 2159,
    "p999": 2987,
    "max": 4971,
    "mean": 1144.5895629999998,
    "samples": 1000000
  }
}