{
  "schema_version": "fr_bench_report/v1",
  "generated_at_ms": 1780858486370,
  "host": "127.0.0.1",
  "port": 16579,
  "workload": "get",
  "clients": 50,
  "requests": 300000,
  "pipeline": 16,
  "keyspace": 10000,
  "datasize": 3,
  "read_percent": 50,
  "db": 0,
  "key_prefix": "getstore:paired",
  "total_time_ms": 410,
  "ops_per_sec": 730789.6360086148,
  "bytes_sent": 14066513,
  "bytes_received": 2700000,
  "latency_us": {
    "min": 44,
    "p50": 1014,
    "p95": 1441,
    "p99": 1652,
    "p999": 2025,
    "max": 3971,
    "mean": 1068.4673100000016,
    "samples": 300000
  }
}