{
  "schema_version": "fr_bench_report/v1",
  "generated_at_ms": 1780858111405,
  "host": "127.0.0.1",
  "port": 16574,
  "workload": "get",
  "clients": 50,
  "requests": 1000000,
  "pipeline": 16,
  "keyspace": 10000,
  "datasize": 3,
  "read_percent": 50,
  "db": 0,
  "key_prefix": "getstore:profile",
  "total_time_ms": 2355,
  "ops_per_sec": 424601.7688882517,
  "bytes_sent": 47888883,
  "bytes_received": 9000000,
  "latency_us": {
    "min": 56,
    "p50": 1714,
    "p95": 3055,
    "p99": 4515,
    "p999": 5927,
    "max": 15391,
    "mean": 1848.5214160000014,
    "samples": 1000000
  }
}