{
  "results": [
    {
      "command": "baseline",
      "mean": 0.5912551220266667,
      "stddev": 0.11983802337013322,
      "median": 0.54755530536,
      "user": 0.24894033000000002,
      "system": 0.5028624766666666,
      "min": 0.46645519986000006,
      "max": 0.82674827086,
      "times": [
        0.46645519986000006,
        0.49843528886000005,
        0.48348075186000006,
        0.69820038686,
        0.64739983686,
        0.49676568686000006,
        0.68486419486,
        0.47535595186000007,
        0.54447542086,
        0.55063518986,
        0.7222452848600001,
        0.82674827086
      ],
      "exit_codes": [
        0,
        0,
        0,
        0,
        0,
        0,
        0,
        0,
        0,
        0,
        0,
        0
      ]
    },
    {
      "command": "candidate",
      "mean": 0.6088715996933334,
      "stddev": 0.13794418416291088,
      "median": 0.64947702286,
      "user": 0.24754199666666665,
      "system": 0.5004293933333334,
      "min": 0.44290412986000005,
      "max": 0.7631191108600001,
      "times": [
        0.72999751886,
        0.68488168886,
        0.69660411386,
        0.75620611586,
        0.76156015786,
        0.7631191108600001,
        0.61407235686,
        0.48934015186000007,
        0.47017470786000004,
        0.44634403586000004,
        0.45125510786000006,
        0.44290412986000005
      ],
      "exit_codes": [
        0,
        0,
        0,
        0,
        0,
        0,
        0,
        0,
        0,
        0,
        0,
        0
      ]
    }
  ]
}
