{
  "results": [
    {
      "command": "candidate_1m",
      "mean": 1.6670154049100003,
      "stddev": 0.21727640970756237,
      "median": 1.5939602381600002,
      "user": 0.68050175,
      "system": 1.6254639199999998,
      "min": 1.45850036966,
      "max": 1.9971209416600002,
      "times": [
        1.49354235866,
        1.45850036966,
        1.5625848236600002,
        1.48610605266,
        1.9804979526600002,
        1.9971209416600002,
        1.73243508766,
        1.6253356526600002
      ],
      "exit_codes": [
        0,
        0,
        0,
        0,
        0,
        0,
        0,
        0
      ]
    },
    {
      "command": "baseline_1m",
      "mean": 1.9045087495349997,
      "stddev": 0.22658226350322652,
      "median": 1.8521291566600002,
      "user": 0.744064125,
      "system": 1.7442390450000003,
      "min": 1.66986538566,
      "max": 2.3021492206599996,
      "times": [
        1.6921702156600003,
        1.66986538566,
        1.8437737336600002,
        2.13468785366,
        1.8604845796600002,
        2.3021492206599996,
        2.00720025966,
        1.7257387476600001
      ],
      "exit_codes": [
        0,
        0,
        0,
        0,
        0,
        0,
        0,
        0
      ]
    }
  ]
}
