{
  "schema_version": "fr_bench_report/v1",
  "generated_at_ms": 1781115371443,
  "host": "127.0.0.1",
  "port": 6660,
  "workload": "get",
  "clients": 50,
  "requests": 1000000,
  "pipeline": 16,
  "keyspace": 10000,
  "datasize": 3,
  "read_percent": 50,
  "db": 0,
  "key_prefix": "ohsk5:p123:baseline",
  "total_time_ms": 807,
  "ops_per_sec": 1238858.6069586505,
  "bytes_sent": 50889316,
  "bytes_received": 9000000,
  "latency_us": {
    "min": 57,
    "p50": 610,
    "p95": 871,
    "p99": 1128,
    "p999": 2199,
    "max": 3381,
    "mean": 632.0334760000001,
    "samples": 1000000
  }
}