{
  "schema_version": "fr_bench_report/v1",
  "generated_at_ms": 1780855983277,
  "host": "127.0.0.1",
  "port": 16470,
  "workload": "get",
  "clients": 50,
  "requests": 300000,
  "pipeline": 16,
  "keyspace": 10000,
  "datasize": 3,
  "read_percent": 50,
  "db": 0,
  "key_prefix": "mcklt:get",
  "total_time_ms": 454,
  "ops_per_sec": 659540.5291117727,
  "bytes_sent": 12266619,
  "bytes_received": 2700000,
  "latency_us": {
    "min": 69,
    "p50": 1154,
    "p95": 1504,
    "p99": 1757,
    "p999": 2227,
    "max": 3929,
    "mean": 1184.9849733333315,
    "samples": 300000
  }
}