{
  "schema_version": "fr_bench_report/v1",
  "generated_at_ms": 1780857438054,
  "host": "127.0.0.1",
  "port": 16470,
  "workload": "get",
  "clients": 50,
  "requests": 1000000,
  "pipeline": 16,
  "keyspace": 10000,
  "datasize": 3,
  "read_percent": 50,
  "db": 0,
  "key_prefix": "mcklt:get:corrected1mrev",
  "total_time_ms": 2415,
  "ops_per_sec": 413930.50736617984,
  "bytes_sent": 55888957,
  "bytes_received": 9000000,
  "latency_us": {
    "min": 45,
    "p50": 1786,
    "p95": 2999,
    "p99": 4159,
    "p999": 8767,
    "max": 59775,
    "mean": 1898.1216520000032,
    "samples": 1000000
  }
}