{
  "schema_version": "fr_bench_report/v1",
  "generated_at_ms": 1780857400496,
  "host": "127.0.0.1",
  "port": 16471,
  "workload": "get",
  "clients": 50,
  "requests": 300000,
  "pipeline": 16,
  "keyspace": 10000,
  "datasize": 3,
  "read_percent": 50,
  "db": 0,
  "key_prefix": "mcklt:get:corrected300k",
  "total_time_ms": 518,
  "ops_per_sec": 578544.6050533337,
  "bytes_sent": 16466753,
  "bytes_received": 2700000,
  "latency_us": {
    "min": 75,
    "p50": 1242,
    "p95": 2014,
    "p99": 2443,
    "p999": 3303,
    "max": 4451,
    "mean": 1346.7797799999998,
    "samples": 300000
  }
}