{
  "schema_version": "fr_bench_report/v1",
  "generated_at_ms": 1780857424625,
  "host": "127.0.0.1",
  "port": 16471,
  "workload": "get",
  "clients": 50,
  "requests": 1000000,
  "pipeline": 16,
  "keyspace": 10000,
  "datasize": 3,
  "read_percent": 50,
  "db": 0,
  "key_prefix": "mcklt:get:corrected1mrev",
  "total_time_ms": 1572,
  "ops_per_sec": 636055.1521590599,
  "bytes_sent": 55889631,
  "bytes_received": 9000000,
  "latency_us": {
    "min": 69,
    "p50": 1192,
    "p95": 1602,
    "p99": 1879,
    "p999": 2377,
    "max": 3805,
    "mean": 1242.9221109999976,
    "samples": 1000000
  }
}