{
  "schema_version": "fr_bench_report/v1",
  "generated_at_ms": 1780857471187,
  "host": "127.0.0.1",
  "port": 16471,
  "workload": "get",
  "clients": 50,
  "requests": 1000000,
  "pipeline": 16,
  "keyspace": 10000,
  "datasize": 3,
  "read_percent": 50,
  "db": 0,
  "key_prefix": "mcklt:get:corrected1mpaired",
  "total_time_ms": 1578,
  "ops_per_sec": 633320.7613251216,
  "bytes_sent": 58888462,
  "bytes_received": 9000000,
  "latency_us": {
    "min": 52,
    "p50": 1167,
    "p95": 1570,
    "p99": 1939,
    "p999": 4069,
    "max": 14991,
    "mean": 1226.7116409999971,
    "samples": 1000000
  }
}