{
  "schema_version": "fr_bench_report/v1",
  "generated_at_ms": 1781041504478,
  "host": "127.0.0.1",
  "port": 26941,
  "workload": "set",
  "clients": 50,
  "requests": 1000000,
  "pipeline": 16,
  "keyspace": 10000,
  "datasize": 3,
  "read_percent": 50,
  "db": 0,
  "key_prefix": "zhphm-p108-rebase-cand",
  "total_time_ms": 1038,
  "ops_per_sec": 963042.2631443875,
  "bytes_sent": 64339789,
  "bytes_received": 5000000,
  "latency_us": {
    "min": 81,
    "p50": 764,
    "p95": 1135,
    "p99": 1596,
    "p999": 3205,
    "max": 4279,
    "mean": 814.4671819999991,
    "samples": 1000000
  }
}