{
  "results": [
    {
      "command": "python3 artifacts/optimization/frankenredis-svgvb/run_setex_bench_once.py --server-bin /data/projects/frankenredis/target-cod-ferss-baseline-rch/release-perf/frankenredis --port 26700 --requests 1000000 --clients 50 --pipeline 16 --keyspace 10000 --datasize 3 --mix alternate --key-prefix frferssbase --json-out artifacts/optimization/frankenredis-ferss/baseline/last-setex-p16-1m.json",
      "mean": 4.545456742857143,
      "stddev": 0.07834064677906845,
      "median": 4.5395564749999995,
      "user": 6.826296045714286,
      "system": 5.648712408571429,
      "min": 4.434817700999999,
      "max": 4.698704429999999,
      "times": [
        4.698704429999999,
        4.55576697,
        4.526911072,
        4.434817700999999,
        4.541400663999999,
        4.5395564749999995,
        4.521039888
      ],
      "exit_codes": [
        0,
        0,
        0,
        0,
        0,
        0,
        0
      ]
    }
  ]
}
