{
  "results": [
    {
      "command": "/data/projects/frankenredis/legacy_redis_code/redis/src/redis-benchmark -p 27010 -n 300000 -P 16 -c 50 -q ZRANGE z 0 9",
      "mean": 0.46590514819999995,
      "stddev": 0.01922215518275467,
      "median": 0.47365425140000006,
      "user": 0.18610798,
      "system": 0.2666549,
      "min": 0.4379390194000001,
      "max": 0.48689693040000004,
      "times": [
        0.4556471824000001,
        0.48689693040000004,
        0.47365425140000006,
        0.47538835740000007,
        0.4379390194000001
      ],
      "exit_codes": [
        0,
        0,
        0,
        0,
        0
      ]
    },
    {
      "command": "/data/projects/frankenredis/legacy_redis_code/redis/src/redis-benchmark -p 27011 -n 300000 -P 16 -c 50 -q ZRANGE z 0 9",
      "mean": 0.5954414948000001,
      "stddev": 0.019256086247951425,
      "median": 0.6010642304,
      "user": 0.21275057999999997,
      "system": 0.3217075,
      "min": 0.5678105744,
      "max": 0.6185719614,
      "times": [
        0.5678105744,
        0.6010642304,
        0.6185719614,
        0.6036112264,
        0.5861494814
      ],
      "exit_codes": [
        0,
        0,
        0,
        0,
        0
      ]
    }
  ]
}
