{
  "results": [
    {
      "command": "/data/projects/frankenredis/legacy_redis_code/redis/src/redis-benchmark -p 27012 -n 300000 -P 16 -c 50 -q ZRANGE z 0 9",
      "mean": 0.43269788869142856,
      "stddev": 0.01603919772242669,
      "median": 0.43162065712000003,
      "user": 0.17020826285714286,
      "system": 0.2592734657142857,
      "min": 0.41119163412,
      "max": 0.45951434612000003,
      "times": [
        0.41774704712,
        0.43858216912000003,
        0.44185631412000004,
        0.41119163412,
        0.45951434612000003,
        0.43162065712000003,
        0.42837305312
      ],
      "exit_codes": [
        0,
        0,
        0,
        0,
        0,
        0,
        0
      ]
    },
    {
      "command": "/data/projects/frankenredis/legacy_redis_code/redis/src/redis-benchmark -p 27011 -n 300000 -P 16 -c 50 -q ZRANGE z 0 9",
      "mean": 0.6145855952628573,
      "stddev": 0.04072812168870514,
      "median": 0.6152088691200001,
      "user": 0.21671926285714285,
      "system": 0.3343214657142857,
      "min": 0.56877770112,
      "max": 0.6862173111200001,
      "times": [
        0.58028136212,
        0.5857862931200001,
        0.6152088691200001,
        0.6862173111200001,
        0.6281810821200001,
        0.56877770112,
        0.6376465481200001
      ],
      "exit_codes": [
        0,
        0,
        0,
        0,
        0,
        0,
        0
      ]
    }
  ]
}
