{
  "results": [
    {
      "command": "/data/projects/frankenredis/legacy_redis_code/redis/src/redis-benchmark -p 27011 -n 300000 -P 16 -c 50 -q ZRANGE z 0 9",
      "mean": 0.5861196162428571,
      "stddev": 0.01564167781543595,
      "median": 0.5806419781000001,
      "user": 0.19522755142857143,
      "system": 0.3299838685714286,
      "min": 0.5639017661,
      "max": 0.6058147921,
      "times": [
        0.6039452601,
        0.6058147921,
        0.5639017661,
        0.5787880551000001,
        0.5753380481,
        0.5806419781000001,
        0.5944074141000001
      ],
      "exit_codes": [
        0,
        0,
        0,
        0,
        0,
        0,
        0
      ]
    },
    {
      "command": "/data/projects/frankenredis/legacy_redis_code/redis/src/redis-benchmark -p 27012 -n 300000 -P 16 -c 50 -q ZRANGE z 0 9",
      "mean": 0.4191765621,
      "stddev": 0.023222536379473083,
      "median": 0.4173643521,
      "user": 0.16888998000000002,
      "system": 0.24722958285714286,
      "min": 0.3950995801,
      "max": 0.4519425381,
      "times": [
        0.43372680010000003,
        0.3957982641,
        0.3950995801,
        0.4403878721,
        0.3999165281,
        0.4173643521,
        0.4519425381
      ],
      "exit_codes": [
        0,
        0,
        0,
        0,
        0,
        0,
        0
      ]
    }
  ]
}
