{
  "clients": 50,
  "datasize": 3,
  "key_prefix": "fr:6tsou:refreshbase",
  "keyspace": 10000,
  "measured": {
    "bytes_received": 2700000,
    "bytes_sent": 18900000,
    "commands": 300000,
    "ops_per_sec": 149584.78748272685,
    "pipeline_latency_us": {
      "mean": 5053.82937438786,
      "p50": 4196.900059469044,
      "p95": 11549.607967026532,
      "p99": 15665.835933759809,
      "samples": 18750
    },
    "seconds": 2.005551534006372
  },
  "mode": "getset-hit",
  "pipeline": 16,
  "prefill": {
    "bytes_received": 50000,
    "bytes_sent": 600000,
    "commands": 10000,
    "seconds": 0.0722372179152444
  },
  "requests": 300000,
  "schema": "frankenredis_6tsou_resp_workload_v1"
}
