{
  "results": [
    {
      "command": "python3 artifacts/optimization/frankenredis-svgvb/run_setex_bench_once.py --server-bin /tmp/codex-fr-svgvb-candidate-target/release-perf/frankenredis --port 6396 --requests 1000000 --clients 50 --pipeline 16 --keyspace 10000 --datasize 3 --mix alternate --json-out artifacts/optimization/frankenredis-svgvb/candidate/last-reversed-candidate-setex-p16-1m.json",
      "mean": 4.4894344586,
      "stddev": 0.06270278130315922,
      "median": 4.4831596832,
      "user": 7.159275299999999,
      "system": 5.385471819999999,
      "min": 4.4173922332,
      "max": 4.5830186352,
      "times": [
        4.5102838362,
        4.5830186352,
        4.4173922332,
        4.4533179052000005,
        4.4831596832
      ],
      "exit_codes": [
        0,
        0,
        0,
        0,
        0
      ]
    },
    {
      "command": "python3 artifacts/optimization/frankenredis-svgvb/run_setex_bench_once.py --server-bin /tmp/codex-fr-svgvb-baseline-target/release-perf/frankenredis --port 6397 --requests 1000000 --clients 50 --pipeline 16 --keyspace 10000 --datasize 3 --mix alternate --json-out artifacts/optimization/frankenredis-svgvb/candidate/last-reversed-baseline-setex-p16-1m.json",
      "mean": 4.359200214,
      "stddev": 0.21046320130408572,
      "median": 4.3149818152,
      "user": 6.7246963,
      "system": 4.55801722,
      "min": 4.1668294282,
      "max": 4.7096942762000005,
      "times": [
        4.1668294282,
        4.2355994362,
        4.7096942762000005,
        4.3688961142,
        4.3149818152
      ],
      "exit_codes": [
        0,
        0,
        0,
        0,
        0
      ]
    }
  ]
}
