{
  "schema_version": "fr_bench_report/v1",
  "generated_at_ms": 1781356151896,
  "host": "127.0.0.1",
  "port": 25255,
  "workload": "lpush",
  "clients": 50,
  "requests": 1000000,
  "pipeline": 16,
  "keyspace": 100000,
  "datasize": 3,
  "read_percent": 50,
  "db": 0,
  "key_prefix": "yjedr:pairbase",
  "total_time_ms": 1458,
  "ops_per_sec": 685634.7003725965,
  "bytes_sent": 57338451,
  "bytes_received": 5006659,
  "latency_us": {
    "min": 117,
    "p50": 1022,
    "p95": 1415,
    "p99": 7259,
    "p999": 8343,
    "max": 8887,
    "mean": 1155.5773729999976,
    "samples": 1000000
  }
}