{
  "schema_version": "fr_bench_report/v1",
  "generated_at_ms": 1781356162367,
  "host": "127.0.0.1",
  "port": 25256,
  "workload": "lpush",
  "clients": 50,
  "requests": 1000000,
  "pipeline": 16,
  "keyspace": 100000,
  "datasize": 3,
  "read_percent": 50,
  "db": 0,
  "key_prefix": "yjedr:paircand",
  "total_time_ms": 1301,
  "ops_per_sec": 768584.991114412,
  "bytes_sent": 57338478,
  "bytes_received": 5007083,
  "latency_us": {
    "min": 95,
    "p50": 954,
    "p95": 1028,
    "p99": 7335,
    "p999": 7815,
    "max": 7855,
    "mean": 1029.2573140000002,
    "samples": 1000000
  }
}