{
  "results": [
    {
      "command": "baseline",
      "mean": 1.4084600134685714,
      "stddev": 0.09130788095689299,
      "median": 1.42745107204,
      "user": 0.7105228142857143,
      "system": 1.141141262857143,
      "min": 1.31906298104,
      "max": 1.56659865904,
      "times": [
        1.33221745804,
        1.42745107204,
        1.56659865904,
        1.32156324704,
        1.43107365504,
        1.31906298104,
        1.46125302204
      ],
      "exit_codes": [
        0,
        0,
        0,
        0,
        0,
        0,
        0
      ]
    },
    {
      "command": "candidate",
      "mean": 1.3064875754685716,
      "stddev": 0.05356422820856148,
      "median": 1.30622676804,
      "user": 0.7148066714285713,
      "system": 1.0796236914285715,
      "min": 1.24219494704,
      "max": 1.3983969600400001,
      "times": [
        1.24219494704,
        1.31511298104,
        1.30622676804,
        1.3983969600400001,
        1.33445721304,
        1.24508206704,
        1.30394209204
      ],
      "exit_codes": [
        0,
        0,
        0,
        0,
        0,
        0,
        0
      ]
    }
  ]
}
