{"bytes_received": 5000000, "bytes_sent": 63889000, "clients": 50, "datasize": 3, "elapsed_seconds": 4.499002662021667, "keyspace": 10000, "mix": "alternate", "ops_per_sec": 222271.48439842023, "pipeline": 16, "requests": 1000000, "schema": "frankenredis_svgvb_setex_bench_v1"}
