{
  "schema_version": "fr_bench_report/v1",
  "generated_at_ms": 1781145927085,
  "host": "127.0.0.1",
  "port": 6771,
  "workload": "get",
  "clients": 50,
  "requests": 1000000,
  "pipeline": 16,
  "keyspace": 10000,
  "datasize": 3,
  "read_percent": 50,
  "db": 0,
  "key_prefix": "xmxhc:p132:reversed:candidate",
  "total_time_ms": 690,
  "ops_per_sec": 1447655.173922849,
  "bytes_sent": 60889335,
  "bytes_received": 9000000,
  "latency_us": {
    "min": 49,
    "p50": 517,
    "p95": 778,
    "p99": 1045,
    "p999": 1583,
    "max": 2307,
    "mean": 538.6697010000005,
    "samples": 1000000
  }
}