{
  "schema_version": "fr_bench_report/v1",
  "generated_at_ms": 1781145934730,
  "host": "127.0.0.1",
  "port": 6772,
  "workload": "get",
  "clients": 50,
  "requests": 1000000,
  "pipeline": 16,
  "keyspace": 10000,
  "datasize": 3,
  "read_percent": 50,
  "db": 0,
  "key_prefix": "xmxhc:p132:reversed:current",
  "total_time_ms": 694,
  "ops_per_sec": 1439543.3876627996,
  "bytes_sent": 58889380,
  "bytes_received": 9000000,
  "latency_us": {
    "min": 37,
    "p50": 514,
    "p95": 817,
    "p99": 1234,
    "p999": 2023,
    "max": 2715,
    "mean": 542.8979690000008,
    "samples": 1000000
  }
}