{
  "results": [
    {
      "command": "target-mn0qm-baseline-harness/release/zrange-cold-index-harness --mode one-shot --n 100000 --start 90000 --stop 90000",
      "mean": 0.08503849367333333,
      "stddev": 0.010950348629709937,
      "median": 0.08662616684,
      "user": 0.06514686,
      "system": 0.01938325,
      "min": 0.06863137284000001,
      "max": 0.09881552784,
      "times": [
        0.09881552784,
        0.09284009384,
        0.07012298984,
        0.08882643684000001,
        0.09873149884,
        0.07677242184000001,
        0.09052562684,
        0.07164459384,
        0.08428631284,
        0.09483915184000001,
        0.06863137284000001,
        0.08442589684
      ],
      "exit_codes": [
        0,
        0,
        0,
        0,
        0,
        0,
        0,
        0,
        0,
        0,
        0,
        0
      ]
    }
  ]
}
