{
  "results": [
    {
      "command": "target-mn0qm-baseline-harness/release/zrange-cold-index-harness --mode cold-range --n 100000 --queries 5000 --start 90000 --stop 90000",
      "mean": 1.9002687630114288,
      "stddev": 0.03757635663921572,
      "median": 1.9053935434400002,
      "user": 1.8795098257142857,
      "system": 0.018607731428571427,
      "min": 1.8598793844400001,
      "max": 1.9714870384400003,
      "times": [
        1.9079248144400003,
        1.8598793844400001,
        1.9053935434400002,
        1.91185323344,
        1.87629606344,
        1.8690472634400002,
        1.9714870384400003
      ],
      "exit_codes": [
        0,
        0,
        0,
        0,
        0,
        0,
        0
      ]
    }
  ]
}
