{
  "results": [
    {
      "command": "target-mn0qm-baseline-harness/release/zrange-cold-index-harness --mode zadd --n 100000",
      "mean": 0.06185211502333334,
      "stddev": 0.005695158233980118,
      "median": 0.06194497594,
      "user": 0.04845518999999999,
      "system": 0.01308539,
      "min": 0.05249427944,
      "max": 0.06877452444,
      "times": [
        0.06104346244,
        0.06547763644,
        0.05441171444,
        0.06877452444,
        0.05249427944,
        0.06704112944,
        0.05908610244,
        0.06084249144,
        0.06841731744,
        0.05495297944,
        0.06683725344000001,
        0.06284648944
      ],
      "exit_codes": [
        0,
        0,
        0,
        0,
        0,
        0,
        0,
        0,
        0,
        0,
        0,
        0
      ]
    }
  ]
}
