{
  "results": [
    {
      "command": "target-mn0qm-baseline-harness/release/zrange-cold-index-harness --mode zadd --n 100000 --start 90000 --stop 90000",
      "mean": 0.06248615765666666,
      "stddev": 0.005699122591755122,
      "median": 0.061304749740000004,
      "user": 0.05013634,
      "system": 0.011980440000000002,
      "min": 0.051200625740000005,
      "max": 0.07403235374,
      "times": [
        0.059505494740000005,
        0.06972750574,
        0.06838622374,
        0.061387140740000005,
        0.051200625740000005,
        0.06307775373999999,
        0.056108417740000006,
        0.06036021474000001,
        0.07403235374,
        0.07163110274,
        0.059852110740000006,
        0.05975161074,
        0.06630551074,
        0.06230806574000001,
        0.06844562674,
        0.05517014974000001,
        0.06262708074,
        0.05428719574,
        0.06122235874,
        0.06110265074000001,
        0.06517966674,
        0.06917940674,
        0.05927697174,
        0.05954254474000001
      ],
      "exit_codes": [
        0,
        0,
        0,
        0,
        0,
        0,
        0,
        0,
        0,
        0,
        0,
        0,
        0,
        0,
        0,
        0,
        0,
        0,
        0,
        0,
        0,
        0,
        0,
        0
      ]
    },
    {
      "command": "target-mn0qm-candidate2-harness/release/zrange-cold-index-harness --mode zadd --n 100000 --start 90000 --stop 90000",
      "mean": 0.06319405403166668,
      "stddev": 0.005155424042966324,
      "median": 0.06273543524,
      "user": 0.050688381666666664,
      "system": 0.012274023333333335,
      "min": 0.05303532374000001,
      "max": 0.07474715774,
      "times": [
        0.06546386574,
        0.06088851474,
        0.06356785274,
        0.07039912874,
        0.06161234774000001,
        0.07474715774,
        0.06008716674,
        0.06185710074000001,
        0.07076173474,
        0.06408450174,
        0.06499031874,
        0.057050732740000006,
        0.059480356740000004,
        0.06558670874,
        0.06143249574,
        0.07159383174,
        0.05752932974,
        0.05906905774000001,
        0.05303532374000001,
        0.06676886874,
        0.06446057474,
        0.05671945574000001,
        0.06299258274,
        0.062478287740000006
      ],
      "exit_codes": [
        0,
        0,
        0,
        0,
        0,
        0,
        0,
        0,
        0,
        0,
        0,
        0,
        0,
        0,
        0,
        0,
        0,
        0,
        0,
        0,
        0,
        0,
        0,
        0
      ]
    }
  ]
}
