{
  "results": [
    {
      "command": "target-mn0qm-candidate-harness/release/zrange-cold-index-harness --mode zadd --n 100000",
      "mean": 0.06814922304,
      "stddev": 0.004028575767770744,
      "median": 0.06784601454,
      "user": 0.05474816666666666,
      "system": 0.013102386666666667,
      "min": 0.06234614104000001,
      "max": 0.07506500504000001,
      "times": [
        0.07446942604000001,
        0.06234614104000001,
        0.06351816304,
        0.06732448504,
        0.06972081704000001,
        0.06788220304,
        0.07506500504000001,
        0.06321673104,
        0.06974604504000001,
        0.06780982604,
        0.06997914704000001,
        0.06671268704000001
      ],
      "exit_codes": [
        0,
        0,
        0,
        0,
        0,
        0,
        0,
        0,
        0,
        0,
        0,
        0
      ]
    }
  ]
}
