{
  "results": [
    {
      "command": "target-mn0qm-candidate-harness/release/zrange-cold-index-harness --mode one-shot --n 100000 --start 90000 --stop 90000",
      "mean": 0.08589003468,
      "stddev": 0.010319023234706811,
      "median": 0.08515343868000001,
      "user": 0.06712826000000001,
      "system": 0.018491783333333334,
      "min": 0.07383129318000001,
      "max": 0.10389012618000001,
      "times": [
        0.09290615018000001,
        0.07759170818000001,
        0.08185557918000001,
        0.07477611318,
        0.08845129818000001,
        0.07822408718000001,
        0.07487334718000001,
        0.09646965318000002,
        0.10389012618000001,
        0.09681113118000001,
        0.09099992918000001,
        0.07383129318000001
      ],
      "exit_codes": [
        0,
        0,
        0,
        0,
        0,
        0,
        0,
        0,
        0,
        0,
        0,
        0
      ]
    }
  ]
}
