{
  "results": [
    {
      "command": "target-mn0qm-baseline-harness/release/zrange-cold-index-harness --mode cold-range --n 100000 --iters 5000 --start 90000 --stop 90000",
      "mean": 1.9382147425488891,
      "stddev": 0.05011247054646512,
      "median": 1.93640027466,
      "user": 1.9166615866666663,
      "system": 0.01827056,
      "min": 1.86958949866,
      "max": 2.04398140266,
      "times": [
        1.90495675066,
        1.86958949866,
        1.9203361546600002,
        1.90036126066,
        1.96066055866,
        1.93640027466,
        1.9407643646600001,
        1.96688241766,
        2.04398140266
      ],
      "exit_codes": [
        0,
        0,
        0,
        0,
        0,
        0,
        0,
        0,
        0
      ]
    },
    {
      "command": "target-mn0qm-candidate2-harness/release/zrange-cold-index-harness --mode cold-range --n 100000 --iters 5000 --start 90000 --stop 90000",
      "mean": 0.10581175510444443,
      "stddev": 0.006723363893901642,
      "median": 0.10694626866,
      "user": 0.0834928088888889,
      "system": 0.02192433777777778,
      "min": 0.09459198666,
      "max": 0.11510094166,
      "times": [
        0.10829157866,
        0.09459198666,
        0.10887226766000001,
        0.10694626866,
        0.10254220166,
        0.11397432666,
        0.09888394066,
        0.10310228366,
        0.11510094166
      ],
      "exit_codes": [
        0,
        0,
        0,
        0,
        0,
        0,
        0,
        0,
        0
      ]
    }
  ]
}
