{
  "results": [
    {
      "command": "target-mn0qm-baseline-harness/release/zrange-cold-index-harness --mode one-shot --n 100000 --start 90000 --stop 90000",
      "mean": 0.08507035245,
      "stddev": 0.011680436015432463,
      "median": 0.0853440572,
      "user": 0.06597038999999999,
      "system": 0.018768749999999994,
      "min": 0.0701110402,
      "max": 0.11082357120000001,
      "times": [
        0.09555532820000001,
        0.0881942482,
        0.08758136620000001,
        0.11082357120000001,
        0.0987059982,
        0.0845205572,
        0.08392190220000001,
        0.08638652220000001,
        0.0780592422,
        0.0731078892,
        0.0742089462,
        0.1024992562,
        0.07843444320000001,
        0.0900466592,
        0.0979100402,
        0.0703754612,
        0.07098740120000001,
        0.0701110402,
        0.08616755720000001,
        0.07380961920000001
      ],
      "exit_codes": [
        0,
        0,
        0,
        0,
        0,
        0,
        0,
        0,
        0,
        0,
        0,
        0,
        0,
        0,
        0,
        0,
        0,
        0,
        0,
        0
      ]
    },
    {
      "command": "target-mn0qm-candidate2-harness/release/zrange-cold-index-harness --mode one-shot --n 100000 --start 90000 --stop 90000",
      "mean": 0.09030628100000002,
      "stddev": 0.009089776273625033,
      "median": 0.08880310220000001,
      "user": 0.07146639000000002,
      "system": 0.01835655,
      "min": 0.0727319362,
      "max": 0.1025099772,
      "times": [
        0.0860149182,
        0.0877059032,
        0.0880002212,
        0.0840347362,
        0.0926327792,
        0.10202821320000001,
        0.0958281442,
        0.0810573732,
        0.0964224102,
        0.1000248172,
        0.09868706220000001,
        0.1025099772,
        0.0727319362,
        0.0896059832,
        0.08081732820000001,
        0.07760582320000001,
        0.08220954720000001,
        0.1006445222,
        0.1019326532,
        0.08563127120000001
      ],
      "exit_codes": [
        0,
        0,
        0,
        0,
        0,
        0,
        0,
        0,
        0,
        0,
        0,
        0,
        0,
        0,
        0,
        0,
        0,
        0,
        0,
        0
      ]
    }
  ]
}
