{
  "results": [
    {
      "command": "target-mn0qm-candidate-harness/release/zrange-cold-index-harness --mode cold-range --n 100000 --queries 5000 --start 90000 --stop 90000",
      "mean": 0.10735511248571429,
      "stddev": 0.012248182962680204,
      "median": 0.1017409162,
      "user": 0.08396836285714285,
      "system": 0.022924205714285713,
      "min": 0.0912578902,
      "max": 0.1273835802,
      "times": [
        0.1017409162,
        0.1084630552,
        0.1017285522,
        0.0912578902,
        0.1273835802,
        0.1192936902,
        0.1016181032
      ],
      "exit_codes": [
        0,
        0,
        0,
        0,
        0,
        0,
        0
      ]
    }
  ]
}
