{"bytes_received": 5000000, "bytes_sent": 69888890, "clients": 50, "datasize": 3, "elapsed_seconds": 8.239488020073622, "keyspace": 1000000, "mix": "alternate", "ops_per_sec": 121366.7642411433, "pipeline": 16, "requests": 1000000, "schema": "frankenredis_svgvb_setex_bench_v1"}
