{
  "results": [
    {
      "command": "python3 artifacts/optimization/frankenredis-svgvb/run_setex_bench_once.py --server-bin /tmp/codex-fr-825jg-baseline-target/release-perf/frankenredis --port 19491 --requests 1000000 --clients 50 --pipeline 16 --keyspace 1000000 --datasize 3 --mix alternate --key-prefix fr:825jg:base --json-out artifacts/optimization/frankenredis-825jg/baseline/last-setex-p16-1m.json",
      "mean": 8.812610317539999,
      "stddev": 0.49672681171559596,
      "median": 8.56994254294,
      "user": 10.69337408,
      "system": 3.2185833799999997,
      "min": 8.52596693594,
      "max": 9.68720664394,
      "times": [
        9.68720664394,
        8.56994254294,
        8.52596693594,
        8.53660340994,
        8.74333205494
      ],
      "exit_codes": [
        0,
        0,
        0,
        0,
        0
      ]
    }
  ]
}
