{
  "schema_version": "fr_bench_report/v1",
  "generated_at_ms": 1781152759956,
  "host": "127.0.0.1",
  "port": 6794,
  "workload": "get",
  "clients": 50,
  "requests": 1000000,
  "pipeline": 16,
  "keyspace": 10000,
  "datasize": 3,
  "read_percent": 50,
  "db": 0,
  "key_prefix": "6zalg:p1:paired:candidate",
  "total_time_ms": 614,
  "ops_per_sec": 1626221.269813087,
  "bytes_sent": 56888689,
  "bytes_received": 9000000,
  "latency_us": {
    "min": 46,
    "p50": 455,
    "p95": 689,
    "p99": 895,
    "p999": 1372,
    "max": 1682,
    "mean": 479.2249849999991,
    "samples": 1000000
  }
}