{
  "schema_version": "fr_bench_report/v1",
  "generated_at_ms": 1781152750775,
  "host": "127.0.0.1",
  "port": 6793,
  "workload": "get",
  "clients": 50,
  "requests": 1000000,
  "pipeline": 16,
  "keyspace": 10000,
  "datasize": 3,
  "read_percent": 50,
  "db": 0,
  "key_prefix": "6zalg:p1:paired:current",
  "total_time_ms": 607,
  "ops_per_sec": 1646670.9166803914,
  "bytes_sent": 54888920,
  "bytes_received": 9000000,
  "latency_us": {
    "min": 40,
    "p50": 436,
    "p95": 716,
    "p99": 925,
    "p999": 1397,
    "max": 1736,
    "mean": 472.5398059999994,
    "samples": 1000000
  }
}