{
  "schema_version": "fr_bench_report/v1",
  "generated_at_ms": 1780859849563,
  "host": "127.0.0.1",
  "port": 16605,
  "workload": "get",
  "clients": 50,
  "requests": 300000,
  "pipeline": 16,
  "keyspace": 10000,
  "datasize": 3,
  "read_percent": 50,
  "db": 0,
  "key_prefix": "token:rev300k",
  "total_time_ms": 450,
  "ops_per_sec": 665576.5041199796,
  "bytes_sent": 13466284,
  "bytes_received": 2700000,
  "latency_us": {
    "min": 71,
    "p50": 1145,
    "p95": 1475,
    "p99": 1743,
    "p999": 2107,
    "max": 3363,
    "mean": 1174.536906666668,
    "samples": 300000
  }
}