{
  "schema_version": "fr_bench_report/v1",
  "generated_at_ms": 1780859061139,
  "host": "127.0.0.1",
  "port": 16600,
  "workload": "get",
  "clients": 50,
  "requests": 300000,
  "pipeline": 16,
  "keyspace": 10000,
  "datasize": 3,
  "read_percent": 50,
  "db": 0,
  "key_prefix": "token:baseline",
  "total_time_ms": 423,
  "ops_per_sec": 708949.6058958594,
  "bytes_sent": 13766752,
  "bytes_received": 2700000,
  "latency_us": {
    "min": 76,
    "p50": 1059,
    "p95": 1396,
    "p99": 1705,
    "p999": 1979,
    "max": 2581,
    "mean": 1099.5005633333344,
    "samples": 300000
  }
}