{
  "schema_version": "fr_bench_report/v1",
  "generated_at_ms": 1780859821352,
  "host": "127.0.0.1",
  "port": 16605,
  "workload": "get",
  "clients": 50,
  "requests": 1000000,
  "pipeline": 16,
  "keyspace": 10000,
  "datasize": 3,
  "read_percent": 50,
  "db": 0,
  "key_prefix": "token:paired1m",
  "total_time_ms": 1432,
  "ops_per_sec": 698079.6374374293,
  "bytes_sent": 45889197,
  "bytes_received": 9000000,
  "latency_us": {
    "min": 54,
    "p50": 1097,
    "p95": 1437,
    "p99": 1703,
    "p999": 2307,
    "max": 3231,
    "mean": 1132.1400520000016,
    "samples": 1000000
  }
}