{
  "schema_version": "fr_bench_report/v1",
  "generated_at_ms": 1780859778345,
  "host": "127.0.0.1",
  "port": 16603,
  "workload": "get",
  "clients": 50,
  "requests": 1000000,
  "pipeline": 16,
  "keyspace": 10000,
  "datasize": 3,
  "read_percent": 50,
  "db": 0,
  "key_prefix": "token:rev1m",
  "total_time_ms": 2439,
  "ops_per_sec": 409903.83460516034,
  "bytes_sent": 42889653,
  "bytes_received": 9000000,
  "latency_us": {
    "min": 45,
    "p50": 1500,
    "p95": 3025,
    "p99": 6063,
    "p999": 35903,
    "max": 43007,
    "mean": 1833.9405019999995,
    "samples": 1000000
  }
}