{
  "schema_version": "fr_bench_report/v1",
  "generated_at_ms": 1780859835650,
  "host": "127.0.0.1",
  "port": 16606,
  "workload": "get",
  "clients": 50,
  "requests": 1000000,
  "pipeline": 16,
  "keyspace": 10000,
  "datasize": 3,
  "read_percent": 50,
  "db": 0,
  "key_prefix": "token:paired1m",
  "total_time_ms": 1384,
  "ops_per_sec": 722123.1557110904,
  "bytes_sent": 45888478,
  "bytes_received": 9000000,
  "latency_us": {
    "min": 69,
    "p50": 1032,
    "p95": 1478,
    "p99": 1754,
    "p999": 2375,
    "max": 3025,
    "mean": 1093.4997619999995,
    "samples": 1000000
  }
}