{
  "schema_version": "fr_bench_report/v1",
  "generated_at_ms": 1780859752909,
  "host": "127.0.0.1",
  "port": 16604,
  "workload": "get",
  "clients": 50,
  "requests": 1000000,
  "pipeline": 16,
  "keyspace": 10000,
  "datasize": 3,
  "read_percent": 50,
  "db": 0,
  "key_prefix": "token:rev1m",
  "total_time_ms": 1560,
  "ops_per_sec": 640928.7087754734,
  "bytes_sent": 42889221,
  "bytes_received": 9000000,
  "latency_us": {
    "min": 45,
    "p50": 1156,
    "p95": 1655,
    "p99": 2011,
    "p999": 3023,
    "max": 4927,
    "mean": 1231.0776609999982,
    "samples": 1000000
  }
}