{
  "results": [
    {
      "command": "baseline",
      "mean": 0.4554562204066667,
      "stddev": 0.015600785751261736,
      "median": 0.45737650824000003,
      "user": 0.21667238999999996,
      "system": 0.45229147666666664,
      "min": 0.42977458974000005,
      "max": 0.4807910127400001,
      "times": [
        0.42977458974000005,
        0.4326279477400001,
        0.46106171374000005,
        0.4807910127400001,
        0.46923560374000006,
        0.46421848474000005,
        0.45112768574000006,
        0.47114325874000007,
        0.46027249674000004,
        0.45103753574000005,
        0.43970379574000007,
        0.45448051974000003
      ],
      "exit_codes": [
        0,
        0,
        0,
        0,
        0,
        0,
        0,
        0,
        0,
        0,
        0,
        0
      ]
    },
    {
      "command": "candidate",
      "mean": 0.44656424982333337,
      "stddev": 0.011659731030549073,
      "median": 0.44511327074000007,
      "user": 0.22203672333333335,
      "system": 0.46592039333333335,
      "min": 0.42386723174000007,
      "max": 0.46962599074000005,
      "times": [
        0.43994390974,
        0.43631201674000003,
        0.42386723174000007,
        0.4436728367400001,
        0.44637288274000003,
        0.44385365874000005,
        0.44779799374000007,
        0.45566510274000005,
        0.46962599074000005,
        0.45151367574000006,
        0.44140400574000005,
        0.45874169274000004
      ],
      "exit_codes": [
        0,
        0,
        0,
        0,
        0,
        0,
        0,
        0,
        0,
        0,
        0,
        0
      ]
    }
  ]
}
