{
  "results": [
    {
      "command": "candidate_1m",
      "mean": 1.87593689886,
      "stddev": 0.2948948332022798,
      "median": 1.8025221198600003,
      "user": 0.88770105,
      "system": 1.82770839,
      "min": 1.57862863186,
      "max": 2.41690907586,
      "times": [
        2.41690907586,
        1.66598562786,
        1.7417054048600003,
        1.8633388348600002,
        1.9399817508600001,
        1.61751046286,
        2.18343540186,
        1.57862863186
      ],
      "exit_codes": [
        0,
        0,
        0,
        0,
        0,
        0,
        0,
        0
      ]
    },
    {
      "command": "baseline_1m",
      "mean": 2.588835858985,
      "stddev": 0.19106875310132967,
      "median": 2.56191948586,
      "user": 0.693972675,
      "system": 1.370010015,
      "min": 2.3319028848600003,
      "max": 2.93133476286,
      "times": [
        2.60275917886,
        2.40731957186,
        2.74918327986,
        2.64962496086,
        2.3319028848600003,
        2.93133476286,
        2.51748243986,
        2.52107979286
      ],
      "exit_codes": [
        0,
        0,
        0,
        0,
        0,
        0,
        0,
        0
      ]
    }
  ]
}
