{
  "results": [
    {
      "command": "candidate",
      "mean": 0.4596588640733334,
      "stddev": 0.013731543808015273,
      "median": 0.45946319824000004,
      "user": 0.21196541666666668,
      "system": 0.4685653066666666,
      "min": 0.42763020824000003,
      "max": 0.47737672024,
      "times": [
        0.44633180924,
        0.47001237524,
        0.45992518924000003,
        0.46298982624,
        0.45732154524,
        0.45072576524,
        0.42763020824000003,
        0.45878128024000003,
        0.47360567424,
        0.47737672024,
        0.47220476824,
        0.45900120724000004
      ],
      "exit_codes": [
        0,
        0,
        0,
        0,
        0,
        0,
        0,
        0,
        0,
        0,
        0,
        0
      ]
    },
    {
      "command": "baseline",
      "mean": 0.4606267229066667,
      "stddev": 0.018108530021824887,
      "median": 0.45762745274,
      "user": 0.21422316666666666,
      "system": 0.46105480666666665,
      "min": 0.42816753424000004,
      "max": 0.50580218724,
      "times": [
        0.45324316424,
        0.45083389824000003,
        0.50580218724,
        0.46356593624000003,
        0.45657196324,
        0.45654133424000004,
        0.46347834024,
        0.42816753424000004,
        0.45868294224,
        0.44986338924,
        0.46931444924000004,
        0.47145553624000003
      ],
      "exit_codes": [
        0,
        0,
        0,
        0,
        0,
        0,
        0,
        0,
        0,
        0,
        0,
        0
      ]
    }
  ]
}
