{
  "results": [
    {
      "command": "baseline_1m",
      "mean": 1.49727175004,
      "stddev": 0.04316824768352768,
      "median": 1.48772059404,
      "user": 0.72506676,
      "system": 1.496647055,
      "min": 1.44821243104,
      "max": 1.58855858804,
      "times": [
        1.48176509704,
        1.58855858804,
        1.52381795704,
        1.49933115004,
        1.46998968504,
        1.49367609104,
        1.47282300104,
        1.44821243104
      ],
      "exit_codes": [
        0,
        0,
        0,
        0,
        0,
        0,
        0,
        0
      ]
    },
    {
      "command": "candidate_1m",
      "mean": 1.423444412165,
      "stddev": 0.027918550063895795,
      "median": 1.41693435654,
      "user": 0.6853422599999999,
      "system": 1.4482626800000002,
      "min": 1.39040696004,
      "max": 1.46688646404,
      "times": [
        1.39040696004,
        1.46688646404,
        1.45956946604,
        1.43127788004,
        1.40767962904,
        1.42618908404,
        1.40320089904,
        1.40234491504
      ],
      "exit_codes": [
        0,
        0,
        0,
        0,
        0,
        0,
        0,
        0
      ]
    }
  ]
}
