{
  "results": [
    {
      "command": "artifacts/optimization/frankenredis-qkf0z/pass147/run_remote_spop_once.sh",
      "mean": 4.9342958101050005,
      "stddev": 0.25623162360201723,
      "median": 4.8633219609800005,
      "user": 0.009529214999999999,
      "system": 0.009967759999999999,
      "min": 4.664583519480001,
      "max": 5.40062671448,
      "times": [
        5.02101626248,
        4.66925476448,
        4.8101602554800005,
        4.664583519480001,
        5.40062671448,
        4.911924213480001,
        4.81471970848,
        5.18208104248
      ],
      "exit_codes": [
        0,
        0,
        0,
        0,
        0,
        0,
        0,
        0
      ]
    }
  ]
}
