{
  "results": [
    {
      "command": "artifacts/optimization/frankenredis-qkf0z/pass147/run_remote_spop_once.sh",
      "mean": 5.166806659364999,
      "stddev": 0.29276528179101446,
      "median": 5.109930842740001,
      "user": 0.009938114999999999,
      "system": 0.010157574999999999,
      "min": 4.8977069147400005,
      "max": 5.684889469740001,
      "times": [
        5.684889469740001,
        5.50082872774,
        4.8977069147400005,
        5.20176808174,
        5.1898382427400005,
        5.03002344274,
        4.91651727074,
        4.91288112474
      ],
      "exit_codes": [
        0,
        0,
        0,
        0,
        0,
        0,
        0,
        0
      ]
    }
  ]
}
