{
  "results": [
    {
      "command": "current",
      "mean": 5.076186149960001,
      "stddev": 0.27244641743285164,
      "median": 5.02049255106,
      "user": 0.0098244,
      "system": 0.008952020000000002,
      "min": 4.83416591706,
      "max": 5.72083066206,
      "times": [
        4.83416591706,
        4.93359782206,
        4.85803755606,
        4.89885229606,
        5.10738728006,
        5.26735533406,
        4.85761254206,
        5.15898387706,
        5.72083066206,
        5.12503821306
      ],
      "exit_codes": [
        0,
        0,
        0,
        0,
        0,
        0,
        0,
        0,
        0,
        0
      ]
    },
    {
      "command": "candidate",
      "mean": 5.12029102646,
      "stddev": 0.4202649212706933,
      "median": 4.952914010560001,
      "user": 0.0095165,
      "system": 0.009844420000000001,
      "min": 4.7815306280600005,
      "max": 6.23528858206,
      "times": [
        4.89201207406,
        5.29410812406,
        5.06402696506,
        4.97542686306,
        4.9198040370600005,
        4.91300813106,
        4.7815306280600005,
        4.9304011580600005,
        5.19730370206,
        6.23528858206
      ],
      "exit_codes": [
        0,
        0,
        0,
        0,
        0,
        0,
        0,
        0,
        0,
        0
      ]
    }
  ]
}
