{
  "schema_version": "fr_bench_report/v1",
  "generated_at_ms": 1781374782297,
  "host": "127.0.0.1",
  "port": 6501,
  "workload": "hset",
  "clients": 50,
  "requests": 3000000,
  "pipeline": 16,
  "keyspace": 10000,
  "datasize": 3,
  "read_percent": 50,
  "db": 0,
  "key_prefix": "pass177-paired-baseline",
  "total_time_ms": 3016,
  "ops_per_sec": 994693.998168968,
  "bytes_sent": 227117008,
  "bytes_received": 12000000,
  "latency_us": {
    "min": 99,
    "p50": 753,
    "p95": 1064,
    "p99": 1404,
    "p999": 2561,
    "max": 25407,
    "mean": 794.4944240000023,
    "samples": 3000000
  }
}