{
  "schema_version": "fr_bench_report/v1",
  "generated_at_ms": 1781374807526,
  "host": "127.0.0.1",
  "port": 6502,
  "workload": "hset",
  "clients": 50,
  "requests": 3000000,
  "pipeline": 16,
  "keyspace": 10000,
  "datasize": 3,
  "read_percent": 50,
  "db": 0,
  "key_prefix": "pass177-paired-candidate",
  "total_time_ms": 3006,
  "ops_per_sec": 997993.2129588673,
  "bytes_sent": 230116059,
  "bytes_received": 12000000,
  "latency_us": {
    "min": 164,
    "p50": 763,
    "p95": 970,
    "p99": 1295,
    "p999": 2195,
    "max": 13071,
    "mean": 791.9449533333329,
    "samples": 3000000
  }
}