{
  "results": [
    {
      "command": "baseline",
      "mean": 9.939359501400002,
      "stddev": 0.6424591760556899,
      "median": 9.760064486200001,
      "user": 11.478138659999999,
      "system": 15.407499139999999,
      "min": 9.126364263200001,
      "max": 10.6359569232,
      "times": [
        10.550316119200001,
        9.624095715200001,
        10.6359569232,
        9.760064486200001,
        9.126364263200001
      ],
      "exit_codes": [
        0,
        0,
        0,
        0,
        0
      ]
    },
    {
      "command": "candidate",
      "mean": 9.8073556266,
      "stddev": 0.5167850949678012,
      "median": 9.8941668122,
      "user": 11.320002059999997,
      "system": 14.957003939999998,
      "min": 9.119198347200001,
      "max": 10.316992326200001,
      "times": [
        9.4511930092,
        9.119198347200001,
        10.316992326200001,
        10.255227638200001,
        9.8941668122
      ],
      "exit_codes": [
        0,
        0,
        0,
        0,
        0
      ]
    }
  ]
}
