{
  "results": [
    {
      "command": "baseline",
      "mean": 3.825120412285714,
      "stddev": 0.3549858860100393,
      "median": 3.6559405209999998,
      "user": 4.005254414285714,
      "system": 5.337093922857143,
      "min": 3.451036807,
      "max": 4.370182027,
      "times": [
        4.370182027,
        4.185025613,
        3.970947277,
        3.6559405209999998,
        3.6449985849999997,
        3.497712056,
        3.451036807
      ],
      "exit_codes": [
        0,
        0,
        0,
        0,
        0,
        0,
        0
      ]
    },
    {
      "command": "candidate",
      "mean": 3.6030313725714294,
      "stddev": 0.18762380758520641,
      "median": 3.700684376,
      "user": 3.7263305571428567,
      "system": 5.044897922857143,
      "min": 3.294848543,
      "max": 3.778096302,
      "times": [
        3.294848543,
        3.778096302,
        3.732272226,
        3.761085081,
        3.700684376,
        3.51360216,
        3.44063092
      ],
      "exit_codes": [
        0,
        0,
        0,
        0,
        0,
        0,
        0
      ]
    }
  ]
}
