{
  "schema_version": "fr_bench_report/v1",
  "generated_at_ms": 1781373835495,
  "host": "127.0.0.1",
  "port": 6490,
  "workload": "set",
  "clients": 50,
  "requests": 300000,
  "pipeline": 16,
  "keyspace": 10000,
  "datasize": 3,
  "read_percent": 50,
  "db": 0,
  "key_prefix": "pass177-fr-set",
  "total_time_ms": 318,
  "ops_per_sec": 942070.7121856435,
  "bytes_sent": 16716789,
  "bytes_received": 1500000,
  "latency_us": {
    "min": 103,
    "p50": 706,
    "p95": 1174,
    "p99": 1807,
    "p999": 17711,
    "max": 17823,
    "mean": 827.9632666666677,
    "samples": 300000
  }
}