{
  "schema_version": "fr_bench_report/v1",
  "generated_at_ms": 1781373838845,
  "host": "127.0.0.1",
  "port": 6490,
  "workload": "lpop",
  "clients": 50,
  "requests": 300000,
  "pipeline": 16,
  "keyspace": 10000,
  "datasize": 3,
  "read_percent": 50,
  "db": 0,
  "key_prefix": "pass177-fr-lpop",
  "total_time_ms": 371,
  "ops_per_sec": 806506.1344523366,
  "bytes_sent": 13767082,
  "bytes_received": 2699760,
  "latency_us": {
    "min": 62,
    "p50": 932,
    "p95": 1157,
    "p99": 2687,
    "p999": 3473,
    "max": 3605,
    "mean": 972.1348133333335,
    "samples": 300000
  }
}