{
  "schema_version": "fr_bench_report/v1",
  "generated_at_ms": 1781373837597,
  "host": "127.0.0.1",
  "port": 6490,
  "workload": "lpush",
  "clients": 50,
  "requests": 300000,
  "pipeline": 16,
  "keyspace": 10000,
  "datasize": 3,
  "read_percent": 50,
  "db": 0,
  "key_prefix": "pass177-fr-lpush",
  "total_time_ms": 414,
  "ops_per_sec": 724146.0611971057,
  "bytes_sent": 17316368,
  "bytes_received": 1410000,
  "latency_us": {
    "min": 123,
    "p50": 1020,
    "p95": 1528,
    "p99": 2417,
    "p999": 2715,
    "max": 3477,
    "mean": 1079.7594200000003,
    "samples": 300000
  }
}