{
  "schema_version": "fr_bench_report/v1",
  "generated_at_ms": 1781373841034,
  "host": "127.0.0.1",
  "port": 6490,
  "workload": "hget",
  "clients": 50,
  "requests": 300000,
  "pipeline": 16,
  "keyspace": 10000,
  "datasize": 3,
  "read_percent": 50,
  "db": 0,
  "key_prefix": "pass177-fr-hget",
  "total_time_ms": 387,
  "ops_per_sec": 774540.7125255613,
  "bytes_sent": 17066889,
  "bytes_received": 2700000,
  "latency_us": {
    "min": 75,
    "p50": 960,
    "p95": 1300,
    "p99": 1462,
    "p999": 6291,
    "max": 6307,
    "mean": 1009.1381500000006,
    "samples": 300000
  }
}