{
  "schema_version": "fr_bench_report/v1",
  "generated_at_ms": 1781145432866,
  "host": "127.0.0.1",
  "port": 6763,
  "workload": "get",
  "clients": 50,
  "requests": 1000000,
  "pipeline": 16,
  "keyspace": 10000,
  "datasize": 3,
  "read_percent": 50,
  "db": 0,
  "key_prefix": "q81y2:p131:paired:candidate",
  "total_time_ms": 2301,
  "ops_per_sec": 434525.9691566732,
  "bytes_sent": 58889559,
  "bytes_received": 9000000,
  "latency_us": {
    "min": 37,
    "p50": 993,
    "p95": 2999,
    "p99": 4017,
    "p999": 7179,
    "max": 26607,
    "mean": 1236.2352429999996,
    "samples": 1000000
  }
}