{
  "schema_version": "fr_bench_report/v1",
  "generated_at_ms": 1781145412046,
  "host": "127.0.0.1",
  "port": 6762,
  "workload": "get",
  "clients": 50,
  "requests": 1000000,
  "pipeline": 16,
  "keyspace": 10000,
  "datasize": 3,
  "read_percent": 50,
  "db": 0,
  "key_prefix": "q81y2:p131:paired:current",
  "total_time_ms": 1943,
  "ops_per_sec": 514517.1862771101,
  "bytes_sent": 56888913,
  "bytes_received": 9000000,
  "latency_us": {
    "min": 35,
    "p50": 918,
    "p95": 2991,
    "p99": 3995,
    "p999": 7375,
    "max": 66175,
    "mean": 1116.524820999998,
    "samples": 1000000
  }
}