{
  "schema_version": "fr_bench_report/v1",
  "generated_at_ms": 1781072953359,
  "host": "127.0.0.1",
  "port": 6640,
  "workload": "set",
  "clients": 50,
  "requests": 1000000,
  "pipeline": 16,
  "keyspace": 10000,
  "datasize": 3,
  "read_percent": 50,
  "db": 0,
  "key_prefix": "ohsk5:p121:baseline",
  "total_time_ms": 642,
  "ops_per_sec": 1556377.5099919944,
  "bytes_sent": 61339722,
  "bytes_received": 5000000,
  "latency_us": {
    "min": 53,
    "p50": 456,
    "p95": 780,
    "p99": 1132,
    "p999": 2239,
    "max": 3319,
    "mean": 500.4873179999997,
    "samples": 1000000
  }
}