{
  "schema_version": "fr_bench_report/v1",
  "generated_at_ms": 1780865094228,
  "host": "127.0.0.1",
  "port": 6463,
  "workload": "get",
  "clients": 16,
  "requests": 1000000,
  "pipeline": 16,
  "keyspace": 10000,
  "datasize": 3,
  "read_percent": 50,
  "db": 0,
  "key_prefix": "fr:pass62:reversed-baseline",
  "total_time_ms": 1324,
  "ops_per_sec": 755021.2307553214,
  "bytes_sent": 58888703,
  "bytes_received": 9000000,
  "latency_us": {
    "min": 31,
    "p50": 311,
    "p95": 472,
    "p99": 737,
    "p999": 1397,
    "max": 2309,
    "mean": 330.97605500000077,
    "samples": 1000000
  }
}