{
  "schema_version": "fr_bench_report/v1",
  "generated_at_ms": 1780865067538,
  "host": "127.0.0.1",
  "port": 6464,
  "workload": "get",
  "clients": 16,
  "requests": 300000,
  "pipeline": 16,
  "keyspace": 10000,
  "datasize": 3,
  "read_percent": 50,
  "db": 0,
  "key_prefix": "fr:pass62:paired-candidate",
  "total_time_ms": 389,
  "ops_per_sec": 770033.1773671345,
  "bytes_sent": 17366486,
  "bytes_received": 2700000,
  "latency_us": {
    "min": 35,
    "p50": 314,
    "p95": 427,
    "p99": 667,
    "p999": 1024,
    "max": 1782,
    "mean": 323.5704666666661,
    "samples": 300000
  }
}