{
  "results": [
    {
      "command": "baseline",
      "mean": 0.40687633324,
      "stddev": 0.016214145776466703,
      "median": 0.40873673274,
      "user": 0.17581185,
      "system": 0.37410644500000007,
      "min": 0.37917372774,
      "max": 0.42689966274,
      "times": [
        0.42689966274,
        0.38971173874,
        0.42185384374,
        0.40527259574,
        0.40276698874,
        0.41220086974,
        0.37917372774,
        0.41713123874
      ],
      "exit_codes": [
        0,
        0,
        0,
        0,
        0,
        0,
        0,
        0
      ]
    },
    {
      "command": "candidate",
      "mean": 0.40945477923999996,
      "stddev": 0.010704157903299916,
      "median": 0.41066738974,
      "user": 0.1791856,
      "system": 0.37559781999999997,
      "min": 0.39191627574,
      "max": 0.42556560574,
      "times": [
        0.39987536174,
        0.41387608274,
        0.42556560574,
        0.40745869674,
        0.41687276974,
        0.41568887674,
        0.39191627574,
        0.40438456474
      ],
      "exit_codes": [
        0,
        0,
        0,
        0,
        0,
        0,
        0,
        0
      ]
    }
  ]
}
