{
  "results": [
    {
      "command": "candidate",
      "mean": 1.30576424864,
      "stddev": 0.040574765533201995,
      "median": 1.32125587104,
      "user": 0.57675174,
      "system": 1.2151009,
      "min": 1.24423850204,
      "max": 1.3477019560399999,
      "times": [
        1.32125587104,
        1.3477019560399999,
        1.24423850204,
        1.2879042060399999,
        1.32772070804
      ],
      "exit_codes": [
        0,
        0,
        0,
        0,
        0
      ]
    },
    {
      "command": "baseline",
      "mean": 1.28374036164,
      "stddev": 0.03191641874611128,
      "median": 1.27831768804,
      "user": 0.59840994,
      "system": 1.1770721,
      "min": 1.25697161304,
      "max": 1.33819452904,
      "times": [
        1.25697161304,
        1.2650067330399999,
        1.27831768804,
        1.2802112450399998,
        1.33819452904
      ],
      "exit_codes": [
        0,
        0,
        0,
        0,
        0
      ]
    }
  ]
}
