{
  "schema_version": "fr_bench_report/v1",
  "generated_at_ms": 1781143056116,
  "host": "127.0.0.1",
  "port": 6741,
  "workload": "get",
  "clients": 50,
  "requests": 3000000,
  "pipeline": 16,
  "keyspace": 10000,
  "datasize": 3,
  "read_percent": 50,
  "db": 0,
  "key_prefix": "ohsk5:p129:prof",
  "total_time_ms": 1743,
  "ops_per_sec": 1720993.7180419245,
  "bytes_sent": 140666034,
  "bytes_received": 27000000,
  "latency_us": {
    "min": 37,
    "p50": 421,
    "p95": 678,
    "p99": 866,
    "p999": 1208,
    "max": 16991,
    "mean": 455.7203943333337,
    "samples": 3000000
  }
}