{
  "schema_version": "fr_bench_report/v1",
  "generated_at_ms": 1781153039883,
  "host": "127.0.0.1",
  "port": 26856,
  "workload": "get",
  "clients": 50,
  "requests": 1000000,
  "pipeline": 16,
  "keyspace": 10000,
  "datasize": 3,
  "read_percent": 50,
  "db": 0,
  "key_prefix": "frja34o_rev_cand_",
  "total_time_ms": 597,
  "ops_per_sec": 1674171.7498176266,
  "bytes_sent": 48888946,
  "bytes_received": 9000000,
  "latency_us": {
    "min": 47,
    "p50": 435,
    "p95": 710,
    "p99": 879,
    "p999": 1086,
    "max": 1591,
    "mean": 464.90467700000096,
    "samples": 1000000
  }
}