{
  "schema_version": "fr_bench_report/v1",
  "generated_at_ms": 1781153047566,
  "host": "127.0.0.1",
  "port": 26857,
  "workload": "get",
  "clients": 50,
  "requests": 1000000,
  "pipeline": 16,
  "keyspace": 10000,
  "datasize": 3,
  "read_percent": 50,
  "db": 0,
  "key_prefix": "frja34o_rev_cur_",
  "total_time_ms": 559,
  "ops_per_sec": 1786375.812577251,
  "bytes_sent": 47889437,
  "bytes_received": 9000000,
  "latency_us": {
    "min": 37,
    "p50": 411,
    "p95": 652,
    "p99": 861,
    "p999": 1101,
    "max": 1692,
    "mean": 434.9340950000002,
    "samples": 1000000
  }
}