{
  "schema_version": "fr_bench_report/v1",
  "generated_at_ms": 1781067584338,
  "host": "127.0.0.1",
  "port": 6576,
  "workload": "set",
  "clients": 50,
  "requests": 1000000,
  "pipeline": 16,
  "keyspace": 10000,
  "datasize": 3,
  "read_percent": 50,
  "db": 0,
  "key_prefix": "ohsk5:p116:baseline",
  "total_time_ms": 716,
  "ops_per_sec": 1396068.999727479,
  "bytes_sent": 61339348,
  "bytes_received": 5000000,
  "latency_us": {
    "min": 39,
    "p50": 508,
    "p95": 878,
    "p99": 1421,
    "p999": 2531,
    "max": 3265,
    "mean": 555.2952810000006,
    "samples": 1000000
  }
}