{
  "results": [
    {
      "command": "fr-incr",
      "mean": 1.22047282602,
      "stddev": 0.04135269977744442,
      "median": 1.2230190094200002,
      "user": 0.9228425600000001,
      "system": 1.42466896,
      "min": 1.14899104992,
      "max": 1.2730096879200001,
      "times": [
        1.25171092792,
        1.2730096879200001,
        1.22165850692,
        1.23342026692,
        1.22126359692,
        1.14899104992,
        1.22437951192,
        1.1624737599200001,
        1.27020692692,
        1.19761402492
      ],
      "exit_codes": [
        0,
        0,
        0,
        0,
        0,
        0,
        0,
        0,
        0,
        0
      ]
    },
    {
      "command": "redis-incr",
      "mean": 1.25957408722,
      "stddev": 0.0510653892090384,
      "median": 1.2238618029200001,
      "user": 0.8788878600000001,
      "system": 1.4050543599999998,
      "min": 1.2173521949200001,
      "max": 1.3196844649200001,
      "times": [
        1.2281997149200001,
        1.2183013359200001,
        1.31719111292,
        1.3194799359200002,
        1.3196844649200001,
        1.31883908192,
        1.21894346092,
        1.21822567892,
        1.2195238909200001,
        1.2173521949200001
      ],
      "exit_codes": [
        0,
        0,
        0,
        0,
        0,
        0,
        0,
        0,
        0,
        0
      ]
    }
  ]
}
