{
  "schema_version": "fr_bench_report/v1",
  "generated_at_ms": 1781067615195,
  "host": "127.0.0.1",
  "port": 6577,
  "workload": "set",
  "clients": 50,
  "requests": 3000000,
  "pipeline": 16,
  "keyspace": 10000,
  "datasize": 3,
  "read_percent": 50,
  "db": 0,
  "key_prefix": "ohsk5:p116:profile",
  "total_time_ms": 1841,
  "ops_per_sec": 1628678.9259873782,
  "bytes_sent": 182116793,
  "bytes_received": 15000000,
  "latency_us": {
    "min": 41,
    "p50": 443,
    "p95": 707,
    "p99": 987,
    "p999": 1941,
    "max": 18959,
    "mean": 481.2135726666651,
    "samples": 3000000
  }
}