{
  "schema_version": "fr_bench_report/v1",
  "generated_at_ms": 1780762055476,
  "host": "127.0.0.1",
  "port": 20661,
  "workload": "set",
  "clients": 50,
  "requests": 300000,
  "pipeline": 16,
  "keyspace": 10000,
  "datasize": 3,
  "read_percent": 50,
  "db": 0,
  "key_prefix": "cod-pass42-base-hf",
  "total_time_ms": 690,
  "ops_per_sec": 434482.0705209471,
  "bytes_sent": 17917029,
  "bytes_received": 1500000,
  "latency_us": {
    "min": 384,
    "p50": 1658,
    "p95": 2599,
    "p99": 3051,
    "p999": 3851,
    "max": 5363,
    "mean": 1811.7912566666632,
    "samples": 300000
  }
}