{
  "schema_version": "fr_bench_report/v1",
  "generated_at_ms": 1780762572005,
  "host": "127.0.0.1",
  "port": 20662,
  "workload": "set",
  "clients": 50,
  "requests": 300000,
  "pipeline": 16,
  "keyspace": 10000,
  "datasize": 3,
  "read_percent": 50,
  "db": 0,
  "key_prefix": "cod-pass42-cand-hf",
  "total_time_ms": 1005,
  "ops_per_sec": 298492.8692068374,
  "bytes_sent": 17916816,
  "bytes_received": 1500000,
  "latency_us": {
    "min": 86,
    "p50": 2413,
    "p95": 4003,
    "p99": 4987,
    "p999": 7039,
    "max": 27327,
    "mean": 2597.0719466666733,
    "samples": 300000
  }
}