{
  "results": [
    {
      "command": "/data/tmp/frankenredis-yjedr-candidate-target/release/fr-bench --port 25254 --workload lpush --clients 50 --pipeline 16 --requests 1000000 --keyspace 100000 --key-prefix yjedr:cand --json-out artifacts/optimization/frankenredis-yjedr/candidate-run1/lpush-p16-c50-n1m-last.json",
      "mean": 1.4130468587114287,
      "stddev": 0.09084697971867588,
      "median": 1.43461205314,
      "user": 0.7375358742857143,
      "system": 1.0675327228571427,
      "min": 1.29103043914,
      "max": 1.5387577381400002,
      "times": [
        1.43461205314,
        1.46122935114,
        1.47466825814,
        1.5387577381400002,
        1.38503041614,
        1.29103043914,
        1.30599975514
      ],
      "exit_codes": [
        0,
        0,
        0,
        0,
        0,
        0,
        0
      ]
    }
  ]
}
