{
  "schema_version": "fr_bench_report/v1",
  "generated_at_ms": 1780984195381,
  "host": "127.0.0.1",
  "port": 49584,
  "workload": "hset",
  "clients": 50,
  "requests": 1000000,
  "pipeline": 16,
  "keyspace": 10000,
  "datasize": 3,
  "read_percent": 50,
  "db": 0,
  "key_prefix": "om-pass98:reversed:baseline",
  "total_time_ms": 1905,
  "ops_per_sec": 524883.3620595436,
  "bytes_sent": 79338939,
  "bytes_received": 4000000,
  "latency_us": {
    "min": 42,
    "p50": 1370,
    "p95": 2173,
    "p99": 3311,
    "p999": 4963,
    "max": 10087,
    "mean": 1504.7942460000006,
    "samples": 1000000
  }
}