{
  "results": [
    {
      "command": "/data/projects/.scratch/frankenredis-coralox-pass165b-20260613T091500Z/legacy_redis_code/redis/src/redis-benchmark -p 23962 -t lpush -n 1000000 -c 50 -P 16 -r 100000 -q",
      "mean": 1.01357187846,
      "stddev": 0.03565598642167769,
      "median": 1.0179164201600002,
      "user": 0.20612627999999997,
      "system": 0.79914262,
      "min": 0.9234182701600001,
      "max": 1.0541168031600001,
      "times": [
        1.00439119316,
        1.01782343416,
        1.0076542451600001,
        1.01800940616,
        1.01972317316,
        1.0488766841600001,
        1.0541168031600001,
        1.01300363016,
        1.0287019451600001,
        0.9234182701600001
      ],
      "exit_codes": [
        0,
        0,
        0,
        0,
        0,
        0,
        0,
        0,
        0,
        0
      ]
    }
  ]
}
