{
  "results": [
    {
      "command": "/data/projects/.scratch/frankenredis-coralox-pass165b-20260613T091500Z/legacy_redis_code/redis/src/redis-benchmark -p 23964 -t lpush -n 1000000 -c 50 -P 16 -r 100000 -q",
      "mean": 1.02953379234,
      "stddev": 0.042375368599479823,
      "median": 1.03625188524,
      "user": 0.19849259999999996,
      "system": 0.8184392,
      "min": 0.95005063774,
      "max": 1.0796824927400002,
      "times": [
        1.05525617974,
        1.0796824927400002,
        1.05803286174,
        1.0689712367400002,
        1.0065711827400001,
        1.06455017874,
        0.98442716474,
        1.01054839774,
        1.01724759074,
        0.95005063774
      ],
      "exit_codes": [
        0,
        0,
        0,
        0,
        0,
        0,
        0,
        0,
        0,
        0
      ]
    }
  ]
}
