{
  "results": [
    {
      "command": "current",
      "mean": 0.9969437738200002,
      "stddev": 0.021961646892493907,
      "median": 0.9983693658199999,
      "user": 0.20022607999999997,
      "system": 0.7911575199999998,
      "min": 0.9652226213200001,
      "max": 1.02355205232,
      "times": [
        1.02355205232,
        0.9652226213200001,
        1.01871634832,
        0.99647611832,
        0.9777598663200001,
        1.0002626133199999,
        1.0118266943199998,
        0.98826919832,
        1.0206500623199999,
        0.9667021633200001
      ],
      "exit_codes": [
        0,
        0,
        0,
        0,
        0,
        0,
        0,
        0,
        0,
        0
      ]
    },
    {
      "command": "candidate",
      "mean": 1.00329244242,
      "stddev": 0.03405496375050271,
      "median": 1.0082050913199998,
      "user": 0.20277578,
      "system": 0.79345002,
      "min": 0.9507995113200001,
      "max": 1.0651373333199998,
      "times": [
        0.9856559153200001,
        0.9507995113200001,
        0.9636279683200001,
        1.00296328932,
        1.0134468933199998,
        1.03419414332,
        1.0651373333199998,
        1.0171041023199998,
        0.9812567793200001,
        1.01873848832
      ],
      "exit_codes": [
        0,
        0,
        0,
        0,
        0,
        0,
        0,
        0,
        0,
        0
      ]
    }
  ]
}
