{
  "schema_version": "fr_bench_report/v1",
  "generated_at_ms": 1780763134028,
  "host": "127.0.0.1",
  "port": 6449,
  "workload": "set",
  "clients": 50,
  "requests": 300000,
  "pipeline": 16,
  "keyspace": 10000,
  "datasize": 3,
  "read_percent": 50,
  "db": 0,
  "key_prefix": "pass43cand",
  "total_time_ms": 808,
  "ops_per_sec": 370930.18645065476,
  "bytes_sent": 15516162,
  "bytes_received": 1500000,
  "latency_us": {
    "min": 151,
    "p50": 1958,
    "p95": 3067,
    "p99": 3689,
    "p999": 4987,
    "max": 5431,
    "mean": 2110.56037,
    "samples": 300000
  }
}