{
  "schema_version": "fr_bench_report/v1",
  "generated_at_ms": 1780762868977,
  "host": "127.0.0.1",
  "port": 6448,
  "workload": "set",
  "clients": 50,
  "requests": 1000000,
  "pipeline": 16,
  "keyspace": 10000,
  "datasize": 3,
  "read_percent": 50,
  "db": 0,
  "key_prefix": "pass43prof",
  "total_time_ms": 2458,
  "ops_per_sec": 406820.54330973065,
  "bytes_sent": 52338928,
  "bytes_received": 5000000,
  "latency_us": {
    "min": 85,
    "p50": 1840,
    "p95": 2575,
    "p99": 3227,
    "p999": 4251,
    "max": 6131,
    "mean": 1945.458200000004,
    "samples": 1000000
  }
}