{
  "results": [
    {
      "command": "MODE=borrowed-command FIELDS=16 VALUE_SIZE=64 ITERATIONS=200000 target-icywolf-m09ka-baseline/release-perf/fr-ds9o7-parser-harness",
      "mean": 0.13549360506,
      "stddev": 0.00812145601320546,
      "median": 0.13278818856000002,
      "user": 0.13319228999999996,
      "system": 0.00169167,
      "min": 0.12591328106,
      "max": 0.15239105406,
      "times": [
        0.13242123306,
        0.13584928906,
        0.12950547806,
        0.14607265206,
        0.15239105406,
        0.14562916106,
        0.13004659306,
        0.13134760906,
        0.13315514406,
        0.13385608206,
        0.12973568406,
        0.12591328106
      ],
      "exit_codes": [
        0,
        0,
        0,
        0,
        0,
        0,
        0,
        0,
        0,
        0,
        0,
        0
      ]
    }
  ]
}
