{
  "results": [
    {
      "command": "MODE=borrowed-command FIELDS=16 VALUE_SIZE=64 ITERATIONS=200000 target-icywolf-m09ka-baseline-harness/release-perf/fr-ds9o7-parser-harness",
      "mean": 0.13350840299666664,
      "stddev": 0.004014371061721229,
      "median": 0.13316888458,
      "user": 0.13120959666666668,
      "system": 0.0017381366666666665,
      "min": 0.12653341508,
      "max": 0.14040368908,
      "times": [
        0.13153269908,
        0.13188153008,
        0.13124964208,
        0.12815911608,
        0.13781220908,
        0.13547982908,
        0.13670631308,
        0.13224504908,
        0.12653341508,
        0.14040368908,
        0.13409272008,
        0.13600462408
      ],
      "exit_codes": [
        0,
        0,
        0,
        0,
        0,
        0,
        0,
        0,
        0,
        0,
        0,
        0
      ]
    }
  ]
}
