{
  "results": [
    {
      "command": "MODE=borrowed-command FIELDS=16 VALUE_SIZE=64 ITERATIONS=200000 target-icywolf-m09ka-cleanbaseline/release-perf/fr-ds9o7-parser-harness",
      "mean": 0.13047077534333332,
      "stddev": 0.003446029758517565,
      "median": 0.13094021826000002,
      "user": 0.12816864333333333,
      "system": 0.001729873333333333,
      "min": 0.12563221176000003,
      "max": 0.13614111376000002,
      "times": [
        0.13137594676000003,
        0.12777889776,
        0.12769785476,
        0.13223866676,
        0.13404257676000003,
        0.13316638176,
        0.13326759176000003,
        0.13050448976,
        0.13614111376000002,
        0.12563221176000003,
        0.12809742076000002,
        0.12570615176000002
      ],
      "exit_codes": [
        0,
        0,
        0,
        0,
        0,
        0,
        0,
        0,
        0,
        0,
        0,
        0
      ]
    }
  ]
}
