{
  "results": [
    {
      "command": "MODE=borrowed-command FIELDS=16 VALUE_SIZE=64 ITERATIONS=200000 /data/projects/.scratch/frankenredis-m09ka-baseline-ae6a38804-icywolf/target-icywolf-m09ka-cleanbaseline/release-perf/fr-ds9o7-parser-harness",
      "mean": 0.13352615508000001,
      "stddev": 0.006412839749562169,
      "median": 0.13207361158000003,
      "user": 0.13202951666666662,
      "system": 0.0007784933333333329,
      "min": 0.12592323108,
      "max": 0.15112471108000003,
      "times": [
        0.13204388008,
        0.12804622708000002,
        0.13210334308000002,
        0.13497735008000003,
        0.12592323108,
        0.13295087708000003,
        0.13857267208000001,
        0.13012680408000002,
        0.13400673408000002,
        0.13085274708000003,
        0.13158528408000003,
        0.15112471108000003
      ],
      "exit_codes": [
        0,
        0,
        0,
        0,
        0,
        0,
        0,
        0,
        0,
        0,
        0,
        0
      ]
    },
    {
      "command": "MODE=borrowed-command FIELDS=16 VALUE_SIZE=64 ITERATIONS=200000 target-icywolf-m09ka-candidate/release-perf/fr-ds9o7-parser-harness",
      "mean": 0.16133427391333335,
      "stddev": 0.009735017333514596,
      "median": 0.15926666058,
      "user": 0.15906093333333332,
      "system": 0.0013436599999999998,
      "min": 0.14887634808000003,
      "max": 0.17859540408000002,
      "times": [
        0.16110052408000003,
        0.15113962908000003,
        0.15206437908,
        0.17707512708000003,
        0.17859540408000002,
        0.14887634808000003,
        0.15726953708000002,
        0.15758520408,
        0.15629222908,
        0.16447817608,
        0.16094811708,
        0.17058661208000003
      ],
      "exit_codes": [
        0,
        0,
        0,
        0,
        0,
        0,
        0,
        0,
        0,
        0,
        0,
        0
      ]
    }
  ]
}
