{
  "results": [
    {
      "command": "MODE=borrowed-command FIELDS=16 VALUE_SIZE=64 ITERATIONS=200000 target-icywolf-m09ka-baseline-harness/release-perf/fr-ds9o7-parser-harness",
      "mean": 0.12980366413333336,
      "stddev": 0.0035923456498822203,
      "median": 0.1295887678,
      "user": 0.12792924333333333,
      "system": 0.00159997,
      "min": 0.1254936178,
      "max": 0.13673060080000002,
      "times": [
        0.13673060080000002,
        0.1257265588,
        0.1329540848,
        0.1302117478,
        0.1326640148,
        0.1260352748,
        0.1254936178,
        0.1289657878,
        0.1311135378,
        0.12802045580000002,
        0.1330807948,
        0.1266474938
      ],
      "exit_codes": [
        0,
        0,
        0,
        0,
        0,
        0,
        0,
        0,
        0,
        0,
        0,
        0
      ]
    },
    {
      "command": "MODE=borrowed-command FIELDS=16 VALUE_SIZE=64 ITERATIONS=200000 target-icywolf-m09ka-candidate-harness/release-perf/fr-ds9o7-parser-harness",
      "mean": 0.15334864596666667,
      "stddev": 0.006683518064372127,
      "median": 0.1512493633,
      "user": 0.15105624333333334,
      "system": 0.0018256366666666666,
      "min": 0.1465513708,
      "max": 0.16719389680000002,
      "times": [
        0.1474047278,
        0.1493626388,
        0.1512734588,
        0.1465513708,
        0.1512252678,
        0.1635044648,
        0.1601874898,
        0.16719389680000002,
        0.15208519680000002,
        0.15382001380000002,
        0.14856278180000002,
        0.1490124438
      ],
      "exit_codes": [
        0,
        0,
        0,
        0,
        0,
        0,
        0,
        0,
        0,
        0,
        0,
        0
      ]
    }
  ]
}
