{
  "schema_version": "fr_bench_report/v1",
  "generated_at_ms": 1780763764519,
  "host": "127.0.0.1",
  "port": 20673,
  "workload": "set",
  "clients": 50,
  "requests": 300000,
  "pipeline": 16,
  "keyspace": 10000,
  "datasize": 3,
  "read_percent": 50,
  "db": 0,
  "key_prefix": "cod-pass43-expire-cand",
  "total_time_ms": 1203,
  "ops_per_sec": 249299.65598018622,
  "bytes_sent": 19116910,
  "bytes_received": 1500000,
  "latency_us": {
    "min": 83,
    "p50": 2453,
    "p95": 4507,
    "p99": 9407,
    "p999": 23743,
    "max": 62143,
    "mean": 2836.3740500000026,
    "samples": 300000
  }
}