{
  "schema_version": "fr_bench_report/v1",
  "generated_at_ms": 1780763304321,
  "host": "127.0.0.1",
  "port": 20671,
  "workload": "set",
  "clients": 50,
  "requests": 1000000,
  "pipeline": 16,
  "keyspace": 10000,
  "datasize": 3,
  "read_percent": 50,
  "db": 0,
  "key_prefix": "cod-pass43-profile1m",
  "total_time_ms": 3263,
  "ops_per_sec": 306421.90857592685,
  "bytes_sent": 62339588,
  "bytes_received": 5000000,
  "latency_us": {
    "min": 67,
    "p50": 2285,
    "p95": 4115,
    "p99": 5683,
    "p999": 14039,
    "max": 50463,
    "mean": 2548.408533000003,
    "samples": 1000000
  }
}