{
  "schema_version": "fr_bench_report/v1",
  "generated_at_ms": 1781355149512,
  "host": "127.0.0.1",
  "port": 25246,
  "workload": "lpush",
  "clients": 50,
  "requests": 1000000,
  "pipeline": 16,
  "keyspace": 100000,
  "datasize": 3,
  "read_percent": 50,
  "db": 0,
  "key_prefix": "63c8x:pair2cand",
  "total_time_ms": 1281,
  "ops_per_sec": 780635.3947760076,
  "bytes_sent": 58338457,
  "bytes_received": 5006725,
  "latency_us": {
    "min": 109,
    "p50": 1007,
    "p95": 1081,
    "p99": 1102,
    "p999": 1185,
    "max": 1744,
    "mean": 1013.552915,
    "samples": 1000000
  }
}