{
  "results": [
    {
      "command": "candidate",
      "mean": 1.3738326620228574,
      "stddev": 0.05470042601822052,
      "median": 1.37336819888,
      "user": 0.7309481942857143,
      "system": 1.144919602857143,
      "min": 1.28355947688,
      "max": 1.45895289088,
      "times": [
        1.38335149988,
        1.37336819888,
        1.4101825058800002,
        1.45895289088,
        1.36666660488,
        1.34074745688,
        1.28355947688
      ],
      "exit_codes": [
        0,
        0,
        0,
        0,
        0,
        0,
        0
      ]
    },
    {
      "command": "baseline",
      "mean": 1.4601823774514284,
      "stddev": 0.12518512475418406,
      "median": 1.5045814288800001,
      "user": 0.7345041942857142,
      "system": 1.184102317142857,
      "min": 1.27650684888,
      "max": 1.60051589488,
      "times": [
        1.27650684888,
        1.33461845888,
        1.39650217388,
        1.60051589488,
        1.57770417288,
        1.5045814288800001,
        1.5308476638800002
      ],
      "exit_codes": [
        0,
        0,
        0,
        0,
        0,
        0,
        0
      ]
    }
  ]
}
