{
  "results": [
    {
      "command": "baseline-3jcbz-getset",
      "mean": 2.1478062284800004,
      "stddev": 0.013041840379448602,
      "median": 2.14854673848,
      "user": 2.9576625200000004,
      "system": 1.80082222,
      "min": 2.12356272348,
      "max": 2.16916497248,
      "times": [
        2.15582573748,
        2.12356272348,
        2.13689510648,
        2.16916497248,
        2.14537956448,
        2.14457267248,
        2.15285073548,
        2.13801778948,
        2.15171391248,
        2.16007907048
      ],
      "exit_codes": [
        0,
        0,
        0,
        0,
        0,
        0,
        0,
        0,
        0,
        0
      ]
    },
    {
      "command": "candidate-3jcbz-getset",
      "mean": 2.13414324888,
      "stddev": 0.027844405812139362,
      "median": 2.14189030498,
      "user": 2.90022682,
      "system": 1.78347172,
      "min": 2.06905330748,
      "max": 2.17182160948,
      "times": [
        2.12520090648,
        2.14638827948,
        2.13482201348,
        2.17182160948,
        2.11210084748,
        2.06905330748,
        2.14783500248,
        2.13739233048,
        2.14868767148,
        2.14813052048
      ],
      "exit_codes": [
        0,
        0,
        0,
        0,
        0,
        0,
        0,
        0,
        0,
        0
      ]
    }
  ]
}
