{
  "results": [
    {
      "command": "/data/projects/frankenredis/legacy_redis_code/redis/src/redis-benchmark -p 28640 -n 200 -c 1 -P 1 -q getrange bigstr 0 -1",
      "mean": 0.05756193676000001,
      "stddev": 0.006908842552119133,
      "median": 0.05630711406,
      "user": 0.011663079999999998,
      "system": 0.034731059999999994,
      "min": 0.04439490656,
      "max": 0.06631643356000001,
      "times": [
        0.06557697156000002,
        0.055170348560000006,
        0.06631643356000001,
        0.05392650056,
        0.058237074560000004,
        0.05744387956,
        0.06612455056000001,
        0.05453011456,
        0.05389858756,
        0.04439490656
      ],
      "exit_codes": [
        0,
        0,
        0,
        0,
        0,
        0,
        0,
        0,
        0,
        0
      ]
    },
    {
      "command": "/data/projects/frankenredis/legacy_redis_code/redis/src/redis-benchmark -p 28641 -n 200 -c 1 -P 1 -q getrange bigstr 0 -1",
      "mean": 0.052150372960000003,
      "stddev": 0.004528494343060179,
      "median": 0.05242435656,
      "user": 0.011127079999999998,
      "system": 0.031683260000000005,
      "min": 0.04629367756,
      "max": 0.05866857156,
      "times": [
        0.05372662056,
        0.047282732560000006,
        0.057150182560000005,
        0.05866857156,
        0.05602939656,
        0.051122092560000006,
        0.04884202856,
        0.04629367756,
        0.054917328560000006,
        0.04747109856
      ],
      "exit_codes": [
        0,
        0,
        0,
        0,
        0,
        0,
        0,
        0,
        0,
        0
      ]
    }
  ]
}
