{
  "results": [
    {
      "command": "baseline-gogmd-getset",
      "mean": 2.1612674338,
      "stddev": 0.025243851393861406,
      "median": 2.1635940615,
      "user": 2.95574704,
      "system": 1.8120088200000002,
      "min": 2.1208087395,
      "max": 2.2047576635,
      "times": [
        2.1309495205,
        2.1455164075,
        2.1503176485,
        2.2047576635,
        2.1792853245,
        2.1688106645,
        2.1813723545,
        2.1724785565,
        2.1208087395,
        2.1583774585
      ],
      "exit_codes": [
        0,
        0,
        0,
        0,
        0,
        0,
        0,
        0,
        0,
        0
      ]
    },
    {
      "command": "candidate-gogmd-getset",
      "mean": 2.3210490679999998,
      "stddev": 0.115374132234089,
      "median": 2.362744653,
      "user": 2.94773124,
      "system": 1.9623041199999995,
      "min": 2.1032035015,
      "max": 2.4546603735,
      "times": [
        2.1682189375,
        2.2913477665,
        2.3787654085,
        2.3467238975,
        2.3857902585,
        2.4546603735,
        2.3848610805,
        2.4392792455,
        2.2576402105,
        2.1032035015
      ],
      "exit_codes": [
        0,
        0,
        0,
        0,
        0,
        0,
        0,
        0,
        0,
        0
      ]
    }
  ]
}
