{
  "schema_version": "fr_bench_report/v1",
  "generated_at_ms": 1781141652748,
  "host": "127.0.0.1",
  "port": 6730,
  "workload": "get",
  "clients": 50,
  "requests": 1000000,
  "pipeline": 16,
  "keyspace": 10000,
  "datasize": 3,
  "read_percent": 50,
  "db": 0,
  "key_prefix": "ohsk5:p128:baseline",
  "total_time_ms": 660,
  "ops_per_sec": 1512924.43078934,
  "bytes_sent": 50888234,
  "bytes_received": 9000000,
  "latency_us": {
    "min": 42,
    "p50": 491,
    "p95": 764,
    "p99": 986,
    "p999": 1301,
    "max": 2121,
    "mean": 515.0956919999993,
    "samples": 1000000
  }
}