{
  "results": [
    {
      "command": "current",
      "mean": 0.31911167022,
      "stddev": 0.021883339500491303,
      "median": 0.31436581562000004,
      "user": 0.19024256000000003,
      "system": 0.4230661799999999,
      "min": 0.28525783612000005,
      "max": 0.36305676112,
      "times": [
        0.33550185012000006,
        0.30494195412,
        0.36305676112,
        0.31096788212000004,
        0.28525783612000005,
        0.30332578212000005,
        0.33085268012,
        0.30732815512000006,
        0.33212005212,
        0.31776374912000005
      ],
      "exit_codes": [
        0,
        0,
        0,
        0,
        0,
        0,
        0,
        0,
        0,
        0
      ]
    },
    {
      "command": "candidate",
      "mean": 0.33455214882,
      "stddev": 0.011284450565642706,
      "median": 0.33515764762,
      "user": 0.06657315999999999,
      "system": 0.26314358000000004,
      "min": 0.31547148512,
      "max": 0.34619236612000004,
      "times": [
        0.32251230612000004,
        0.34619236612000004,
        0.32702588912,
        0.34600797612000006,
        0.34551558312,
        0.33784623212000003,
        0.34552893912000004,
        0.33246906312,
        0.32695164812000005,
        0.31547148512
      ],
      "exit_codes": [
        0,
        0,
        0,
        0,
        0,
        0,
        0,
        0,
        0,
        0
      ]
    }
  ]
}
