{
  "schema_version": "fr_bench_report/v1",
  "generated_at_ms": 1781063821905,
  "host": "127.0.0.1",
  "port": 26994,
  "workload": "set",
  "clients": 50,
  "requests": 1000000,
  "pipeline": 16,
  "keyspace": 10000,
  "datasize": 3,
  "read_percent": 50,
  "db": 0,
  "key_prefix": "ohsk5-p112-rev-cand",
  "total_time_ms": 647,
  "ops_per_sec": 1544081.1123966735,
  "bytes_sent": 61338746,
  "bytes_received": 5000000,
  "latency_us": {
    "min": 46,
    "p50": 460,
    "p95": 807,
    "p99": 1183,
    "p999": 1896,
    "max": 2683,
    "mean": 504.59981900000037,
    "samples": 1000000
  }
}