{"bytes_received": 5000000, "bytes_sent": 69889000, "clients": 50, "datasize": 3, "elapsed_seconds": 4.4121450069360435, "keyspace": 10000, "mix": "alternate", "ops_per_sec": 226647.1293277908, "pipeline": 16, "requests": 1000000, "schema": "frankenredis_svgvb_setex_bench_v1"}
