{
  "schema_version": "fr_bench_report/v1",
  "generated_at_ms": 1781031396523,
  "host": "127.0.0.1",
  "port": 6395,
  "workload": "set",
  "clients": 50,
  "requests": 300000,
  "pipeline": 16,
  "keyspace": 10000,
  "datasize": 3,
  "read_percent": 50,
  "db": 0,
  "key_prefix": "pass106set",
  "total_time_ms": 347,
  "ops_per_sec": 862302.5727001334,
  "bytes_sent": 15516410,
  "bytes_received": 1500000,
  "latency_us": {
    "min": 54,
    "p50": 858,
    "p95": 1231,
    "p99": 1483,
    "p999": 1910,
    "max": 2549,
    "mean": 899.6258166666678,
    "samples": 300000
  }
}