{
  "schema_version": "fr_bench_report/v1",
  "generated_at_ms": 1781031477174,
  "host": "127.0.0.1",
  "port": 6395,
  "workload": "set",
  "clients": 50,
  "requests": 1000000,
  "pipeline": 16,
  "keyspace": 10000,
  "datasize": 3,
  "read_percent": 50,
  "db": 0,
  "key_prefix": "pass106perfset",
  "total_time_ms": 1270,
  "ops_per_sec": 787037.3364027202,
  "bytes_sent": 56339443,
  "bytes_received": 5000000,
  "latency_us": {
    "min": 52,
    "p50": 925,
    "p95": 1432,
    "p99": 1755,
    "p999": 2785,
    "max": 4395,
    "mean": 1002.2129739999986,
    "samples": 1000000
  }
}