{
  "schema_version": "fr_bench_report/v1",
  "generated_at_ms": 1781031562734,
  "host": "127.0.0.1",
  "port": 6395,
  "workload": "set",
  "clients": 50,
  "requests": 300000,
  "pipeline": 16,
  "keyspace": 10000,
  "datasize": 3,
  "read_percent": 50,
  "db": 0,
  "key_prefix": "pass106strace",
  "total_time_ms": 2966,
  "ops_per_sec": 101118.91947137803,
  "bytes_sent": 16416816,
  "bytes_received": 1500000,
  "latency_us": {
    "min": 4152,
    "p50": 7827,
    "p95": 9895,
    "p99": 10959,
    "p999": 11759,
    "max": 11935,
    "mean": 7876.410419999993,
    "samples": 300000
  }
}