{
  "schema_version": "fr_bench_report/v1",
  "generated_at_ms": 1781031415549,
  "host": "127.0.0.1",
  "port": 6395,
  "workload": "set",
  "clients": 50,
  "requests": 300000,
  "pipeline": 16,
  "keyspace": 10000,
  "datasize": 3,
  "read_percent": 50,
  "db": 0,
  "key_prefix": "pass106set2",
  "total_time_ms": 387,
  "ops_per_sec": 773925.1391654771,
  "bytes_sent": 15816717,
  "bytes_received": 1500000,
  "latency_us": {
    "min": 56,
    "p50": 960,
    "p95": 1314,
    "p99": 1611,
    "p999": 2103,
    "max": 2979,
    "mean": 999.9723066666683,
    "samples": 300000
  }
}