{
  "results": [
    {
      "command": "target-b0exs-baseline-harness/release/xpending-summary-harness --mode summary --pending 50000 --consumers 1000 --iters 1000",
      "mean": 4.808718044902856,
      "stddev": 0.053362965347175516,
      "median": 4.8238183687600005,
      "user": 4.794129062857143,
      "system": 0.010621782857142856,
      "min": 4.71188156176,
      "max": 4.85995959376,
      "times": [
        4.8238183687600005,
        4.83221055176,
        4.852989876760001,
        4.71188156176,
        4.81879037976,
        4.85995959376,
        4.7613759817600005
      ],
      "exit_codes": [
        0,
        0,
        0,
        0,
        0,
        0,
        0
      ]
    }
  ]
}
