{
  "results": [
    {
      "command": "target-b0exs-baseline-harness/release/xpending-summary-harness --mode summary --pending 50000 --consumers 1000 --iters 1000",
      "mean": 4.85956959962,
      "stddev": 0.03423631412618061,
      "median": 4.85214197862,
      "user": 4.843590737142857,
      "system": 0.011549414285714283,
      "min": 4.81472468362,
      "max": 4.912431360619999,
      "times": [
        4.83944611662,
        4.83835409762,
        4.81472468362,
        4.86434278462,
        4.85214197862,
        4.912431360619999,
        4.89554617562
      ],
      "exit_codes": [
        0,
        0,
        0,
        0,
        0,
        0,
        0
      ]
    },
    {
      "command": "target-b0exs-candidate-harness/release/xpending-summary-harness --mode summary --pending 50000 --consumers 1000 --iters 1000",
      "mean": 0.07680014433428571,
      "stddev": 0.0034093903656901648,
      "median": 0.07710267162000001,
      "user": 0.06716930857142855,
      "system": 0.009305985714285713,
      "min": 0.07173944262,
      "max": 0.08267485662,
      "times": [
        0.07710267162000001,
        0.07752048062,
        0.07594984662,
        0.07173944262,
        0.08267485662,
        0.07828177762,
        0.07433193462
      ],
      "exit_codes": [
        0,
        0,
        0,
        0,
        0,
        0,
        0
      ]
    }
  ]
}
