{
  "results": [
    {
      "command": "/data/projects/.scratch/frankenredis-b0exs-origin-62f285cf8/target-b0exs-origin-peer-harness/release/xpending-summary-harness --mode summary --pending 50000 --consumers 1000 --iters 1000",
      "mean": 0.07597650094571429,
      "stddev": 0.0015956266259780955,
      "median": 0.07632738366000001,
      "user": 0.06412408857142857,
      "system": 0.011587922857142857,
      "min": 0.07435720566000001,
      "max": 0.07835098166000001,
      "times": [
        0.07835098166000001,
        0.07435720566000001,
        0.07441338166000001,
        0.07442955266000001,
        0.07713398966000001,
        0.07682301166000001,
        0.07632738366000001
      ],
      "exit_codes": [
        0,
        0,
        0,
        0,
        0,
        0,
        0
      ]
    },
    {
      "command": "target-b0exs-rebased-candidate-harness/release/xpending-summary-harness --mode summary --pending 50000 --consumers 1000 --iters 1000",
      "mean": 0.07653279080285715,
      "stddev": 0.0030839215497548682,
      "median": 0.07690377366000001,
      "user": 0.06395251714285714,
      "system": 0.012287494285714283,
      "min": 0.07224806566000001,
      "max": 0.08065643466000001,
      "times": [
        0.07846794366000001,
        0.08065643466000001,
        0.07657227666000001,
        0.07224806566000001,
        0.07821811066,
        0.07690377366000001,
        0.07266293066000001
      ],
      "exit_codes": [
        0,
        0,
        0,
        0,
        0,
        0,
        0
      ]
    }
  ]
}
