{
  "schema_version": "fr_bench_report/v1",
  "generated_at_ms": 1780978222962,
  "host": "127.0.0.1",
  "port": 49346,
  "workload": "hset",
  "clients": 50,
  "requests": 300000,
  "pipeline": 16,
  "keyspace": 10000,
  "datasize": 3,
  "read_percent": 50,
  "db": 0,
  "key_prefix": "om-ohsk5-5-base-hset",
  "total_time_ms": 525,
  "ops_per_sec": 571275.8090128083,
  "bytes_sent": 21516841,
  "bytes_received": 1200000,
  "latency_us": {
    "min": 74,
    "p50": 1282,
    "p95": 2115,
    "p99": 2753,
    "p999": 4283,
    "max": 4695,
    "mean": 1372.8483599999993,
    "samples": 300000
  }
}