{
  "schema_version": "fr_bench_report/v1",
  "generated_at_ms": 1780978214529,
  "host": "127.0.0.1",
  "port": 49344,
  "workload": "set",
  "clients": 50,
  "requests": 300000,
  "pipeline": 16,
  "keyspace": 10000,
  "datasize": 3,
  "read_percent": 50,
  "db": 0,
  "key_prefix": "om-ohsk5-5-base-set",
  "total_time_ms": 448,
  "ops_per_sec": 669348.5962603078,
  "bytes_sent": 18216833,
  "bytes_received": 1500000,
  "latency_us": {
    "min": 47,
    "p50": 1110,
    "p95": 1497,
    "p99": 2025,
    "p999": 2663,
    "max": 3229,
    "mean": 1162.947673333332,
    "samples": 300000
  }
}