{
  "schema_version": "fr_bench_report/v1",
  "generated_at_ms": 1780978421353,
  "host": "127.0.0.1",
  "port": 49348,
  "workload": "get",
  "clients": 50,
  "requests": 300000,
  "pipeline": 16,
  "keyspace": 10000,
  "datasize": 3,
  "read_percent": 50,
  "db": 0,
  "key_prefix": "om-ohsk5-5-cand-get",
  "total_time_ms": 419,
  "ops_per_sec": 714775.1105928642,
  "bytes_sent": 15266965,
  "bytes_received": 2700000,
  "latency_us": {
    "min": 126,
    "p50": 1012,
    "p95": 1568,
    "p99": 1829,
    "p999": 2191,
    "max": 3677,
    "mean": 1093.7884166666672,
    "samples": 300000
  }
}