{
  "schema_version": "fr_bench_report/v1",
  "generated_at_ms": 1780978637379,
  "host": "127.0.0.1",
  "port": 49351,
  "workload": "hset",
  "clients": 50,
  "requests": 300000,
  "pipeline": 16,
  "keyspace": 10000,
  "datasize": 3,
  "read_percent": 50,
  "db": 0,
  "key_prefix": "om-ohsk5-5-pair-cand",
  "total_time_ms": 517,
  "ops_per_sec": 579829.0619858257,
  "bytes_sent": 21516824,
  "bytes_received": 1200000,
  "latency_us": {
    "min": 53,
    "p50": 1225,
    "p95": 2139,
    "p99": 2739,
    "p999": 3591,
    "max": 4655,
    "mean": 1347.7308066666646,
    "samples": 300000
  }
}