{
  "schema_version": "fr_bench_report/v1",
  "generated_at_ms": 1781117563376,
  "host": "127.0.0.1",
  "port": 6687,
  "workload": "get",
  "clients": 50,
  "requests": 3000000,
  "pipeline": 16,
  "keyspace": 10000,
  "datasize": 3,
  "read_percent": 50,
  "db": 0,
  "key_prefix": "ohsk5:p125:postprofile",
  "total_time_ms": 2161,
  "ops_per_sec": 1387761.995309542,
  "bytes_sent": 161667784,
  "bytes_received": 27000000,
  "latency_us": {
    "min": 50,
    "p50": 537,
    "p95": 814,
    "p99": 1261,
    "p999": 2633,
    "max": 20143,
    "mean": 567.496038000001,
    "samples": 3000000
  }
}