{
  "schema_version": "fr_bench_report/v1",
  "generated_at_ms": 1781145919147,
  "host": "127.0.0.1",
  "port": 6770,
  "workload": "get",
  "clients": 50,
  "requests": 1000000,
  "pipeline": 16,
  "keyspace": 10000,
  "datasize": 3,
  "read_percent": 50,
  "db": 0,
  "key_prefix": "xmxhc:p132:paired:candidate",
  "total_time_ms": 710,
  "ops_per_sec": 1408027.425400493,
  "bytes_sent": 58888961,
  "bytes_received": 9000000,
  "latency_us": {
    "min": 32,
    "p50": 498,
    "p95": 929,
    "p99": 1584,
    "p999": 2937,
    "max": 3809,
    "mean": 555.0518680000013,
    "samples": 1000000
  }
}