{
  "schema_version": "fr_bench_report/v1",
  "generated_at_ms": 1781145912030,
  "host": "127.0.0.1",
  "port": 6769,
  "workload": "get",
  "clients": 50,
  "requests": 1000000,
  "pipeline": 16,
  "keyspace": 10000,
  "datasize": 3,
  "read_percent": 50,
  "db": 0,
  "key_prefix": "xmxhc:p132:paired:current",
  "total_time_ms": 680,
  "ops_per_sec": 1468764.3992612825,
  "bytes_sent": 56889213,
  "bytes_received": 9000000,
  "latency_us": {
    "min": 40,
    "p50": 497,
    "p95": 830,
    "p99": 1362,
    "p999": 2577,
    "max": 2851,
    "mean": 532.1071249999987,
    "samples": 1000000
  }
}