{
  "results": [
    {
      "command": "OUT=artifacts/optimization/frankenredis-xmxhc/pass132/benchmark/paired/current-run SERVER=/tmp/rch_target_fr_3cc4w_p130_current/release-perf/frankenredis BENCH=/tmp/rch_target_fr_3cc4w_p130_current/release-perf/fr-bench PORT=6769 WORKLOAD=get REQUESTS=1000000 JSON_OUT=artifacts/optimization/frankenredis-xmxhc/pass132/benchmark/paired/current-get-p16-c50-1m-last.json KEY_PREFIX=xmxhc:p132:paired:current artifacts/optimization/frankenredis-zhphm/pass1/run_fr_bench_once.sh",
      "mean": 0.7287319493400001,
      "stddev": 0.0461465080162615,
      "median": 0.7407832732400002,
      "user": 1.1461718,
      "system": 2.3049598000000002,
      "min": 0.62482092974,
      "max": 0.7812012047400001,
      "times": [
        0.69566288974,
        0.7373359527400001,
        0.74635573974,
        0.7106185907400001,
        0.62482092974,
        0.7442305937400001,
        0.71061329474,
        0.7605457847400001,
        0.7812012047400001,
        0.77593451274
      ],
      "exit_codes": [
        0,
        0,
        0,
        0,
        0,
        0,
        0,
        0,
        0,
        0
      ]
    },
    {
      "command": "OUT=artifacts/optimization/frankenredis-xmxhc/pass132/benchmark/paired/candidate-run SERVER=/tmp/rch_target_fr_xmxhc_p132_candidate/release-perf/frankenredis BENCH=/tmp/rch_target_fr_xmxhc_p132_candidate/release-perf/fr-bench PORT=6770 WORKLOAD=get REQUESTS=1000000 JSON_OUT=artifacts/optimization/frankenredis-xmxhc/pass132/benchmark/paired/candidate-get-p16-c50-1m-last.json KEY_PREFIX=xmxhc:p132:paired:candidate artifacts/optimization/frankenredis-zhphm/pass1/run_fr_bench_once.sh",
      "mean": 0.71037386574,
      "stddev": 0.0650263125437895,
      "median": 0.7148299872400001,
      "user": 1.1341770999999998,
      "system": 2.3092926,
      "min": 0.61305199174,
      "max": 0.8031907587400001,
      "times": [
        0.7588867717400001,
        0.6892306287400001,
        0.6614637967400001,
        0.7404293457400001,
        0.64957093974,
        0.7430145407400001,
        0.65604538174,
        0.61305199174,
        0.78885450174,
        0.8031907587400001
      ],
      "exit_codes": [
        0,
        0,
        0,
        0,
        0,
        0,
        0,
        0,
        0,
        0
      ]
    }
  ]
}
