{
  "schema_version": "fr_bench_report/v1",
  "generated_at_ms": 1781355250264,
  "host": "127.0.0.1",
  "port": 25247,
  "workload": "lpush",
  "clients": 50,
  "requests": 5000000,
  "pipeline": 16,
  "keyspace": 100000,
  "datasize": 3,
  "read_percent": 50,
  "db": 0,
  "key_prefix": "63c8x:pair3base",
  "total_time_ms": 9351,
  "ops_per_sec": 534694.1583121574,
  "bytes_sent": 293895199,
  "bytes_received": 30000000,
  "latency_us": {
    "min": 90,
    "p50": 1360,
    "p95": 1601,
    "p99": 7859,
    "p999": 9143,
    "max": 9663,
    "mean": 1488.1065205999982,
    "samples": 5000000
  }
}