{
  "results": [
    {
      "command": "baseline",
      "mean": 8.81834764428,
      "stddev": 1.1906983118426422,
      "median": 9.35371594888,
      "user": 3.51455888,
      "system": 5.02912316,
      "min": 6.877407491880001,
      "max": 9.84357966388,
      "times": [
        6.877407491880001,
        8.51165133088,
        9.50538378588,
        9.84357966388,
        9.35371594888
      ],
      "exit_codes": [
        0,
        0,
        0,
        0,
        0
      ]
    },
    {
      "command": "candidate",
      "mean": 8.491984542880001,
      "stddev": 1.2471468692082794,
      "median": 8.88644570788,
      "user": 3.46766208,
      "system": 5.11868456,
      "min": 6.5453963248800004,
      "max": 9.69842438688,
      "times": [
        6.5453963248800004,
        8.04779936688,
        8.88644570788,
        9.28185692788,
        9.69842438688
      ],
      "exit_codes": [
        0,
        0,
        0,
        0,
        0
      ]
    }
  ]
}
