{
  "results": [
    {
      "command": "baseline",
      "mean": 1.51618034792,
      "stddev": 0.09496432929235744,
      "median": 1.5024379439200002,
      "user": 0.7749581,
      "system": 1.2246147057142858,
      "min": 1.4151942299200002,
      "max": 1.6911333269200002,
      "times": [
        1.4151942299200002,
        1.5024379439200002,
        1.52671088392,
        1.42583709192,
        1.57418807892,
        1.4777608799200002,
        1.6911333269200002
      ],
      "exit_codes": [
        0,
        0,
        0,
        0,
        0,
        0,
        0
      ]
    },
    {
      "command": "candidate",
      "mean": 1.2845003026342858,
      "stddev": 0.039710181448624836,
      "median": 1.2820230319200001,
      "user": 0.6948579571428571,
      "system": 1.0191488485714286,
      "min": 1.24372628692,
      "max": 1.3527783209200002,
      "times": [
        1.3527783209200002,
        1.2593313869200002,
        1.24374438992,
        1.24372628692,
        1.2820230319200001,
        1.3049402839200002,
        1.3049584179200002
      ],
      "exit_codes": [
        0,
        0,
        0,
        0,
        0,
        0,
        0
      ]
    }
  ]
}
