{
  "schema_version": "fr_bench_report/v1",
  "generated_at_ms": 1780516066729,
  "host": "127.0.0.1",
  "port": 20660,
  "workload": "set",
  "clients": 50,
  "requests": 500000,
  "pipeline": 16,
  "keyspace": 10000,
  "datasize": 3,
  "read_percent": 50,
  "db": 0,
  "key_prefix": "icywolf-pass30-recv-strace",
  "total_time_ms": 5344,
  "ops_per_sec": 93557.59124129474,
  "bytes_sent": 33894634,
  "bytes_received": 2500000,
  "latency_us": {
    "min": 5040,
    "p50": 8091,
    "p95": 12543,
    "p99": 16223,
    "p999": 19343,
    "max": 22591,
    "mean": 8514.095731999994,
    "samples": 500000
  }
}