{
  "schema_version": "fr_bench_report/v1",
  "generated_at_ms": 1780516025911,
  "host": "127.0.0.1",
  "port": 20660,
  "workload": "set",
  "clients": 50,
  "requests": 500000,
  "pipeline": 16,
  "keyspace": 10000,
  "datasize": 3,
  "read_percent": 50,
  "db": 0,
  "key_prefix": "icywolf-pass30-recv-base-direct",
  "total_time_ms": 1703,
  "ops_per_sec": 293429.1803866767,
  "bytes_sent": 36393952,
  "bytes_received": 2500000,
  "latency_us": {
    "min": 181,
    "p50": 2501,
    "p95": 3625,
    "p99": 4723,
    "p999": 6831,
    "max": 9759,
    "mean": 2702.0191019999934,
    "samples": 500000
  }
}