{
  "schema_version": "fr_bench_report/v1",
  "generated_at_ms": 1780516807541,
  "host": "127.0.0.1",
  "port": 20663,
  "workload": "set",
  "clients": 50,
  "requests": 500000,
  "pipeline": 16,
  "keyspace": 10000,
  "datasize": 3,
  "read_percent": 50,
  "db": 0,
  "key_prefix": "icywolf-pass30-int-cand-direct",
  "total_time_ms": 1678,
  "ops_per_sec": 297971.2091493123,
  "bytes_sent": 35894589,
  "bytes_received": 2500000,
  "latency_us": {
    "min": 93,
    "p50": 2529,
    "p95": 3599,
    "p99": 4323,
    "p999": 5143,
    "max": 6743,
    "mean": 2662.8503979999996,
    "samples": 500000
  }
}