{
  "results": [
    {
      "command": "baseline",
      "mean": 4.554725265434286,
      "stddev": 0.05473310892464736,
      "median": 4.53551266572,
      "user": 6.787792474285714,
      "system": 5.662945405714285,
      "min": 4.48232544572,
      "max": 4.6355073847199995,
      "times": [
        4.6355073847199995,
        4.60363208272,
        4.53076659972,
        4.53551266572,
        4.48232544572,
        4.58489616172,
        4.51043651772
      ],
      "exit_codes": [
        0,
        0,
        0,
        0,
        0,
        0,
        0
      ]
    },
    {
      "command": "candidate",
      "mean": 4.524410696434286,
      "stddev": 0.06671259906333712,
      "median": 4.51519553472,
      "user": 6.761939045714286,
      "system": 5.606617262857142,
      "min": 4.45805102272,
      "max": 4.6288172337199995,
      "times": [
        4.59017521872,
        4.54337231572,
        4.6288172337199995,
        4.45809323672,
        4.51519553472,
        4.47717031272,
        4.45805102272
      ],
      "exit_codes": [
        0,
        0,
        0,
        0,
        0,
        0,
        0
      ]
    }
  ]
}
