{
  "results": [
    {
      "command": "python3 artifacts/optimization/frankenredis-k8yfq/copy_list_bench.py --server-bin /data/tmp/fr-k8yfq-candidate-target-20260611/release-perf/frankenredis --port 21371 --list-len 50000 --payload-size 8 --copies 1000 --warmup-copies 20 --json-out artifacts/optimization/frankenredis-k8yfq/pass137/candidate-copy-list-last.json",
      "mean": 0.14705022589000002,
      "stddev": 0.00584355386426476,
      "median": 0.14623953714000001,
      "user": 0.064980225,
      "system": 0.06183476999999999,
      "min": 0.13842901014000003,
      "max": 0.15864068414000002,
      "times": [
        0.14668220114000002,
        0.14447447714000003,
        0.13842901014000003,
        0.15864068414000002,
        0.14749384914000002,
        0.14416206514000002,
        0.14579687314,
        0.15072264714000003
      ],
      "exit_codes": [
        0,
        0,
        0,
        0,
        0,
        0,
        0,
        0
      ]
    }
  ]
}
