{
  "results": [
    {
      "command": "baseline",
      "mean": 0.6553395513600001,
      "stddev": 0.02585099661882283,
      "median": 0.6536871837600001,
      "user": 0.55379158,
      "system": 0.07336931999999999,
      "min": 0.6238508177600001,
      "max": 0.6812620477600001,
      "times": [
        0.6238508177600001,
        0.63680392776,
        0.6810937797600001,
        0.6812620477600001,
        0.6536871837600001
      ],
      "exit_codes": [
        0,
        0,
        0,
        0,
        0
      ]
    },
    {
      "command": "candidate",
      "mean": 0.13941092476000003,
      "stddev": 0.004932737801968846,
      "median": 0.14083029076000003,
      "user": 0.07050238,
      "system": 0.05224871999999999,
      "min": 0.13167292476000003,
      "max": 0.14480861176,
      "times": [
        0.14480861176,
        0.13167292476000003,
        0.14083029076000003,
        0.13815715376,
        0.14158564276000002
      ],
      "exit_codes": [
        0,
        0,
        0,
        0,
        0
      ]
    }
  ]
}
