{
  "schema_version": "fr_bench_report/v1",
  "generated_at_ms": 1781021447528,
  "host": "127.0.0.1",
  "port": 21310,
  "workload": "set",
  "clients": 50,
  "requests": 300000,
  "pipeline": 16,
  "keyspace": 10000,
  "datasize": 3,
  "read_percent": 50,
  "db": 0,
  "key_prefix": "clmemlazy-baseline-set",
  "total_time_ms": 507,
  "ops_per_sec": 591589.7985119291,
  "bytes_sent": 19116774,
  "bytes_received": 1500000,
  "latency_us": {
    "min": 59,
    "p50": 1186,
    "p95": 1978,
    "p99": 2911,
    "p999": 4567,
    "max": 5875,
    "mean": 1291.5757833333341,
    "samples": 300000
  }
}