{
  "schema_version": "fr_bench_report/v1",
  "generated_at_ms": 1781021538877,
  "host": "127.0.0.1",
  "port": 21316,
  "workload": "set",
  "clients": 50,
  "requests": 1000000,
  "pipeline": 16,
  "keyspace": 10000,
  "datasize": 3,
  "read_percent": 50,
  "db": 0,
  "key_prefix": "clmemlazy-confirm-candidate-set",
  "total_time_ms": 1460,
  "ops_per_sec": 684469.3620435413,
  "bytes_sent": 73339096,
  "bytes_received": 5000000,
  "latency_us": {
    "min": 39,
    "p50": 1059,
    "p95": 1570,
    "p99": 2315,
    "p999": 4339,
    "max": 26255,
    "mean": 1137.8474019999976,
    "samples": 1000000
  }
}