{
  "schema_version": "fr_bench_report/v1",
  "generated_at_ms": 1781021528795,
  "host": "127.0.0.1",
  "port": 21315,
  "workload": "set",
  "clients": 50,
  "requests": 1000000,
  "pipeline": 16,
  "keyspace": 10000,
  "datasize": 3,
  "read_percent": 50,
  "db": 0,
  "key_prefix": "clmemlazy-confirm-baseline-set",
  "total_time_ms": 1319,
  "ops_per_sec": 757833.9958251183,
  "bytes_sent": 72339282,
  "bytes_received": 5000000,
  "latency_us": {
    "min": 137,
    "p50": 998,
    "p95": 1330,
    "p99": 1557,
    "p999": 2187,
    "max": 3521,
    "mean": 1040.9197389999993,
    "samples": 1000000
  }
}