{
  "schema_version": "fr_bench_report/v1",
  "generated_at_ms": 1781021466029,
  "host": "127.0.0.1",
  "port": 21311,
  "workload": "set",
  "clients": 50,
  "requests": 300000,
  "pipeline": 16,
  "keyspace": 10000,
  "datasize": 3,
  "read_percent": 50,
  "db": 0,
  "key_prefix": "clmemlazy-paired-baseline-set",
  "total_time_ms": 414,
  "ops_per_sec": 724107.6990386633,
  "bytes_sent": 21216697,
  "bytes_received": 1500000,
  "latency_us": {
    "min": 77,
    "p50": 983,
    "p95": 1559,
    "p99": 2221,
    "p999": 3949,
    "max": 4183,
    "mean": 1070.7084299999997,
    "samples": 300000
  }
}