{
  "schema_version": "fr_bench_report/v1",
  "generated_at_ms": 1781031727385,
  "host": "127.0.0.1",
  "port": 26826,
  "workload": "set",
  "clients": 50,
  "requests": 1000000,
  "pipeline": 16,
  "keyspace": 10000,
  "datasize": 3,
  "read_percent": 50,
  "db": 0,
  "key_prefix": "zhphm-p2-rev-base",
  "total_time_ms": 1290,
  "ops_per_sec": 774700.0586810504,
  "bytes_sent": 59339369,
  "bytes_received": 5000000,
  "latency_us": {
    "min": 35,
    "p50": 908,
    "p95": 1537,
    "p99": 2063,
    "p999": 3169,
    "max": 5739,
    "mean": 1014.1692599999988,
    "samples": 1000000
  }
}