{
  "schema_version": "fr_bench_report/v1",
  "generated_at_ms": 1781031715948,
  "host": "127.0.0.1",
  "port": 26825,
  "workload": "set",
  "clients": 50,
  "requests": 1000000,
  "pipeline": 16,
  "keyspace": 10000,
  "datasize": 3,
  "read_percent": 50,
  "db": 0,
  "key_prefix": "zhphm-p2-rev-cand",
  "total_time_ms": 1214,
  "ops_per_sec": 823632.3797654781,
  "bytes_sent": 59339098,
  "bytes_received": 5000000,
  "latency_us": {
    "min": 45,
    "p50": 877,
    "p95": 1331,
    "p99": 2179,
    "p999": 6927,
    "max": 28015,
    "mean": 954.8346359999989,
    "samples": 1000000
  }
}