{
  "results": [
    {
      "command": "PORT=6504; LOG=artifacts/optimization/cod-pass48-lazy-key-sinks-20260606T1910Z/hf-baseline-$PORT-$$.log; target-cod-pass48-clean-baseline/release/frankenredis --bind 127.0.0.1 --port $PORT >\"$LOG\" 2>&1 & PID=$!; trap \"kill $PID 2>/dev/null || true; wait $PID 2>/dev/null || true\" EXIT; sleep 0.25; target-cod-pass48-clean-baseline/release/fr-bench --host 127.0.0.1 --port $PORT --clients 50 --requests 300000 --pipeline 16 --keyspace 10000 --datasize 3 --workload set --key-prefix pass48lazybase >/dev/null; kill $PID 2>/dev/null || true; wait $PID 2>/dev/null || true; true",
      "mean": 0.9683414228000002,
      "stddev": 0.1776616664535839,
      "median": 0.98197369,
      "user": 0.72134986,
      "system": 0.73539731,
      "min": 0.2667302875,
      "max": 1.2353141085000001,
      "times": [
        1.0103006625000002,
        0.9917884695,
        0.9671172555,
        1.0706954735,
        0.9804777375,
        1.0341820855000001,
        0.9561224895,
        0.9574682685,
        1.2353141085000001,
        1.0774694465,
        0.9782595985,
        0.9548427645,
        1.0016374485000001,
        0.9985626935,
        1.0291938925000002,
        0.9834696425,
        0.9670706285,
        0.9493717385,
        0.2667302875,
        0.9567537645
      ],
      "exit_codes": [
        0,
        0,
        0,
        0,
        0,
        0,
        0,
        0,
        0,
        0,
        0,
        0,
        0,
        0,
        0,
        0,
        0,
        0,
        0,
        0
      ]
    },
    {
      "command": "PORT=6505; LOG=artifacts/optimization/cod-pass48-lazy-key-sinks-20260606T1910Z/hf-candidate-$PORT-$$.log; target-cod-pass48-lazy-keys-release/release/frankenredis --bind 127.0.0.1 --port $PORT >\"$LOG\" 2>&1 & PID=$!; trap \"kill $PID 2>/dev/null || true; wait $PID 2>/dev/null || true\" EXIT; sleep 0.25; target-cod-pass48-lazy-keys-release/release/fr-bench --host 127.0.0.1 --port $PORT --clients 50 --requests 300000 --pipeline 16 --keyspace 10000 --datasize 3 --workload set --key-prefix pass48lazycand >/dev/null; kill $PID 2>/dev/null || true; wait $PID 2>/dev/null || true; true",
      "mean": 0.9367479878000002,
      "stddev": 0.05384228133304793,
      "median": 0.9244705769999999,
      "user": 0.68123026,
      "system": 0.7365339100000001,
      "min": 0.8745164075,
      "max": 1.1020449375,
      "times": [
        0.9349734055,
        0.9095607785000001,
        0.9530906995,
        0.9023310215,
        0.9345071595,
        1.1020449375,
        1.0085409055,
        0.8846327255,
        0.9429890925,
        0.9050191215,
        0.9559216325000001,
        0.9775080265,
        0.8766582575,
        0.9144339945,
        0.9105553765,
        0.9919078035,
        0.9534113735,
        0.8942589825,
        0.9080980545,
        0.8745164075
      ],
      "exit_codes": [
        0,
        0,
        0,
        0,
        0,
        0,
        0,
        0,
        0,
        0,
        0,
        0,
        0,
        0,
        0,
        0,
        0,
        0,
        0,
        0
      ]
    }
  ]
}
