{
  "schema_version": "fr_bench_report/v1",
  "generated_at_ms": 1781141309527,
  "host": "127.0.0.1",
  "port": 6723,
  "workload": "set",
  "clients": 50,
  "requests": 1000000,
  "pipeline": 16,
  "keyspace": 10000,
  "datasize": 3,
  "read_percent": 50,
  "db": 0,
  "key_prefix": "ohsk5:p127:paired:candidate",
  "total_time_ms": 895,
  "ops_per_sec": 1116135.8505375518,
  "bytes_sent": 69339741,
  "bytes_received": 5000000,
  "latency_us": {
    "min": 53,
    "p50": 632,
    "p95": 1194,
    "p99": 2015,
    "p999": 2903,
    "max": 4483,
    "mean": 698.8833150000016,
    "samples": 1000000
  }
}