{
  "results": [
    {
      "command": "env MODE=borrowed-command FIELDS=16 VALUE_SIZE=64 ITERATIONS=200000 target-icywolf-w7fbs-baseline/release-perf/fr-ds9o7-parser-harness",
      "mean": 0.15355526436000003,
      "stddev": 0.016565759596474723,
      "median": 0.14582390116,
      "user": 0.147779,
      "system": 0.004664759999999999,
      "min": 0.13710464216,
      "max": 0.18134496016,
      "times": [
        0.16844926216,
        0.17695904916,
        0.18134496016,
        0.15780573216000002,
        0.14366481516000001,
        0.14096771316,
        0.13762008916000001,
        0.14798298716,
        0.14365339316,
        0.13710464216
      ],
      "exit_codes": [
        0,
        0,
        0,
        0,
        0,
        0,
        0,
        0,
        0,
        0
      ]
    },
    {
      "command": "env MODE=borrowed-command FIELDS=16 VALUE_SIZE=64 ITERATIONS=200000 target-icywolf-5ciha-candidate/release-perf/fr-ds9o7-parser-harness",
      "mean": 0.16883063006000004,
      "stddev": 0.005178295622136164,
      "median": 0.16915921766000003,
      "user": 0.16346749999999996,
      "system": 0.00459986,
      "min": 0.16131715616,
      "max": 0.17578533416,
      "times": [
        0.16312073516,
        0.17433098816,
        0.17578533416,
        0.17275519216000002,
        0.17233842316,
        0.16845118616000002,
        0.16986724916,
        0.16131715616,
        0.16217584416,
        0.16816419216
      ],
      "exit_codes": [
        0,
        0,
        0,
        0,
        0,
        0,
        0,
        0,
        0,
        0
      ]
    }
  ]
}
