{
  "schema_version": "fr_bench_report/v1",
  "generated_at_ms": 1781068509663,
  "host": "127.0.0.1",
  "port": 6590,
  "workload": "set",
  "clients": 50,
  "requests": 1000000,
  "pipeline": 16,
  "keyspace": 10000,
  "datasize": 3,
  "read_percent": 50,
  "db": 0,
  "key_prefix": "ohsk5:p117:baseline",
  "total_time_ms": 586,
  "ops_per_sec": 1704686.3633391052,
  "bytes_sent": 61339311,
  "bytes_received": 5000000,
  "latency_us": {
    "min": 51,
    "p50": 419,
    "p95": 714,
    "p99": 1159,
    "p999": 2153,
    "max": 3247,
    "mean": 455.76590099999925,
    "samples": 1000000
  }
}