{
  "clients": 50,
  "datasize": 3,
  "key_prefix": "fr6kecb-pass3-pair-candidate-setex",
  "keyspace": 10000,
  "measured": {
    "bytes_received": 5000000,
    "bytes_sent": 85000000,
    "commands": 1000000,
    "ops_per_sec": 148319.84599289778,
    "pipeline_latency_us": {
      "mean": 5221.021645443514,
      "p50": 4415.114992298186,
      "p95": 11608.70399326086,
      "p99": 15827.015973627567,
      "samples": 62500
    },
    "seconds": 6.742186072980985
  },
  "mode": "setex",
  "pipeline": 16,
  "prefill": {
    "bytes_received": 0,
    "bytes_sent": 0,
    "commands": 0,
    "seconds": 0.0
  },
  "requests": 1000000,
  "schema": "frankenredis_6tsou_resp_workload_v1"
}
