{
  "clients": 50,
  "datasize": 3,
  "key_prefix": "fr6kecb-pass3-pair-base-setex",
  "keyspace": 10000,
  "measured": {
    "bytes_received": 5000000,
    "bytes_sent": 80000000,
    "commands": 1000000,
    "ops_per_sec": 151400.12178687862,
    "pipeline_latency_us": {
      "mean": 5122.118485357612,
      "p50": 4362.35498636961,
      "p95": 11375.471949577332,
      "p99": 15325.46489033848,
      "samples": 62500
    },
    "seconds": 6.605014501954429
  },
  "mode": "setex",
  "pipeline": 16,
  "prefill": {
    "bytes_received": 0,
    "bytes_sent": 0,
    "commands": 0,
    "seconds": 0.0
  },
  "requests": 1000000,
  "schema": "frankenredis_6tsou_resp_workload_v1"
}
