{
  "clients": 50,
  "datasize": 3,
  "key_prefix": "fr6kecb-pass3-pair-base-psetex",
  "keyspace": 10000,
  "measured": {
    "bytes_received": 5000000,
    "bytes_sent": 85000000,
    "commands": 1000000,
    "ops_per_sec": 153335.73894424795,
    "pipeline_latency_us": {
      "mean": 5060.278692645952,
      "p50": 4292.541998438537,
      "p95": 11190.26099331677,
      "p99": 15286.58194001764,
      "samples": 62500
    },
    "seconds": 6.521636813995428
  },
  "mode": "psetex",
  "pipeline": 16,
  "prefill": {
    "bytes_received": 0,
    "bytes_sent": 0,
    "commands": 0,
    "seconds": 0.0
  },
  "requests": 1000000,
  "schema": "frankenredis_6tsou_resp_workload_v1"
}
