{
  "results": [
    {
      "command": "baseline-psetex-pass3-paired",
      "mean": 6.744785171660001,
      "stddev": 0.06202501377290613,
      "median": 6.75596757306,
      "user": 9.49638036,
      "system": 5.80491856,
      "min": 6.66274346306,
      "max": 6.812572145060001,
      "times": [
        6.7906650410600005,
        6.7019776360600005,
        6.75596757306,
        6.812572145060001,
        6.66274346306
      ],
      "exit_codes": [
        0,
        0,
        0,
        0,
        0
      ]
    },
    {
      "command": "candidate-psetex-pass3-paired",
      "mean": 6.71852770346,
      "stddev": 0.033763983826942984,
      "median": 6.72111052206,
      "user": 9.481344759999999,
      "system": 5.80038656,
      "min": 6.6870290930600005,
      "max": 6.77095853406,
      "times": [
        6.690403717060001,
        6.723136651060001,
        6.6870290930600005,
        6.72111052206,
        6.77095853406
      ],
      "exit_codes": [
        0,
        0,
        0,
        0,
        0
      ]
    }
  ]
}
