{
  "results": [
    {
      "command": "baseline-setex-pass3-paired",
      "mean": 6.72060801942,
      "stddev": 0.015299694283018075,
      "median": 6.72340203242,
      "user": 9.455179660000002,
      "system": 5.901198699999999,
      "min": 6.70387184242,
      "max": 6.73981247342,
      "times": [
        6.70387184242,
        6.70644952542,
        6.73981247342,
        6.72340203242,
        6.72950422342
      ],
      "exit_codes": [
        0,
        0,
        0,
        0,
        0
      ]
    },
    {
      "command": "candidate-setex-pass3-paired",
      "mean": 6.7963443872200004,
      "stddev": 0.06320501339119586,
      "median": 6.76725731942,
      "user": 9.451780459999998,
      "system": 5.899039499999999,
      "min": 6.74053180542,
      "max": 6.86886400142,
      "times": [
        6.76725731942,
        6.74473014042,
        6.74053180542,
        6.86886400142,
        6.86033866942
      ],
      "exit_codes": [
        0,
        0,
        0,
        0,
        0
      ]
    }
  ]
}
