{
  "results": [
    {
      "command": "/data/projects/frankenredis/legacy_redis_code/redis/src/redis-benchmark -p 27112 -n 300000 -P 16 -c 50 -q SETRANGE s 32 x",
      "mean": 0.30086256826857144,
      "stddev": 0.01561059026640072,
      "median": 0.30564413984,
      "user": 0.05564915428571428,
      "system": 0.24257191714285709,
      "min": 0.28246367184000004,
      "max": 0.31712478784000003,
      "times": [
        0.31364505484,
        0.31545565884000004,
        0.28801288184,
        0.28369178284,
        0.30564413984,
        0.28246367184000004,
        0.31712478784000003
      ],
      "exit_codes": [
        0,
        0,
        0,
        0,
        0,
        0,
        0
      ]
    },
    {
      "command": "/data/projects/frankenredis/legacy_redis_code/redis/src/redis-benchmark -p 27111 -n 300000 -P 16 -c 50 -q SETRANGE s 32 x",
      "mean": 0.5177210851257144,
      "stddev": 0.03592575216769884,
      "median": 0.51612994384,
      "user": 0.08406243999999999,
      "system": 0.3291392028571428,
      "min": 0.46839216184000004,
      "max": 0.57122620284,
      "times": [
        0.54042077084,
        0.51612994384,
        0.53963893684,
        0.57122620284,
        0.50707308584,
        0.48116649384000004,
        0.46839216184000004
      ],
      "exit_codes": [
        0,
        0,
        0,
        0,
        0,
        0,
        0
      ]
    }
  ]
}
