{
  "results": [
    {
      "command": "/data/projects/frankenredis/legacy_redis_code/redis/src/redis-benchmark -p 27111 -n 300000 -P 16 -c 50 -q SETRANGE s 32 x",
      "mean": 0.4488566649171429,
      "stddev": 0.010184574744505726,
      "median": 0.44678474606,
      "user": 0.07556620857142857,
      "system": 0.3133405285714286,
      "min": 0.43952053606,
      "max": 0.46947807106000006,
      "times": [
        0.44370545806000006,
        0.43952053606,
        0.45073628306,
        0.45126790906,
        0.44678474606,
        0.44050365106000006,
        0.46947807106000006
      ],
      "exit_codes": [
        0,
        0,
        0,
        0,
        0,
        0,
        0
      ]
    },
    {
      "command": "/data/projects/frankenredis/legacy_redis_code/redis/src/redis-benchmark -p 27112 -n 300000 -P 16 -c 50 -q SETRANGE s 32 x",
      "mean": 0.28788167148857147,
      "stddev": 0.011048244873222729,
      "median": 0.28636402906,
      "user": 0.05725620857142857,
      "system": 0.22918981428571425,
      "min": 0.26851269706,
      "max": 0.30008642006,
      "times": [
        0.26851269706,
        0.30008642006,
        0.28240058406,
        0.28412976406,
        0.28636402906,
        0.29766847106000005,
        0.29600973506
      ],
      "exit_codes": [
        0,
        0,
        0,
        0,
        0,
        0,
        0
      ]
    }
  ]
}
