{
  "schema_version": "fr_bench_report/v1",
  "generated_at_ms": 1780971974549,
  "host": "127.0.0.1",
  "port": 49048,
  "workload": "hset",
  "clients": 50,
  "requests": 1000000,
  "pipeline": 16,
  "keyspace": 10000,
  "datasize": 3,
  "read_percent": 50,
  "db": 0,
  "key_prefix": "ohsk5_2:paired1m:baseline",
  "total_time_ms": 1694,
  "ops_per_sec": 590237.309632236,
  "bytes_sent": 77338598,
  "bytes_received": 4000000,
  "latency_us": {
    "min": 91,
    "p50": 1255,
    "p95": 1871,
    "p99": 2523,
    "p999": 3603,
    "max": 5631,
    "mean": 1339.7635229999994,
    "samples": 1000000
  }
}