{
  "schema_version": "fr_bench_report/v1",
  "generated_at_ms": 1780971846520,
  "host": "127.0.0.1",
  "port": 48944,
  "workload": "hset",
  "clients": 50,
  "requests": 300000,
  "pipeline": 16,
  "keyspace": 10000,
  "datasize": 3,
  "read_percent": 50,
  "db": 0,
  "key_prefix": "ohsk5_2:paired:baseline",
  "total_time_ms": 497,
  "ops_per_sec": 602555.2839100203,
  "bytes_sent": 22416518,
  "bytes_received": 1200000,
  "latency_us": {
    "min": 129,
    "p50": 1232,
    "p95": 1780,
    "p99": 2679,
    "p999": 3233,
    "max": 3597,
    "mean": 1299.8853966666672,
    "samples": 300000
  }
}