{
  "schema_version": "fr_bench_report/v1",
  "generated_at_ms": 1780971332511,
  "host": "127.0.0.1",
  "port": 48941,
  "workload": "hset",
  "clients": 50,
  "requests": 300000,
  "pipeline": 16,
  "keyspace": 10000,
  "datasize": 3,
  "read_percent": 50,
  "db": 0,
  "key_prefix": "ohsk5_2:baseline",
  "total_time_ms": 538,
  "ops_per_sec": 556667.7788084812,
  "bytes_sent": 20316577,
  "bytes_received": 1200000,
  "latency_us": {
    "min": 122,
    "p50": 1237,
    "p95": 2191,
    "p99": 2927,
    "p999": 3841,
    "max": 4399,
    "mean": 1405.0352966666655,
    "samples": 300000
  }
}