{
  "schema_version": "fr_bench_report/v1",
  "generated_at_ms": 1780971932812,
  "host": "127.0.0.1",
  "port": 49047,
  "workload": "hset",
  "clients": 50,
  "requests": 1000000,
  "pipeline": 16,
  "keyspace": 10000,
  "datasize": 3,
  "read_percent": 50,
  "db": 0,
  "key_prefix": "ohsk5_2:reverse:baseline",
  "total_time_ms": 1717,
  "ops_per_sec": 582230.863327831,
  "bytes_sent": 76338703,
  "bytes_received": 4000000,
  "latency_us": {
    "min": 109,
    "p50": 1269,
    "p95": 1918,
    "p99": 2373,
    "p999": 3035,
    "max": 4911,
    "mean": 1357.2040249999973,
    "samples": 1000000
  }
}