{
  "clients": 50,
  "datasize": 3,
  "key_prefix": "fr6kecb-pass2-base-setex",
  "keyspace": 10000,
  "measured": {
    "bytes_received": 5000000,
    "bytes_sent": 75000000,
    "commands": 1000000,
    "ops_per_sec": 152351.03275143236,
    "pipeline_latency_us": {
      "mean": 5095.436344046146,
      "p50": 4303.61507460475,
      "p95": 11371.258064173162,
      "p99": 15594.080090522766,
      "samples": 62500
    },
    "seconds": 6.563788783969358
  },
  "mode": "setex",
  "pipeline": 16,
  "prefill": {
    "bytes_received": 0,
    "bytes_sent": 0,
    "commands": 0,
    "seconds": 0.0
  },
  "requests": 1000000,
  "schema": "frankenredis_6tsou_resp_workload_v1"
}
