{
  "clients": 50,
  "datasize": 3,
  "key_prefix": "fr6kecb-pass2-base-psetex",
  "keyspace": 10000,
  "measured": {
    "bytes_received": 5000000,
    "bytes_sent": 80000000,
    "commands": 1000000,
    "ops_per_sec": 154509.45578416114,
    "pipeline_latency_us": {
      "mean": 5033.2575561944395,
      "p50": 4265.763913281262,
      "p95": 11086.138081736863,
      "p99": 14973.112032748759,
      "samples": 62500
    },
    "seconds": 6.472095801029354
  },
  "mode": "psetex",
  "pipeline": 16,
  "prefill": {
    "bytes_received": 0,
    "bytes_sent": 0,
    "commands": 0,
    "seconds": 0.0
  },
  "requests": 1000000,
  "schema": "frankenredis_6tsou_resp_workload_v1"
}
