{
  "results": [
    {
      "command": "baseline-setex-pass2",
      "mean": 6.72836177834,
      "stddev": 0.06516675391496547,
      "median": 6.73417003594,
      "user": 9.37941526,
      "system": 5.77278714,
      "min": 6.63672016894,
      "max": 6.81917225094,
      "times": [
        6.81917225094,
        6.73803822994,
        6.73417003594,
        6.63672016894,
        6.713708205940001
      ],
      "exit_codes": [
        0,
        0,
        0,
        0,
        0
      ]
    },
    {
      "command": "baseline-psetex-pass2",
      "mean": 6.67213293774,
      "stddev": 0.07855468899667127,
      "median": 6.681771592940001,
      "user": 9.28211086,
      "system": 5.76712534,
      "min": 6.57458557194,
      "max": 6.75310945194,
      "times": [
        6.61043101894,
        6.681771592940001,
        6.75310945194,
        6.74076705294,
        6.57458557194
      ],
      "exit_codes": [
        0,
        0,
        0,
        0,
        0
      ]
    }
  ]
}
