{
  "schema_version": "fr_bench_report/v1",
  "generated_at_ms": 1780977570376,
  "host": "127.0.0.1",
  "port": 49332,
  "workload": "hset",
  "clients": 50,
  "requests": 300000,
  "pipeline": 16,
  "keyspace": 10000,
  "datasize": 3,
  "read_percent": 50,
  "db": 0,
  "key_prefix": "om-ohsk5-4-pair-base",
  "total_time_ms": 540,
  "ops_per_sec": 554679.8875530005,
  "bytes_sent": 21516559,
  "bytes_received": 1200000,
  "latency_us": {
    "min": 108,
    "p50": 1297,
    "p95": 2053,
    "p99": 2839,
    "p999": 3769,
    "max": 4007,
    "mean": 1408.9927366666643,
    "samples": 300000
  }
}