{
  "schema_version": "fr_bench_report/v1",
  "generated_at_ms": 1780977619915,
  "host": "127.0.0.1",
  "port": 49334,
  "workload": "hset",
  "clients": 50,
  "requests": 1000000,
  "pipeline": 16,
  "keyspace": 10000,
  "datasize": 3,
  "read_percent": 50,
  "db": 0,
  "key_prefix": "om-ohsk5-4-rev-base",
  "total_time_ms": 1642,
  "ops_per_sec": 608968.9843546343,
  "bytes_sent": 71338586,
  "bytes_received": 4000000,
  "latency_us": {
    "min": 88,
    "p50": 1225,
    "p95": 1826,
    "p99": 2425,
    "p999": 3471,
    "max": 5111,
    "mean": 1297.0190570000009,
    "samples": 1000000
  }
}