{
  "schema_version": "fr_bench_report/v1",
  "generated_at_ms": 1780977609612,
  "host": "127.0.0.1",
  "port": 49335,
  "workload": "hset",
  "clients": 50,
  "requests": 1000000,
  "pipeline": 16,
  "keyspace": 10000,
  "datasize": 3,
  "read_percent": 50,
  "db": 0,
  "key_prefix": "om-ohsk5-4-rev-cand",
  "total_time_ms": 1617,
  "ops_per_sec": 618151.017312579,
  "bytes_sent": 71338751,
  "bytes_received": 4000000,
  "latency_us": {
    "min": 61,
    "p50": 1186,
    "p95": 1800,
    "p99": 2557,
    "p999": 3641,
    "max": 4231,
    "mean": 1277.1446899999992,
    "samples": 1000000
  }
}