{
  "schema_version": "fr_bench_report/v1",
  "generated_at_ms": 1781377385564,
  "host": "127.0.0.1",
  "port": 6500,
  "workload": "hset",
  "clients": 50,
  "requests": 3000000,
  "pipeline": 16,
  "keyspace": 10000,
  "datasize": 3,
  "read_percent": 50,
  "db": 0,
  "key_prefix": "pass179-paired-baseline",
  "total_time_ms": 3404,
  "ops_per_sec": 881255.93331444,
  "bytes_sent": 227117305,
  "bytes_received": 12000000,
  "latency_us": {
    "min": 107,
    "p50": 833,
    "p95": 1453,
    "p99": 1852,
    "p999": 3453,
    "max": 25263,
    "mean": 896.7597066666685,
    "samples": 3000000
  }
}