{
  "results": [
    {
      "command": "baseline",
      "mean": 3.6295800352600005,
      "stddev": 0.2099832525695219,
      "median": 3.50634560726,
      "user": 4.0266769857142855,
      "system": 5.666462188571429,
      "min": 3.44500720426,
      "max": 3.97853932826,
      "times": [
        3.44500720426,
        3.86098087926,
        3.4949913542599997,
        3.50634560726,
        3.97853932826,
        3.63919129626,
        3.4820045772599997
      ],
      "exit_codes": [
        0,
        0,
        0,
        0,
        0,
        0,
        0
      ]
    }
  ]
}
