{
  "results": [
    {
      "command": "baseline",
      "mean": 3.351531751877143,
      "stddev": 0.12433060057625261,
      "median": 3.40956078502,
      "user": 3.7183530971428573,
      "system": 5.347801274285714,
      "min": 3.17467411202,
      "max": 3.49022925302,
      "times": [
        3.43919163502,
        3.40956078502,
        3.17467411202,
        3.49022925302,
        3.30829684702,
        3.20266884402,
        3.43610078702
      ],
      "exit_codes": [
        0,
        0,
        0,
        0,
        0,
        0,
        0
      ]
    },
    {
      "command": "candidate",
      "mean": 3.7797286038771434,
      "stddev": 0.09873727947825983,
      "median": 3.7855929500200003,
      "user": 4.257505811428571,
      "system": 6.294432845714285,
      "min": 3.63827052902,
      "max": 3.93202181802,
      "times": [
        3.7855929500200003,
        3.7957606150200003,
        3.86656872602,
        3.93202181802,
        3.70750528302,
        3.63827052902,
        3.73238030602
      ],
      "exit_codes": [
        0,
        0,
        0,
        0,
        0,
        0,
        0
      ]
    }
  ]
}
