{
  "schema_version": "fr_bench_report/v1",
  "generated_at_ms": 1781061902210,
  "host": "127.0.0.1",
  "port": 26981,
  "workload": "set",
  "clients": 50,
  "requests": 3000000,
  "pipeline": 16,
  "keyspace": 10000,
  "datasize": 3,
  "read_percent": 50,
  "db": 0,
  "key_prefix": "ohsk5-p111-profile",
  "total_time_ms": 2019,
  "ops_per_sec": 1485472.5714283248,
  "bytes_sent": 182117800,
  "bytes_received": 15000000,
  "latency_us": {
    "min": 47,
    "p50": 491,
    "p95": 779,
    "p99": 1004,
    "p999": 1589,
    "max": 18799,
    "mean": 528.4496746666663,
    "samples": 3000000
  }
}