{
  "schema_version": "fr_bench_report/v1",
  "generated_at_ms": 1781116823513,
  "host": "127.0.0.1",
  "port": 6676,
  "workload": "get",
  "clients": 50,
  "requests": 1000000,
  "pipeline": 16,
  "keyspace": 10000,
  "datasize": 3,
  "read_percent": 50,
  "db": 0,
  "key_prefix": "ohsk5:p124:paired:candidate",
  "total_time_ms": 796,
  "ops_per_sec": 1255354.7722720914,
  "bytes_sent": 58889000,
  "bytes_received": 9000000,
  "latency_us": {
    "min": 48,
    "p50": 594,
    "p95": 918,
    "p99": 1125,
    "p999": 1560,
    "max": 2021,
    "mean": 624.541242000001,
    "samples": 1000000
  }
}