{
  "schema_version": "fr_bench_report/v1",
  "generated_at_ms": 1781116846607,
  "host": "127.0.0.1",
  "port": 6678,
  "workload": "get",
  "clients": 50,
  "requests": 1000000,
  "pipeline": 16,
  "keyspace": 10000,
  "datasize": 3,
  "read_percent": 50,
  "db": 0,
  "key_prefix": "ohsk5:p124:reversed:baseline",
  "total_time_ms": 834,
  "ops_per_sec": 1198740.2457936797,
  "bytes_sent": 59888924,
  "bytes_received": 9000000,
  "latency_us": {
    "min": 47,
    "p50": 607,
    "p95": 896,
    "p99": 2089,
    "p999": 4239,
    "max": 8119,
    "mean": 653.0961239999991,
    "samples": 1000000
  }
}