{
  "schema_version": "fr_bench_report/v1",
  "generated_at_ms": 1781357107409,
  "host": "127.0.0.1",
  "port": 25266,
  "workload": "lpush",
  "clients": 50,
  "requests": 1000000,
  "pipeline": 16,
  "keyspace": 100000,
  "datasize": 3,
  "read_percent": 50,
  "db": 0,
  "key_prefix": "9qbbb:paired",
  "total_time_ms": 1494,
  "ops_per_sec": 668981.2924338722,
  "bytes_sent": 55338406,
  "bytes_received": 5006852,
  "latency_us": {
    "min": 111,
    "p50": 1054,
    "p95": 1448,
    "p99": 8095,
    "p999": 9887,
    "max": 10119,
    "mean": 1184.5702420000007,
    "samples": 1000000
  }
}