{
  "schema_version": "fr_bench_report/v1",
  "generated_at_ms": 1781357119439,
  "host": "127.0.0.1",
  "port": 25267,
  "workload": "lpush",
  "clients": 50,
  "requests": 1000000,
  "pipeline": 16,
  "keyspace": 100000,
  "datasize": 3,
  "read_percent": 50,
  "db": 0,
  "key_prefix": "9qbbb:paired",
  "total_time_ms": 1471,
  "ops_per_sec": 679375.176937745,
  "bytes_sent": 55339377,
  "bytes_received": 5006858,
  "latency_us": {
    "min": 102,
    "p50": 1076,
    "p95": 1258,
    "p99": 6939,
    "p999": 8511,
    "max": 9423,
    "mean": 1165.9284750000022,
    "samples": 1000000
  }
}