{
  "results": [
    {
      "command": "target-blackthrush-pass40-zrank-baseline-rch/release/zrank-order-stat-harness --mode paired --n 20000 --queries 20000",
      "mean": 1.3141496167,
      "stddev": 0.01861168756943538,
      "median": 1.3096352124,
      "user": 1.3068510399999997,
      "system": 0.00575542,
      "min": 1.2889875529,
      "max": 1.3483365769,
      "times": [
        1.3087226809,
        1.3359747249,
        1.3231880249,
        1.2989215269,
        1.3010589879,
        1.3253036639,
        1.3004546839,
        1.2889875529,
        1.3105477439,
        1.3483365769
      ],
      "exit_codes": [
        0,
        0,
        0,
        0,
        0,
        0,
        0,
        0,
        0,
        0
      ]
    }
  ]
}
