{
  "results": [
    {
      "command": "target-blackthrush-pass40-zrank-candidate-rch/release/zrank-order-stat-harness --mode paired --n 20000 --queries 20000",
      "mean": 0.03204505524,
      "stddev": 0.007320310747846055,
      "median": 0.030500318940000003,
      "user": 0.02505768,
      "system": 0.006652280000000001,
      "min": 0.02357772994,
      "max": 0.04780673894,
      "times": [
        0.02562768294,
        0.03894836694000001,
        0.027962606940000002,
        0.03725301594000001,
        0.027206033940000002,
        0.04780673894,
        0.030061592940000003,
        0.030939044940000004,
        0.02357772994,
        0.031067738940000002
      ],
      "exit_codes": [
        0,
        0,
        0,
        0,
        0,
        0,
        0,
        0,
        0,
        0
      ]
    }
  ]
}
