{
  "schema_version": "fr_bench_report/v1",
  "generated_at_ms": 1781353625499,
  "host": "127.0.0.1",
  "port": 25229,
  "workload": "lpush",
  "clients": 50,
  "requests": 5000000,
  "pipeline": 16,
  "keyspace": 100000,
  "datasize": 3,
  "read_percent": 50,
  "db": 0,
  "key_prefix": "cms7p:pair5",
  "total_time_ms": 7627,
  "ops_per_sec": 655535.5094821632,
  "bytes_sent": 273895199,
  "bytes_received": 24100000,
  "latency_us": {
    "min": 78,
    "p50": 1069,
    "p95": 1573,
    "p99": 6923,
    "p999": 9055,
    "max": 9815,
    "mean": 1212.317064000001,
    "samples": 5000000
  }
}