{
  "schema_version": "fr_bench_report/v1",
  "generated_at_ms": 1781353575679,
  "host": "127.0.0.1",
  "port": 25230,
  "workload": "lpush",
  "clients": 50,
  "requests": 5000000,
  "pipeline": 16,
  "keyspace": 100000,
  "datasize": 3,
  "read_percent": 50,
  "db": 0,
  "key_prefix": "cms7p:pair5",
  "total_time_ms": 6460,
  "ops_per_sec": 773924.8018712148,
  "bytes_sent": 273893709,
  "bytes_received": 24100000,
  "latency_us": {
    "min": 97,
    "p50": 964,
    "p95": 1100,
    "p99": 3929,
    "p999": 7351,
    "max": 8183,
    "mean": 1026.1513690000013,
    "samples": 5000000
  }
}