{
  "schema_version": "fr_bench_report/v1",
  "generated_at_ms": 1781038855305,
  "host": "127.0.0.1",
  "port": 26912,
  "workload": "set",
  "clients": 50,
  "requests": 1000000,
  "pipeline": 16,
  "keyspace": 10000,
  "datasize": 3,
  "read_percent": 50,
  "db": 0,
  "key_prefix": "zhphm-p108-strace",
  "total_time_ms": 1945,
  "ops_per_sec": 514005.26807700086,
  "bytes_sent": 59338470,
  "bytes_received": 5000000,
  "latency_us": {
    "min": 103,
    "p50": 1442,
    "p95": 1962,
    "p99": 2661,
    "p999": 4123,
    "max": 7403,
    "mean": 1505.2439199999976,
    "samples": 1000000
  }
}