{
  "results": [
    {
      "command": "artifacts/optimization/icywolf-perf-20260605-pass48-protocol-decimal/bench_protocol_parse_baseline 2000000 16 64",
      "mean": 0.4660808049,
      "stddev": 0.01146787781581143,
      "median": 0.46574626360000004,
      "user": 0.46277264,
      "system": 0.0020166000000000003,
      "min": 0.44750758910000005,
      "max": 0.48465754310000003,
      "times": [
        0.48465754310000003,
        0.4528136421,
        0.4691179321,
        0.47430678410000005,
        0.46508896810000006,
        0.46640355910000003,
        0.4624111851,
        0.4591016551,
        0.44750758910000005,
        0.4793991911
      ],
      "exit_codes": [
        0,
        0,
        0,
        0,
        0,
        0,
        0,
        0,
        0,
        0
      ]
    }
  ]
}
