{
  "results": [
    {
      "command": "artifacts/optimization/icywolf-perf-20260605-pass48-protocol-decimal/bench_protocol_parse_candidate 2000000 16 64",
      "mean": 0.6530972208200001,
      "stddev": 0.026533486937340502,
      "median": 0.6501096801200001,
      "user": 0.64606378,
      "system": 0.0009920200000000001,
      "min": 0.6189958921200001,
      "max": 0.7000941501200001,
      "times": [
        0.6189958921200001,
        0.68538143512,
        0.6418244631200001,
        0.6383750771200001,
        0.7000941501200001,
        0.6583948971200001,
        0.62967324112,
        0.62695593212,
        0.66425134212,
        0.6670257781200001
      ],
      "exit_codes": [
        0,
        0,
        0,
        0,
        0,
        0,
        0,
        0,
        0,
        0
      ]
    }
  ]
}
