{
  "results": [
    {
      "command": "baseline-trivial",
      "mean": 1.49703518228,
      "stddev": 0.024856157488222487,
      "median": 1.5065509542800002,
      "user": 0.5726440399999999,
      "system": 0.89946454,
      "min": 1.45500973528,
      "max": 1.52416950028,
      "times": [
        1.5126086242799999,
        1.50626262628,
        1.51893560328,
        1.51240651728,
        1.52416950028,
        1.50047359028,
        1.45500973528,
        1.50683928228,
        1.47318671228,
        1.46045963128
      ],
      "exit_codes": [
        0,
        0,
        0,
        0,
        0,
        0,
        0,
        0,
        0,
        0
      ]
    },
    {
      "command": "candidate-trivial",
      "mean": 1.41203083398,
      "stddev": 0.08694491726522013,
      "median": 1.42972882878,
      "user": 0.5115223400000001,
      "system": 0.8842362400000001,
      "min": 1.18154350428,
      "max": 1.51116968328,
      "times": [
        1.18154350428,
        1.44531743028,
        1.51116968328,
        1.44729703928,
        1.4270489152799999,
        1.43240874228,
        1.41995127128,
        1.42478802728,
        1.38504989428,
        1.44573383228
      ],
      "exit_codes": [
        0,
        0,
        0,
        0,
        0,
        0,
        0,
        0,
        0,
        0
      ]
    }
  ]
}
