{
  "results": [
    {
      "command": "baseline-table200",
      "mean": 0.6770903411900001,
      "stddev": 0.029850776826548298,
      "median": 0.67311583294,
      "user": 0.498704765,
      "system": 0.16295434999999997,
      "min": 0.62426097344,
      "max": 0.72823159644,
      "times": [
        0.67137700844,
        0.72823159644,
        0.67468359444,
        0.69762636444,
        0.6715480714400001,
        0.6617150054400001,
        0.62426097344,
        0.68728011544
      ],
      "exit_codes": [
        0,
        0,
        0,
        0,
        0,
        0,
        0,
        0
      ]
    },
    {
      "command": "candidate-table200",
      "mean": 0.62639512794,
      "stddev": 0.021548616676465952,
      "median": 0.62048579894,
      "user": 0.4503736399999999,
      "system": 0.15840085,
      "min": 0.59082092944,
      "max": 0.65230703544,
      "times": [
        0.61900351044,
        0.59082092944,
        0.61645378744,
        0.62196808744,
        0.61378487944,
        0.65230703544,
        0.6459686424400001,
        0.65085415144
      ],
      "exit_codes": [
        0,
        0,
        0,
        0,
        0,
        0,
        0,
        0
      ]
    }
  ]
}
