{
  "results": [
    {
      "command": "baseline-loop1000",
      "mean": 0.9876148116100001,
      "stddev": 0.05070486002362457,
      "median": 1.00740888536,
      "user": 0.8115946599999999,
      "system": 0.16815265,
      "min": 0.92226677086,
      "max": 1.0524214278600001,
      "times": [
        0.93155006686,
        0.9342709328600001,
        1.0186807128600002,
        1.02630812886,
        1.0524214278600001,
        0.92226677086,
        1.01928339486,
        0.9961370578600001
      ],
      "exit_codes": [
        0,
        0,
        0,
        0,
        0,
        0,
        0,
        0
      ]
    },
    {
      "command": "candidate-loop1000",
      "mean": 0.97188969961,
      "stddev": 0.019964807652315206,
      "median": 0.9632685383599999,
      "user": 0.78751316,
      "system": 0.17620927499999997,
      "min": 0.94512090886,
      "max": 0.9973897298600001,
      "times": [
        0.99440247886,
        0.9973897298600001,
        0.96251971486,
        0.99308501086,
        0.9591272548600001,
        0.9594551368600001,
        0.96401736186,
        0.94512090886
      ],
      "exit_codes": [
        0,
        0,
        0,
        0,
        0,
        0,
        0,
        0
      ]
    }
  ]
}
