{
  "results": [
    {
      "command": "candidate-trivial",
      "mean": 1.47981024762,
      "stddev": 0.051279773880206755,
      "median": 1.46143159702,
      "user": 0.53857718,
      "system": 0.9053774599999999,
      "min": 1.4327990615200001,
      "max": 1.5676075445200002,
      "times": [
        1.46742180152,
        1.4339063115200001,
        1.44354362552,
        1.45544139252,
        1.4327990615200001,
        1.4462593695200001,
        1.5115494065200001,
        1.56587956152,
        1.5676075445200002,
        1.47369440152
      ],
      "exit_codes": [
        0,
        0,
        0,
        0,
        0,
        0,
        0,
        0,
        0,
        0
      ]
    },
    {
      "command": "baseline-trivial",
      "mean": 1.5993664816200002,
      "stddev": 0.08271905785786358,
      "median": 1.6127151420200003,
      "user": 0.59685048,
      "system": 0.9481318599999999,
      "min": 1.4168813455200002,
      "max": 1.70714806152,
      "times": [
        1.4168813455200002,
        1.5467880335200002,
        1.5986233005200001,
        1.6156227655200002,
        1.55187011152,
        1.70714806152,
        1.6996982315200002,
        1.61988206452,
        1.62734338352,
        1.6098075185200003
      ],
      "exit_codes": [
        0,
        0,
        0,
        0,
        0,
        0,
        0,
        0,
        0,
        0
      ]
    }
  ]
}
