{
  "results": [
    {
      "command": "baseline-trivial-50k",
      "mean": 3.8129626946866675,
      "stddev": 0.07123897367838138,
      "median": 3.7981662065200004,
      "user": 1.4845703466666667,
      "system": 2.3131282533333333,
      "min": 3.74213511152,
      "max": 3.9160076365200003,
      "times": [
        3.7797565795200003,
        3.81657583352,
        3.74213511152,
        3.87730492352,
        3.9160076365200003,
        3.74599608352
      ],
      "exit_codes": [
        0,
        0,
        0,
        0,
        0,
        0
      ]
    },
    {
      "command": "candidate-trivial-50k",
      "mean": 3.5163281425199995,
      "stddev": 0.30404799113490893,
      "median": 3.58296773952,
      "user": 1.28183018,
      "system": 2.231740586666667,
      "min": 2.91241677952,
      "max": 3.7313584365200003,
      "times": [
        3.58805896752,
        3.7313584365200003,
        2.91241677952,
        3.71369656752,
        3.57456159252,
        3.57787651152
      ],
      "exit_codes": [
        0,
        0,
        0,
        0,
        0,
        0
      ]
    }
  ]
}
