{
  "results": [
    {
      "command": "OUT=artifacts/optimization/frankenredis-zhphm/pass109/baseline SERVER=/tmp/rch_target_fr_zhphm_p109_baseline/release-perf/frankenredis BENCH=/tmp/rch_target_fr_zhphm_p109_baseline/release-perf/fr-bench PORT=26950 WORKLOAD=set REQUESTS=1000000 JSON_OUT=artifacts/optimization/frankenredis-zhphm/pass109/baseline/baseline-set-p16-c50-1m-last.json KEY_PREFIX=zhphm-p109-base artifacts/optimization/frankenredis-zhphm/pass1/run_fr_bench_once.sh",
      "mean": 1.2279626029850002,
      "stddev": 0.2499202074071986,
      "median": 1.13371121236,
      "user": 1.7635651649999997,
      "system": 3.100122115,
      "min": 1.05362188686,
      "max": 1.78770702686,
      "times": [
        1.39006805786,
        1.10333061686,
        1.16422567686,
        1.05732513386,
        1.05362188686,
        1.78770702686,
        1.15313753186,
        1.11428489286
      ],
      "exit_codes": [
        0,
        0,
        0,
        0,
        0,
        0,
        0,
        0
      ]
    }
  ]
}
