{
  "schema_version": "fr_bench_report/v1",
  "generated_at_ms": 1781059799722,
  "host": "127.0.0.1",
  "port": 26950,
  "workload": "set",
  "clients": 50,
  "requests": 1000000,
  "pipeline": 16,
  "keyspace": 10000,
  "datasize": 3,
  "read_percent": 50,
  "db": 0,
  "key_prefix": "zhphm-p109-base",
  "total_time_ms": 1046,
  "ops_per_sec": 955847.2980146335,
  "bytes_sent": 57338493,
  "bytes_received": 5000000,
  "latency_us": {
    "min": 45,
    "p50": 757,
    "p95": 1195,
    "p99": 2057,
    "p999": 3761,
    "max": 11383,
    "mean": 819.1988980000004,
    "samples": 1000000
  }
}