{
  "schema_version": "fr_bench_report/v1",
  "generated_at_ms": 1780609395713,
  "host": "127.0.0.1",
  "port": 20570,
  "workload": "set",
  "clients": 50,
  "requests": 500000,
  "pipeline": 16,
  "keyspace": 10000,
  "datasize": 3,
  "read_percent": 50,
  "db": 0,
  "key_prefix": "cod-pass44-baseline",
  "total_time_ms": 1586,
  "ops_per_sec": 315171.4729858248,
  "bytes_sent": 30394511,
  "bytes_received": 2500000,
  "latency_us": {
    "min": 86,
    "p50": 2311,
    "p95": 3369,
    "p99": 4021,
    "p999": 5875,
    "max": 7959,
    "mean": 2516.3795339999997,
    "samples": 500000
  }
}