{
  "results": [
    {
      "command": "\"target-cod-pass44-bcast-baseline-rch/release-perf/fr-bench\" --host 127.0.0.1 --port 20581 --clients 50 --requests 500000 --pipeline 16 --workload set --keyspace 10000 --datasize 3 --json-out \"artifacts/optimization/cod-perf-20260604-pass44-bcast-registry/baseline-persistent-set-p16-last.json\" --key-prefix cod-pass44-baselinep",
      "mean": 1.6043573288950004,
      "stddev": 0.121912420255805,
      "median": 1.55457770702,
      "user": 0.449003145,
      "system": 0.8497198549999999,
      "min": 1.51616006102,
      "max": 1.85993784402,
      "times": [
        1.5596184260200001,
        1.7213036070199998,
        1.85993784402,
        1.56282313302,
        1.51616006102,
        1.5210846520199999,
        1.5495369880199998,
        1.54439392002
      ],
      "exit_codes": [
        0,
        0,
        0,
        0,
        0,
        0,
        0,
        0
      ]
    }
  ]
}
