{
  "results": [
    {
      "command": "bash -lc 'log=\"$OUT/baseline-server.log\"; \"$SERVER\" --port \"$PORT\" --mode strict > \"$log\" 2>&1 & pid=$!; cleanup(){ kill \"$pid\" 2>/dev/null || true; wait \"$pid\" 2>/dev/null || true; }; trap cleanup EXIT; for i in {1..100}; do grep -q ready \"$log\" && break; kill -0 \"$pid\" 2>/dev/null || exit 1; sleep 0.05; done; grep -q ready \"$log\" || exit 1; \"$BENCH\" --host 127.0.0.1 --port \"$PORT\" --clients 50 --requests 500000 --pipeline 16 --workload set --keyspace 10000 --datasize 3 --json-out \"$OUT/baseline-set-p16-last.json\" --key-prefix cod-pass44-baseline' ",
      "mean": 1.596631677515,
      "stddev": 0.055019122127100355,
      "median": 1.59530268764,
      "user": 1.5554522999999998,
      "system": 1.213299875,
      "min": 1.53554611214,
      "max": 1.67789626814,
      "times": [
        1.65326569714,
        1.5475115031400002,
        1.63223710914,
        1.58335247814,
        1.53554611214,
        1.6072528971400002,
        1.53599135514,
        1.67789626814
      ],
      "exit_codes": [
        0,
        0,
        0,
        0,
        0,
        0,
        0,
        0
      ]
    }
  ]
}
