{
  "schema_version": "fr_bench_report/v1",
  "generated_at_ms": 1780609873751,
  "host": "127.0.0.1",
  "port": 20580,
  "workload": "set",
  "clients": 50,
  "requests": 500000,
  "pipeline": 16,
  "keyspace": 10000,
  "datasize": 3,
  "read_percent": 50,
  "db": 0,
  "key_prefix": "cod-pass44-candidate2p",
  "total_time_ms": 1482,
  "ops_per_sec": 337377.91833265737,
  "bytes_sent": 31894326,
  "bytes_received": 2500000,
  "latency_us": {
    "min": 147,
    "p50": 2247,
    "p95": 3019,
    "p99": 3387,
    "p999": 3781,
    "max": 4943,
    "mean": 2347.8762920000004,
    "samples": 500000
  }
}