{
  "schema_version": "fr_bench_report/v1",
  "generated_at_ms": 1780609965269,
  "host": "127.0.0.1",
  "port": 20583,
  "workload": "set",
  "clients": 50,
  "requests": 500000,
  "pipeline": 16,
  "keyspace": 10000,
  "datasize": 3,
  "read_percent": 50,
  "db": 0,
  "key_prefix": "cod-pass44-pair-cand",
  "total_time_ms": 1521,
  "ops_per_sec": 328581.76867355476,
  "bytes_sent": 30894758,
  "bytes_received": 2500000,
  "latency_us": {
    "min": 92,
    "p50": 2263,
    "p95": 3219,
    "p99": 3689,
    "p999": 4215,
    "max": 5011,
    "mean": 2411.8726400000055,
    "samples": 500000
  }
}