{
  "schema_version": "fr_bench_report/v1",
  "generated_at_ms": 1780609945955,
  "host": "127.0.0.1",
  "port": 20582,
  "workload": "set",
  "clients": 50,
  "requests": 500000,
  "pipeline": 16,
  "keyspace": 10000,
  "datasize": 3,
  "read_percent": 50,
  "db": 0,
  "key_prefix": "cod-pass44-pair-base",
  "total_time_ms": 1897,
  "ops_per_sec": 263521.3865674861,
  "bytes_sent": 30894792,
  "bytes_received": 2500000,
  "latency_us": {
    "min": 101,
    "p50": 2681,
    "p95": 4731,
    "p99": 5835,
    "p999": 8831,
    "max": 11863,
    "mean": 2998.0515200000027,
    "samples": 500000
  }
}