{
  "results": [
    {
      "command": "baseline",
      "mean": 1.7140213568,
      "stddev": 0.1945923398429211,
      "median": 1.6432406243000002,
      "user": 0.46345412,
      "system": 0.8874053399999999,
      "min": 1.4458169578,
      "max": 2.0718377978,
      "times": [
        1.4458169578,
        1.5641412138000002,
        1.5690288348,
        1.6014149638000001,
        1.6776106648,
        1.8386150488000002,
        2.0718377978,
        1.6088705838000001,
        1.8627420218000001,
        1.9001354808000002
      ],
      "exit_codes": [
        0,
        0,
        0,
        0,
        0,
        0,
        0,
        0,
        0,
        0
      ]
    },
    {
      "command": "candidate",
      "mean": 1.5779660835000002,
      "stddev": 0.12578912184837698,
      "median": 1.5362203883,
      "user": 0.4320043199999999,
      "system": 0.8458919399999999,
      "min": 1.4061794178000002,
      "max": 1.8248366088,
      "times": [
        1.7182811468,
        1.8248366088,
        1.6106683358000002,
        1.5073827568000002,
        1.5485522918,
        1.4656296718000001,
        1.6565256678,
        1.5177164528000002,
        1.4061794178000002,
        1.5238884848
      ],
      "exit_codes": [
        0,
        0,
        0,
        0,
        0,
        0,
        0,
        0,
        0,
        0
      ]
    }
  ]
}
