{
  "schema_version": "fr_bench_report/v1",
  "generated_at_ms": 1781353501916,
  "host": "127.0.0.1",
  "port": 25228,
  "workload": "lpush",
  "clients": 50,
  "requests": 5000000,
  "pipeline": 16,
  "keyspace": 100000,
  "datasize": 3,
  "read_percent": 50,
  "db": 0,
  "key_prefix": "cms7p:pair5",
  "total_time_ms": 6584,
  "ops_per_sec": 759348.0657214578,
  "bytes_sent": 273894094,
  "bytes_received": 24100000,
  "latency_us": {
    "min": 69,
    "p50": 973,
    "p95": 1155,
    "p99": 5311,
    "p999": 7723,
    "max": 9311,
    "mean": 1046.0951175999996,
    "samples": 5000000
  }
}