{
  "schema_version": "fr_bench_report/v1",
  "generated_at_ms": 1780514119598,
  "host": "127.0.0.1",
  "port": 20631,
  "workload": "set",
  "clients": 50,
  "requests": 500000,
  "pipeline": 16,
  "keyspace": 10000,
  "datasize": 3,
  "read_percent": 50,
  "db": 0,
  "key_prefix": "icywolf-pass28-runtimeinfo-cand-direct",
  "total_time_ms": 1742,
  "ops_per_sec": 286910.17075237894,
  "bytes_sent": 39894813,
  "bytes_received": 2500000,
  "latency_us": {
    "min": 217,
    "p50": 2581,
    "p95": 3735,
    "p99": 4475,
    "p999": 6299,
    "max": 9575,
    "mean": 2765.548654000005,
    "samples": 500000
  }
}