{
  "results": [
    {
      "command": "baseline",
      "mean": 1.745548071665,
      "stddev": 0.06806670592288007,
      "median": 1.73936533954,
      "user": 0.41842908,
      "system": 0.81234845,
      "min": 1.6621066180400001,
      "max": 1.8800633320400002,
      "times": [
        1.78046704104,
        1.7500165380400001,
        1.69260313104,
        1.72871414104,
        1.77285641404,
        1.8800633320400002,
        1.69755735804,
        1.6621066180400001
      ],
      "exit_codes": [
        0,
        0,
        0,
        0,
        0,
        0,
        0,
        0
      ]
    },
    {
      "command": "candidate",
      "mean": 1.67267655654,
      "stddev": 0.041735917992839044,
      "median": 1.6657545475400002,
      "user": 0.395160955,
      "system": 0.794895325,
      "min": 1.62058605804,
      "max": 1.7366279260400002,
      "times": [
        1.7366279260400002,
        1.65084366804,
        1.6377009180400002,
        1.6392251360399999,
        1.71165139504,
        1.68066542704,
        1.70411192404,
        1.62058605804
      ],
      "exit_codes": [
        0,
        0,
        0,
        0,
        0,
        0,
        0,
        0
      ]
    }
  ]
}
