{
  "results": [
    {
      "command": "baseline-2m",
      "mean": 7.693104057899999,
      "stddev": 0.19029948102426852,
      "median": 7.6538315315,
      "user": 1.5406512199999998,
      "system": 3.1294784399999993,
      "min": 7.4813703405,
      "max": 7.9037602835,
      "times": [
        7.5500430965,
        7.4813703405,
        7.6538315315,
        7.8765150375,
        7.9037602835
      ],
      "exit_codes": [
        0,
        0,
        0,
        0,
        0
      ]
    },
    {
      "command": "candidate-2m",
      "mean": 7.835333092499999,
      "stddev": 0.13053712995879216,
      "median": 7.8562678235,
      "user": 1.54277522,
      "system": 3.15637804,
      "min": 7.6627609425,
      "max": 8.0043852215,
      "times": [
        8.0043852215,
        7.8944862595,
        7.8562678235,
        7.6627609425,
        7.7587652154999995
      ],
      "exit_codes": [
        0,
        0,
        0,
        0,
        0
      ]
    }
  ]
}
