{
  "schema_version": "fr_bench_report/v1",
  "generated_at_ms": 1780609021860,
  "host": "127.0.0.1",
  "port": 20563,
  "workload": "set",
  "clients": 50,
  "requests": 500000,
  "pipeline": 16,
  "keyspace": 10000,
  "datasize": 3,
  "read_percent": 50,
  "db": 0,
  "key_prefix": "cod-pass43-candidate",
  "total_time_ms": 1607,
  "ops_per_sec": 311085.0612905107,
  "bytes_sent": 30894651,
  "bytes_received": 2500000,
  "latency_us": {
    "min": 96,
    "p50": 2263,
    "p95": 3713,
    "p99": 5399,
    "p999": 7799,
    "max": 11615,
    "mean": 2539.1747639999962,
    "samples": 500000
  }
}