{
  "schema_version": "fr_bench_report/v1",
  "generated_at_ms": 1780861459027,
  "host": "127.0.0.1",
  "port": 6429,
  "workload": "get",
  "clients": 16,
  "requests": 1000000,
  "pipeline": 16,
  "keyspace": 10000,
  "datasize": 3,
  "read_percent": 50,
  "db": 0,
  "key_prefix": "fr:range:reversed",
  "total_time_ms": 1353,
  "ops_per_sec": 738945.4481429625,
  "bytes_sent": 48888511,
  "bytes_received": 9000000,
  "latency_us": {
    "min": 32,
    "p50": 313,
    "p95": 459,
    "p99": 959,
    "p999": 2929,
    "max": 3027,
    "mean": 336.5211090000004,
    "samples": 1000000
  }
}