{
  "schema_version": "fr_bench_report/v1",
  "generated_at_ms": 1780861420960,
  "host": "127.0.0.1",
  "port": 6432,
  "workload": "get",
  "clients": 16,
  "requests": 300000,
  "pipeline": 16,
  "keyspace": 10000,
  "datasize": 3,
  "read_percent": 50,
  "db": 0,
  "key_prefix": "fr:range:paired",
  "total_time_ms": 397,
  "ops_per_sec": 754210.906562465,
  "bytes_sent": 14066895,
  "bytes_received": 2700000,
  "latency_us": {
    "min": 38,
    "p50": 314,
    "p95": 454,
    "p99": 644,
    "p999": 1066,
    "max": 1582,
    "mean": 329.1133333333331,
    "samples": 300000
  }
}