{
  "schema_version": "fr_bench_report/v1",
  "generated_at_ms": 1780861448383,
  "host": "127.0.0.1",
  "port": 6432,
  "workload": "get",
  "clients": 16,
  "requests": 1000000,
  "pipeline": 16,
  "keyspace": 10000,
  "datasize": 3,
  "read_percent": 50,
  "db": 0,
  "key_prefix": "fr:range:reversed",
  "total_time_ms": 1276,
  "ops_per_sec": 783697.4571577854,
  "bytes_sent": 48889502,
  "bytes_received": 9000000,
  "latency_us": {
    "min": 41,
    "p50": 302,
    "p95": 437,
    "p99": 609,
    "p999": 1056,
    "max": 1873,
    "mean": 318.32591000000036,
    "samples": 1000000
  }
}