{
  "results": [
    {
      "command": "candidate",
      "mean": 2.33853794252,
      "stddev": 1.1264077189891595,
      "median": 2.28223401752,
      "user": 0.61278918,
      "system": 1.2395450866666666,
      "min": 1.28236542902,
      "max": 3.74181251702,
      "times": [
        3.14412241202,
        3.1539629650200003,
        3.74181251702,
        1.42034562302,
        1.28236542902,
        1.2886187090199999
      ],
      "exit_codes": [
        0,
        0,
        0,
        0,
        0,
        0
      ]
    },
    {
      "command": "baseline",
      "mean": 1.3265501038533332,
      "stddev": 0.028695561438217543,
      "median": 1.3122381025199998,
      "user": 0.6377238466666667,
      "system": 1.2891432533333333,
      "min": 1.30117127302,
      "max": 1.36950689502,
      "times": [
        1.3121893920199998,
        1.30801978602,
        1.31228681302,
        1.30117127302,
        1.35612646402,
        1.36950689502
      ],
      "exit_codes": [
        0,
        0,
        0,
        0,
        0,
        0
      ]
    }
  ]
}
