{
  "results": [
    {
      "command": "baseline",
      "mean": 0.40728376209999995,
      "stddev": 0.011801971784135981,
      "median": 0.4091283843,
      "user": 0.19061,
      "system": 0.4000755,
      "min": 0.38906800630000005,
      "max": 0.4249060163,
      "times": [
        0.4249060163,
        0.38906800630000005,
        0.39711371630000003,
        0.4219166603,
        0.39796588130000005,
        0.41250509030000004,
        0.4115306623,
        0.4067261063,
        0.3967423913,
        0.4143630903
      ],
      "exit_codes": [
        0,
        0,
        0,
        0,
        0,
        0,
        0,
        0,
        0,
        0
      ]
    },
    {
      "command": "candidate",
      "mean": 0.40866270160000007,
      "stddev": 0.01844974144326176,
      "median": 0.4041228398,
      "user": 0.19863830000000002,
      "system": 0.38813220000000004,
      "min": 0.3906583783,
      "max": 0.4547997763,
      "times": [
        0.3906583783,
        0.4019534483,
        0.4547997763,
        0.40448081830000004,
        0.3927368083,
        0.4037648613,
        0.39688092230000005,
        0.40955972430000004,
        0.4195269763,
        0.4122653023
      ],
      "exit_codes": [
        0,
        0,
        0,
        0,
        0,
        0,
        0,
        0,
        0,
        0
      ]
    }
  ]
}
