{"bytes_received": 5000000, "bytes_sent": 59889000, "clients": 50, "datasize": 3, "elapsed_seconds": 4.5978184710256755, "keyspace": 10000, "mix": "alternate", "ops_per_sec": 217494.45009666102, "pipeline": 16, "requests": 1000000, "schema": "frankenredis_svgvb_setex_bench_v1"}
