{"bytes_received": 5000000, "bytes_sent": 62889000, "clients": 50, "datasize": 3, "elapsed_seconds": 4.704415936022997, "keyspace": 10000, "mix": "alternate", "ops_per_sec": 212566.23852978795, "pipeline": 16, "requests": 1000000, "schema": "frankenredis_svgvb_setex_bench_v1"}
