{"bytes_received": 5000000, "bytes_sent": 72889000, "clients": 50, "datasize": 3, "elapsed_seconds": 4.927704138099216, "keyspace": 10000, "mix": "alternate", "ops_per_sec": 202934.26146841157, "pipeline": 16, "requests": 1000000, "schema": "frankenredis_svgvb_setex_bench_v1"}
