{
  "schema_version": "fr_bench_report/v1",
  "generated_at_ms": 1781371717453,
  "host": "127.0.0.1",
  "port": 26381,
  "workload": "hset",
  "clients": 50,
  "requests": 1000000,
  "pipeline": 16,
  "keyspace": 10000,
  "datasize": 3,
  "read_percent": 50,
  "db": 0,
  "key_prefix": "pass175:baseline",
  "total_time_ms": 1105,
  "ops_per_sec": 904220.3671839983,
  "bytes_sent": 68338871,
  "bytes_received": 4000000,
  "latency_us": {
    "min": 191,
    "p50": 788,
    "p95": 1341,
    "p99": 1718,
    "p999": 2563,
    "max": 2667,
    "mean": 872.6635789999995,
    "samples": 1000000
  }
}