{
  "schema_version": "fr_bench_report/v1",
  "generated_at_ms": 1781372108008,
  "host": "127.0.0.1",
  "port": 26384,
  "workload": "hset",
  "clients": 50,
  "requests": 1000000,
  "pipeline": 16,
  "keyspace": 10000,
  "datasize": 3,
  "read_percent": 50,
  "db": 0,
  "key_prefix": "pass175:paired:baseline",
  "total_time_ms": 1017,
  "ops_per_sec": 982526.5300683744,
  "bytes_sent": 75339138,
  "bytes_received": 4000000,
  "latency_us": {
    "min": 166,
    "p50": 774,
    "p95": 1070,
    "p99": 1485,
    "p999": 1791,
    "max": 1884,
    "mean": 802.39629,
    "samples": 1000000
  }
}