{
  "schema_version": "fr_bench_report/v1",
  "generated_at_ms": 1781372118338,
  "host": "127.0.0.1",
  "port": 26385,
  "workload": "hset",
  "clients": 50,
  "requests": 1000000,
  "pipeline": 16,
  "keyspace": 10000,
  "datasize": 3,
  "read_percent": 50,
  "db": 0,
  "key_prefix": "pass175:paired:candidate",
  "total_time_ms": 1065,
  "ops_per_sec": 938200.4431527872,
  "bytes_sent": 76338551,
  "bytes_received": 4000000,
  "latency_us": {
    "min": 178,
    "p50": 798,
    "p95": 1193,
    "p99": 1560,
    "p999": 1964,
    "max": 3035,
    "mean": 840.264242000001,
    "samples": 1000000
  }
}