{
  "schema_version": "fr_bench_report/v1",
  "generated_at_ms": 1781371563378,
  "host": "127.0.0.1",
  "port": 26380,
  "workload": "lpush",
  "clients": 50,
  "requests": 300000,
  "pipeline": 16,
  "keyspace": 10000,
  "datasize": 3,
  "read_percent": 50,
  "db": 0,
  "key_prefix": "pass175:redis:lpush",
  "total_time_ms": 352,
  "ops_per_sec": 850776.6244936599,
  "bytes_sent": 18216297,
  "bytes_received": 1410000,
  "latency_us": {
    "min": 36,
    "p50": 835,
    "p95": 1434,
    "p99": 1878,
    "p999": 2841,
    "max": 3897,
    "mean": 918.721429999999,
    "samples": 300000
  }
}