{
  "schema_version": "fr_bench_report/v1",
  "generated_at_ms": 1781371566605,
  "host": "127.0.0.1",
  "port": 26380,
  "workload": "hget",
  "clients": 50,
  "requests": 300000,
  "pipeline": 16,
  "keyspace": 10000,
  "datasize": 3,
  "read_percent": 50,
  "db": 0,
  "key_prefix": "pass175:redis:hget",
  "total_time_ms": 368,
  "ops_per_sec": 813017.0908956875,
  "bytes_sent": 17966591,
  "bytes_received": 2700000,
  "latency_us": {
    "min": 64,
    "p50": 859,
    "p95": 1419,
    "p99": 1894,
    "p999": 2559,
    "max": 3119,
    "mean": 961.7424466666675,
    "samples": 300000
  }
}