{
  "schema_version": "fr_bench_report/v1",
  "generated_at_ms": 1781371565530,
  "host": "127.0.0.1",
  "port": 26379,
  "workload": "hset",
  "clients": 50,
  "requests": 300000,
  "pipeline": 16,
  "keyspace": 10000,
  "datasize": 3,
  "read_percent": 50,
  "db": 0,
  "key_prefix": "pass175:fr:hset",
  "total_time_ms": 405,
  "ops_per_sec": 739151.4719976124,
  "bytes_sent": 20016464,
  "bytes_received": 1200000,
  "latency_us": {
    "min": 132,
    "p50": 913,
    "p95": 1540,
    "p99": 4291,
    "p999": 15167,
    "max": 15367,
    "mean": 1062.282186666667,
    "samples": 300000
  }
}