{
  "schema_version": "fr_bench_report/v1",
  "generated_at_ms": 1781371565122,
  "host": "127.0.0.1",
  "port": 26380,
  "workload": "lpop",
  "clients": 50,
  "requests": 300000,
  "pipeline": 16,
  "keyspace": 10000,
  "datasize": 3,
  "read_percent": 50,
  "db": 0,
  "key_prefix": "pass175:redis:lpop",
  "total_time_ms": 430,
  "ops_per_sec": 697460.8771700882,
  "bytes_sent": 14666383,
  "bytes_received": 2699800,
  "latency_us": {
    "min": 61,
    "p50": 1012,
    "p95": 1718,
    "p99": 2279,
    "p999": 3015,
    "max": 3569,
    "mean": 1115.1795266666677,
    "samples": 300000
  }
}