{
  "schema_version": "fr_bench_report/v1",
  "generated_at_ms": 1781371562043,
  "host": "127.0.0.1",
  "port": 26380,
  "workload": "get",
  "clients": 50,
  "requests": 300000,
  "pipeline": 16,
  "keyspace": 10000,
  "datasize": 3,
  "read_percent": 50,
  "db": 0,
  "key_prefix": "pass175:redis:get",
  "total_time_ms": 329,
  "ops_per_sec": 911447.0798892876,
  "bytes_sent": 14666717,
  "bytes_received": 2700000,
  "latency_us": {
    "min": 94,
    "p50": 773,
    "p95": 1259,
    "p99": 1566,
    "p999": 2261,
    "max": 2841,
    "mean": 854.3957733333328,
    "samples": 300000
  }
}