{
  "schema_version": "fr_bench_report/v1",
  "generated_at_ms": 1781371564197,
  "host": "127.0.0.1",
  "port": 26379,
  "workload": "lpop",
  "clients": 50,
  "requests": 300000,
  "pipeline": 16,
  "keyspace": 10000,
  "datasize": 3,
  "read_percent": 50,
  "db": 0,
  "key_prefix": "pass175:fr:lpop",
  "total_time_ms": 390,
  "ops_per_sec": 769196.3151527451,
  "bytes_sent": 13766448,
  "bytes_received": 2699928,
  "latency_us": {
    "min": 74,
    "p50": 933,
    "p95": 1492,
    "p99": 1785,
    "p999": 3581,
    "max": 3695,
    "mean": 1019.6714533333342,
    "samples": 300000
  }
}