{
  "schema_version": "fr_bench_report/v1",
  "generated_at_ms": 1781371561105,
  "host": "127.0.0.1",
  "port": 26379,
  "workload": "set",
  "clients": 50,
  "requests": 300000,
  "pipeline": 16,
  "keyspace": 10000,
  "datasize": 3,
  "read_percent": 50,
  "db": 0,
  "key_prefix": "pass175:fr:set",
  "total_time_ms": 317,
  "ops_per_sec": 946197.0022719041,
  "bytes_sent": 16717144,
  "bytes_received": 1500000,
  "latency_us": {
    "min": 154,
    "p50": 722,
    "p95": 1147,
    "p99": 1461,
    "p999": 16367,
    "max": 16927,
    "mean": 825.0489066666674,
    "samples": 300000
  }
}