{"bytes_received": 5000000, "bytes_sent": 63889000, "clients": 50, "datasize": 3, "elapsed_seconds": 4.917036555008963, "keyspace": 10000, "mix": "alternate", "ops_per_sec": 203374.53033195462, "pipeline": 16, "requests": 1000000, "schema": "frankenredis_svgvb_setex_bench_v1"}
