{
  "schema_version": "fr_bench_report/v1",
  "generated_at_ms": 1781040524763,
  "host": "127.0.0.1",
  "port": 26933,
  "workload": "set",
  "clients": 50,
  "requests": 1000000,
  "pipeline": 16,
  "keyspace": 10000,
  "datasize": 3,
  "read_percent": 50,
  "db": 0,
  "key_prefix": "zhphm-p108-rev-base",
  "total_time_ms": 1163,
  "ops_per_sec": 859224.0753444863,
  "bytes_sent": 61338590,
  "bytes_received": 5000000,
  "latency_us": {
    "min": 50,
    "p50": 860,
    "p95": 1282,
    "p99": 1811,
    "p999": 2851,
    "max": 3797,
    "mean": 916.5656959999997,
    "samples": 1000000
  }
}