{
  "schema_version": "fr_bench_report/v1",
  "generated_at_ms": 1781040512049,
  "host": "127.0.0.1",
  "port": 26932,
  "workload": "set",
  "clients": 50,
  "requests": 1000000,
  "pipeline": 16,
  "keyspace": 10000,
  "datasize": 3,
  "read_percent": 50,
  "db": 0,
  "key_prefix": "zhphm-p108-rev-cand",
  "total_time_ms": 1002,
  "ops_per_sec": 997063.5342264601,
  "bytes_sent": 61339126,
  "bytes_received": 5000000,
  "latency_us": {
    "min": 85,
    "p50": 737,
    "p95": 1105,
    "p99": 1478,
    "p999": 2707,
    "max": 4215,
    "mean": 787.9140299999997,
    "samples": 1000000
  }
}