{
  "schema_version": "fr_bench_report/v1",
  "generated_at_ms": 1780511344881,
  "host": "127.0.0.1",
  "port": 20469,
  "workload": "set",
  "clients": 50,
  "requests": 500000,
  "pipeline": 16,
  "keyspace": 10000,
  "datasize": 3,
  "read_percent": 50,
  "db": 0,
  "key_prefix": "icywolf-g4nfc-paired-candidate",
  "total_time_ms": 1750,
  "ops_per_sec": 285589.67494259734,
  "bytes_sent": 35894376,
  "bytes_received": 2500000,
  "latency_us": {
    "min": 141,
    "p50": 2615,
    "p95": 3581,
    "p99": 4363,
    "p999": 6823,
    "max": 12295,
    "mean": 2775.5219840000045,
    "samples": 500000
  }
}