{
  "results": [
    {
      "command": "baseline",
      "mean": 1.6316847201966669,
      "stddev": 0.05952327784756902,
      "median": 1.6181971322800002,
      "user": 0.4011326133333333,
      "system": 0.7848518699999999,
      "min": 1.53715865428,
      "max": 1.74972419528,
      "times": [
        1.66965817528,
        1.70744942228,
        1.6157366992800002,
        1.6767085262800001,
        1.74972419528,
        1.6053360642799999,
        1.63200002328,
        1.53715865428,
        1.58945753228,
        1.59943300028,
        1.6206575652800002,
        1.5768967842800001
      ],
      "exit_codes": [
        0,
        0,
        0,
        0,
        0,
        0,
        0,
        0,
        0,
        0,
        0,
        0
      ]
    },
    {
      "command": "candidate",
      "mean": 1.6885780282800003,
      "stddev": 0.045360486132893105,
      "median": 1.69048594428,
      "user": 0.3933282799999999,
      "system": 0.7728760366666666,
      "min": 1.63319780928,
      "max": 1.75387582928,
      "times": [
        1.72127340128,
        1.72177236828,
        1.68766594528,
        1.64824562528,
        1.64100237628,
        1.69330594328,
        1.73503093328,
        1.63319780928,
        1.65245271328,
        1.74119138828,
        1.6339220062800002,
        1.75387582928
      ],
      "exit_codes": [
        0,
        0,
        0,
        0,
        0,
        0,
        0,
        0,
        0,
        0,
        0,
        0
      ]
    }
  ]
}
