{
  "results": [
    {
      "command": "legacy_redis_code/redis/src/redis-benchmark -p 24291 -t incr -n 300000 -c 50 -P 16 -r 100000 -q",
      "mean": 0.3634227767428572,
      "stddev": 0.011500368256142604,
      "median": 0.3624130486,
      "user": 0.07495862857142856,
      "system": 0.27088671714285717,
      "min": 0.34834400860000003,
      "max": 0.37906796660000003,
      "times": [
        0.3607180056,
        0.37906796660000003,
        0.3624130486,
        0.37220854960000005,
        0.34834400860000003,
        0.35011601560000005,
        0.37109184260000005
      ],
      "exit_codes": [
        0,
        0,
        0,
        0,
        0,
        0,
        0
      ]
    }
  ]
}
