{
  "results": [
    {
      "command": "legacy_redis_code/redis/src/redis-benchmark -p 24293 -t incr -n 300000 -c 50 -P 16 -r 100000 -q",
      "mean": 0.6013358548485714,
      "stddev": 0.10887517186493235,
      "median": 0.5550800864200001,
      "user": 0.10230218285714286,
      "system": 0.32204761428571427,
      "min": 0.5121991584200001,
      "max": 0.7966215144200001,
      "times": [
        0.5121991584200001,
        0.7966215144200001,
        0.54208436542,
        0.5159405254200001,
        0.5784949814200001,
        0.5550800864200001,
        0.7089303524200001
      ],
      "exit_codes": [
        0,
        0,
        0,
        0,
        0,
        0,
        0
      ]
    }
  ]
}
