{
  "results": [
    {
      "command": "legacy_redis_code/redis/src/redis-benchmark -p 24294 -t incr -n 300000 -c 50 -P 16 -r 100000 -q",
      "mean": 0.6090768644971429,
      "stddev": 0.051374979164635924,
      "median": 0.62384606064,
      "user": 0.09816060285714286,
      "system": 0.3367466057142857,
      "min": 0.5389233506400001,
      "max": 0.6779808286400001,
      "times": [
        0.5855482416400001,
        0.55279455964,
        0.63832577264,
        0.6779808286400001,
        0.64611923764,
        0.62384606064,
        0.5389233506400001
      ],
      "exit_codes": [
        0,
        0,
        0,
        0,
        0,
        0,
        0
      ]
    },
    {
      "command": "legacy_redis_code/redis/src/redis-benchmark -p 24295 -t incr -n 300000 -c 50 -P 16 -r 100000 -q",
      "mean": 0.6212957944971428,
      "stddev": 0.054750107726037625,
      "median": 0.6248331516400001,
      "user": 0.09939703142857144,
      "system": 0.32233517714285714,
      "min": 0.5401709986400001,
      "max": 0.70655892964,
      "times": [
        0.64159740664,
        0.61966186964,
        0.56713577464,
        0.70655892964,
        0.5401709986400001,
        0.6248331516400001,
        0.64911243064
      ],
      "exit_codes": [
        0,
        0,
        0,
        0,
        0,
        0,
        0
      ]
    }
  ]
}
