{
  "schema_version": "fr_bench_report/v1",
  "generated_at_ms": 1781355040748,
  "host": "127.0.0.1",
  "port": 25242,
  "workload": "lpush",
  "clients": 50,
  "requests": 1000000,
  "pipeline": 16,
  "keyspace": 100000,
  "datasize": 3,
  "read_percent": 50,
  "db": 0,
  "key_prefix": "63c8x:cand",
  "total_time_ms": 1435,
  "ops_per_sec": 696440.5397592471,
  "bytes_sent": 53338634,
  "bytes_received": 5006830,
  "latency_us": {
    "min": 44,
    "p50": 1108,
    "p95": 1340,
    "p99": 1600,
    "p999": 2749,
    "max": 4975,
    "mean": 1123.3096780000044,
    "samples": 1000000
  }
}