{
  "results": [
    {
      "command": "/tmp/coralox-fr-p147-baseline-harness-target/release/xpending-summary-harness --mode xinfo --pending 50000 --consumers 1000 --iters 5000",
      "mean": 0.9522773034371429,
      "stddev": 0.024373306926264254,
      "median": 0.9479469005800001,
      "user": 0.9392508228571427,
      "system": 0.012323,
      "min": 0.9285680635800001,
      "max": 0.9928560715800001,
      "times": [
        0.9479469005800001,
        0.9316305115800001,
        0.93524923258,
        0.9928560715800001,
        0.97718785858,
        0.9285680635800001,
        0.9525024855800001
      ],
      "exit_codes": [
        0,
        0,
        0,
        0,
        0,
        0,
        0
      ]
    },
    {
      "command": "/tmp/coralox-fr-p147-candidate-harness-target/release/xpending-summary-harness --mode xinfo --pending 50000 --consumers 1000 --iters 5000",
      "mean": 0.8865880927228572,
      "stddev": 0.02139951081439289,
      "median": 0.87629582358,
      "user": 0.8728422514285713,
      "system": 0.011960714285714285,
      "min": 0.8636603825800001,
      "max": 0.9216304695800001,
      "times": [
        0.88969270558,
        0.87629582358,
        0.9216304695800001,
        0.87405409958,
        0.8717853645800001,
        0.8636603825800001,
        0.90899780358
      ],
      "exit_codes": [
        0,
        0,
        0,
        0,
        0,
        0,
        0
      ]
    }
  ]
}
