{
  "results": [
    {
      "command": "/tmp/coralox-fr-p147-candidate-harness-target/release/xpending-summary-harness --mode xinfo --pending 50000 --consumers 1000 --iters 5000",
      "mean": 1.0878813450628573,
      "stddev": 0.1938110873361116,
      "median": 1.11729188292,
      "user": 1.0607188885714287,
      "system": 0.011999697142857141,
      "min": 0.8642665239200001,
      "max": 1.2920994619200001,
      "times": [
        0.8690222669200001,
        0.8642665239200001,
        0.9428418299200001,
        1.11729188292,
        1.28982222092,
        1.23982522892,
        1.2920994619200001
      ],
      "exit_codes": [
        0,
        0,
        0,
        0,
        0,
        0,
        0
      ]
    },
    {
      "command": "/tmp/coralox-fr-p147-baseline-harness-target/release/xpending-summary-harness --mode xinfo --pending 50000 --consumers 1000 --iters 5000",
      "mean": 1.4588021896342858,
      "stddev": 0.027033502936061007,
      "median": 1.45664771992,
      "user": 1.41198346,
      "system": 0.010455411428571428,
      "min": 1.4180618199200001,
      "max": 1.50187529292,
      "times": [
        1.4180618199200001,
        1.50187529292,
        1.44650929492,
        1.45901493092,
        1.45664771992,
        1.44682045492,
        1.48268581392
      ],
      "exit_codes": [
        0,
        0,
        0,
        0,
        0,
        0,
        0
      ]
    }
  ]
}
