{
  "schema_version": "fr_bench_report/v1",
  "generated_at_ms": 1781030954208,
  "host": "127.0.0.1",
  "port": 26754,
  "workload": "set",
  "clients": 50,
  "requests": 1000000,
  "pipeline": 16,
  "keyspace": 10000,
  "datasize": 3,
  "read_percent": 50,
  "db": 0,
  "key_prefix": "zhphm-pair-cand",
  "total_time_ms": 1190,
  "ops_per_sec": 839856.3174819879,
  "bytes_sent": 57338689,
  "bytes_received": 5000000,
  "latency_us": {
    "min": 43,
    "p50": 897,
    "p95": 1215,
    "p99": 1692,
    "p999": 3287,
    "max": 5843,
    "mean": 937.370842999999,
    "samples": 1000000
  }
}