{
  "schema_version": "fr_bench_report/v1",
  "generated_at_ms": 1780809227129,
  "host": "127.0.0.1",
  "port": 16456,
  "workload": "get",
  "clients": 50,
  "requests": 1000000,
  "pipeline": 16,
  "keyspace": 10000,
  "datasize": 3,
  "read_percent": 50,
  "db": 0,
  "key_prefix": "pass56:get:serverprofile",
  "total_time_ms": 2956,
  "ops_per_sec": 338240.4567662988,
  "bytes_sent": 55889128,
  "bytes_received": 9000000,
  "latency_us": {
    "min": 45,
    "p50": 1821,
    "p95": 3993,
    "p99": 6991,
    "p999": 24559,
    "max": 57087,
    "mean": 2095.565241000004,
    "samples": 1000000
  }
}