{
  "schema_version": "fr_bench_report/v1",
  "generated_at_ms": 1781368618795,
  "host": "127.0.0.1",
  "port": 24526,
  "workload": "hset",
  "clients": 50,
  "requests": 1000000,
  "pipeline": 16,
  "keyspace": 100000,
  "datasize": 3,
  "read_percent": 50,
  "db": 0,
  "key_prefix": "fr:bench:1781368616695",
  "total_time_ms": 2100,
  "ops_per_sec": 476115.7407560933,
  "bytes_sent": 75339032,
  "bytes_received": 4000000,
  "latency_us": {
    "min": 141,
    "p50": 1290,
    "p95": 1954,
    "p99": 17647,
    "p999": 22431,
    "max": 23151,
    "mean": 1665.7109570000007,
    "samples": 1000000
  }
}