{
  "schema_version": "fr_bench_report/v1",
  "generated_at_ms": 1781368589950,
  "host": "127.0.0.1",
  "port": 24526,
  "workload": "hset",
  "clients": 50,
  "requests": 1000000,
  "pipeline": 16,
  "keyspace": 100000,
  "datasize": 3,
  "read_percent": 50,
  "db": 0,
  "key_prefix": "fr:bench:1781368587662",
  "total_time_ms": 2288,
  "ops_per_sec": 436977.32006605866,
  "bytes_sent": 75338978,
  "bytes_received": 4000000,
  "latency_us": {
    "min": 47,
    "p50": 1470,
    "p95": 2018,
    "p99": 19343,
    "p999": 23343,
    "max": 38975,
    "mean": 1815.451245000002,
    "samples": 1000000
  }
}