{
  "schema_version": "fr_bench_report/v1",
  "generated_at_ms": 1781368718654,
  "host": "127.0.0.1",
  "port": 24527,
  "workload": "hset",
  "clients": 50,
  "requests": 2000000,
  "pipeline": 16,
  "keyspace": 100000,
  "datasize": 3,
  "read_percent": 50,
  "db": 0,
  "key_prefix": "fr:bench:1781368713715",
  "total_time_ms": 4939,
  "ops_per_sec": 404919.3618447453,
  "bytes_sent": 151228928,
  "bytes_received": 8000000,
  "latency_us": {
    "min": 60,
    "p50": 1584,
    "p95": 2271,
    "p99": 20543,
    "p999": 25023,
    "max": 27999,
    "mean": 1961.4474235000034,
    "samples": 2000000
  }
}