{
  "schema_version": "fr_bench_report/v1",
  "generated_at_ms": 1781367966946,
  "host": "127.0.0.1",
  "port": 24521,
  "workload": "hset",
  "clients": 50,
  "requests": 500000,
  "pipeline": 16,
  "keyspace": 100000,
  "datasize": 3,
  "read_percent": 50,
  "db": 0,
  "key_prefix": "fr:bench:1781367965659",
  "total_time_ms": 1287,
  "ops_per_sec": 388460.7733491992,
  "bytes_sent": 37394019,
  "bytes_received": 2000000,
  "latency_us": {
    "min": 63,
    "p50": 1586,
    "p95": 2543,
    "p99": 17199,
    "p999": 25551,
    "max": 27839,
    "mean": 2003.499324000001,
    "samples": 500000
  }
}