{
  "results": [
    {
      "command": "candidate",
      "mean": 5.028129415514286,
      "stddev": 0.21073433314539625,
      "median": 5.0873222938,
      "user": 4.866710879999999,
      "system": 4.479739634285714,
      "min": 4.7367110978,
      "max": 5.3811050497999995,
      "times": [
        5.1069845388,
        4.8956013948,
        4.8775394208,
        5.111642112799999,
        4.7367110978,
        5.0873222938,
        5.3811050497999995
      ],
      "exit_codes": [
        0,
        0,
        0,
        0,
        0,
        0,
        0
      ]
    },
    {
      "command": "baseline",
      "mean": 5.051535596228571,
      "stddev": 0.22110915467595976,
      "median": 5.1149903407999995,
      "user": 4.879432022857143,
      "system": 4.562911634285715,
      "min": 4.7750687657999995,
      "max": 5.3610438718,
      "times": [
        5.1585636377999995,
        5.1149903407999995,
        5.3610438718,
        4.9072191927999995,
        4.8181612788,
        4.7750687657999995,
        5.2257020858
      ],
      "exit_codes": [
        0,
        0,
        0,
        0,
        0,
        0,
        0
      ]
    }
  ]
}
