{
  "results": [
    {
      "command": "baseline",
      "mean": 2.70903512826,
      "stddev": 0.13200347816720956,
      "median": 2.70965355386,
      "user": 2.49480534,
      "system": 2.2108548800000003,
      "min": 2.57330943136,
      "max": 3.04041749836,
      "times": [
        2.72137843536,
        2.70314064936,
        2.5878460633600002,
        2.6434271913600003,
        2.74004460236,
        2.62327923936,
        2.71616645836,
        2.74134171336,
        3.04041749836,
        2.57330943136
      ],
      "exit_codes": [
        0,
        0,
        0,
        0,
        0,
        0,
        0,
        0,
        0,
        0
      ]
    },
    {
      "command": "candidate",
      "mean": 2.61064941386,
      "stddev": 0.19296299701847622,
      "median": 2.59522042036,
      "user": 2.41694714,
      "system": 2.22323398,
      "min": 2.36276590736,
      "max": 2.9386808383600003,
      "times": [
        2.50635970936,
        2.73607238536,
        2.9386808383600003,
        2.84646598436,
        2.69206127636,
        2.58327045536,
        2.60717038536,
        2.44249849536,
        2.36276590736,
        2.39114870136
      ],
      "exit_codes": [
        0,
        0,
        0,
        0,
        0,
        0,
        0,
        0,
        0,
        0
      ]
    }
  ]
}
