{
  "schema_version": "fr_bench_report/v1",
  "generated_at_ms": 1781063293437,
  "host": "127.0.0.1",
  "port": 26990,
  "workload": "set",
  "clients": 50,
  "requests": 1000000,
  "pipeline": 16,
  "keyspace": 10000,
  "datasize": 3,
  "read_percent": 50,
  "db": 0,
  "key_prefix": "ohsk5-p112-base",
  "total_time_ms": 712,
  "ops_per_sec": 1403301.792301259,
  "bytes_sent": 57339168,
  "bytes_received": 5000000,
  "latency_us": {
    "min": 52,
    "p50": 519,
    "p95": 829,
    "p99": 1134,
    "p999": 1998,
    "max": 2435,
    "mean": 556.6219509999999,
    "samples": 1000000
  }
}