{
  "schema_version": "fr_bench_report/v1",
  "generated_at_ms": 1781151618967,
  "host": "127.0.0.1",
  "port": 6786,
  "workload": "get",
  "clients": 50,
  "requests": 1000000,
  "pipeline": 16,
  "keyspace": 10000,
  "datasize": 3,
  "read_percent": 50,
  "db": 0,
  "key_prefix": "x5689:p133:reversed:candidate",
  "total_time_ms": 827,
  "ops_per_sec": 1209136.9858279182,
  "bytes_sent": 60889066,
  "bytes_received": 9000000,
  "latency_us": {
    "min": 36,
    "p50": 579,
    "p95": 1055,
    "p99": 2427,
    "p999": 4735,
    "max": 18495,
    "mean": 644.7897679999984,
    "samples": 1000000
  }
}