{
  "schema_version": "fr_bench_report/v1",
  "generated_at_ms": 1781151629504,
  "host": "127.0.0.1",
  "port": 6787,
  "workload": "get",
  "clients": 50,
  "requests": 1000000,
  "pipeline": 16,
  "keyspace": 10000,
  "datasize": 3,
  "read_percent": 50,
  "db": 0,
  "key_prefix": "x5689:p133:reversed:current",
  "total_time_ms": 640,
  "ops_per_sec": 1560447.8282408833,
  "bytes_sent": 58888862,
  "bytes_received": 9000000,
  "latency_us": {
    "min": 51,
    "p50": 466,
    "p95": 764,
    "p99": 1098,
    "p999": 1393,
    "max": 2351,
    "mean": 497.3257420000002,
    "samples": 1000000
  }
}