{
  "results": [
    {
      "command": "/data/projects/frankenredis/legacy_redis_code/redis/src/redis-benchmark -p 28620 -n 50 -c 1 -P 1 -q sunionstore dst s1 s2",
      "mean": 1.505672481737143,
      "stddev": 0.12349308033162837,
      "median": 1.4673340148800003,
      "user": 0.003112002857142857,
      "system": 0.004931662857142857,
      "min": 1.36917142888,
      "max": 1.70626647288,
      "times": [
        1.4673340148800003,
        1.5108136368800003,
        1.4634652868800002,
        1.36917142888,
        1.3903095358800002,
        1.70626647288,
        1.63234699588
      ],
      "exit_codes": [
        0,
        0,
        0,
        0,
        0,
        0,
        0
      ]
    },
    {
      "command": "/data/projects/frankenredis/legacy_redis_code/redis/src/redis-benchmark -p 28621 -n 50 -c 1 -P 1 -q sunionstore dst s1 s2",
      "mean": 1.7130420524514285,
      "stddev": 0.15160425537098682,
      "median": 1.67785135188,
      "user": 0.003056431428571428,
      "system": 0.005335948571428571,
      "min": 1.5818088938800001,
      "max": 2.02879224088,
      "times": [
        1.6167711038800001,
        1.6932127078800001,
        1.76546203188,
        1.5818088938800001,
        2.02879224088,
        1.6273960368800002,
        1.67785135188
      ],
      "exit_codes": [
        0,
        0,
        0,
        0,
        0,
        0,
        0
      ]
    }
  ]
}
