{
  "results": [
    {
      "command": "/data/projects/frankenredis/legacy_redis_code/redis/src/redis-benchmark -p 28621 -n 50 -c 1 -P 1 -q sunionstore dst s1 s2",
      "mean": 1.5523735886514285,
      "stddev": 0.06373194213894073,
      "median": 1.52860940408,
      "user": 0.002977394285714286,
      "system": 0.005231445714285714,
      "min": 1.4830258170800001,
      "max": 1.6748577950799999,
      "times": [
        1.4830258170800001,
        1.58472033108,
        1.6748577950799999,
        1.56521024708,
        1.51650428608,
        1.5136872400799999,
        1.52860940408
      ],
      "exit_codes": [
        0,
        0,
        0,
        0,
        0,
        0,
        0
      ]
    },
    {
      "command": "/data/projects/frankenredis/legacy_redis_code/redis/src/redis-benchmark -p 28620 -n 50 -c 1 -P 1 -q sunionstore dst s1 s2",
      "mean": 1.593017456222857,
      "stddev": 0.10886323884099641,
      "median": 1.5912778300800001,
      "user": 0.0035379657142857145,
      "system": 0.004496445714285714,
      "min": 1.4159740570800001,
      "max": 1.71597261808,
      "times": [
        1.52294197908,
        1.4159740570800001,
        1.5912778300800001,
        1.71597261808,
        1.65582288108,
        1.54151192008,
        1.70762090808
      ],
      "exit_codes": [
        0,
        0,
        0,
        0,
        0,
        0,
        0
      ]
    }
  ]
}
