{
  "results": [
    {
      "command": "/data/projects/frankenredis/legacy_redis_code/redis/src/redis-benchmark -p 28630 -n 50 -c 1 -P 1 -q sunionstore dst s1 s2",
      "mean": 2.298948133262857,
      "stddev": 0.08492934742752106,
      "median": 2.28116988412,
      "user": 0.0036162057142857143,
      "system": 0.005231671428571429,
      "min": 2.20126779512,
      "max": 2.4048999541200002,
      "times": [
        2.28116988412,
        2.37873386412,
        2.4048999541200002,
        2.22307797412,
        2.20126779512,
        2.37265560112,
        2.23083186012
      ],
      "exit_codes": [
        0,
        0,
        0,
        0,
        0,
        0,
        0
      ]
    },
    {
      "command": "/data/projects/frankenredis/legacy_redis_code/redis/src/redis-benchmark -p 28631 -n 50 -c 1 -P 1 -q sunionstore dst s1 s2",
      "mean": 1.5661010361200003,
      "stddev": 0.18868829079981939,
      "median": 1.48897642412,
      "user": 0.00407324,
      "system": 0.0039909571428571435,
      "min": 1.4470862531200002,
      "max": 1.9623568161200002,
      "times": [
        1.4470862531200002,
        1.45956263412,
        1.4504635401200001,
        1.48897642412,
        1.9623568161200002,
        1.6530336461200001,
        1.50122793912
      ],
      "exit_codes": [
        0,
        0,
        0,
        0,
        0,
        0,
        0
      ]
    }
  ]
}
