{
  "results": [
    {
      "command": "setnx-hit",
      "mean": 2.5969649872800002,
      "stddev": 0.33279462780703845,
      "median": 2.48269442918,
      "user": 2.4099818799999997,
      "system": 1.8493590000000002,
      "min": 2.2535552061799997,
      "max": 3.01452637518,
      "times": [
        2.89195332518,
        2.97387182718,
        3.01452637518,
        2.99384587718,
        2.27296312618,
        2.31918656718,
        2.2535552061799997,
        2.28435871018,
        2.55987927218,
        2.40550958618
      ],
      "exit_codes": [
        0,
        0,
        0,
        0,
        0,
        0,
        0,
        0,
        0,
        0
      ]
    },
    {
      "command": "setnx-miss",
      "mean": 2.30810411538,
      "stddev": 0.034556427493978276,
      "median": 2.30788467968,
      "user": 2.79522748,
      "system": 1.9155724999999997,
      "min": 2.26732320018,
      "max": 2.3697980311799998,
      "times": [
        2.26732320018,
        2.27837247118,
        2.3240947311799998,
        2.28172176718,
        2.3484549491799998,
        2.3697980311799998,
        2.3202050331799997,
        2.3232116501799998,
        2.2722949941799997,
        2.29556432618
      ],
      "exit_codes": [
        0,
        0,
        0,
        0,
        0,
        0,
        0,
        0,
        0,
        0
      ]
    },
    {
      "command": "getset-hit",
      "mean": 2.42451679938,
      "stddev": 0.05944577015143166,
      "median": 2.41529588368,
      "user": 2.8134715800000007,
      "system": 1.9236661000000002,
      "min": 2.37759913218,
      "max": 2.58340436018,
      "times": [
        2.4390501421799997,
        2.37759913218,
        2.43100613318,
        2.3907040561799997,
        2.41680220018,
        2.41378956718,
        2.38425613118,
        2.3911190371799997,
        2.58340436018,
        2.41743723418
      ],
      "exit_codes": [
        0,
        0,
        0,
        0,
        0,
        0,
        0,
        0,
        0,
        0
      ]
    },
    {
      "command": "getdel-hit",
      "mean": 4.57822978838,
      "stddev": 0.15290450261892718,
      "median": 4.52650907568,
      "user": 4.516316379999999,
      "system": 2.5888691999999995,
      "min": 4.406143350180001,
      "max": 4.846447864180001,
      "times": [
        4.54719139418,
        4.49846273318,
        4.846447864180001,
        4.83338257918,
        4.5233211971800005,
        4.52969695418,
        4.406143350180001,
        4.520506575180001,
        4.64944766318,
        4.427697573180001
      ],
      "exit_codes": [
        0,
        0,
        0,
        0,
        0,
        0,
        0,
        0,
        0,
        0
      ]
    },
    {
      "command": "setex",
      "mean": 2.8230116987799994,
      "stddev": 0.41785315272231394,
      "median": 2.56614504768,
      "user": 3.19883958,
      "system": 1.4771912,
      "min": 2.40106312518,
      "max": 3.4014410911799997,
      "times": [
        3.28727511618,
        3.33350429818,
        3.18265541118,
        3.4014410911799997,
        2.5059524121799996,
        2.48522305718,
        2.40106312518,
        2.50071238118,
        2.6038131981799997,
        2.52847689718
      ],
      "exit_codes": [
        0,
        0,
        0,
        0,
        0,
        0,
        0,
        0,
        0,
        0
      ]
    },
    {
      "command": "psetex",
      "mean": 2.6467086535799997,
      "stddev": 0.25852637640867854,
      "median": 2.5425762556800002,
      "user": 3.52213128,
      "system": 1.5817519999999998,
      "min": 2.4648991531799997,
      "max": 3.2268920791799998,
      "times": [
        2.55198090818,
        2.53317160318,
        2.51105865718,
        2.5042404661799997,
        2.5716801501799997,
        2.49900668818,
        2.4648991531799997,
        3.0206747301799997,
        3.2268920791799998,
        2.58348210018
      ],
      "exit_codes": [
        0,
        0,
        0,
        0,
        0,
        0,
        0,
        0,
        0,
        0
      ]
    },
    {
      "command": "append",
      "mean": 2.52435628708,
      "stddev": 0.09212637684750845,
      "median": 2.5329057971799998,
      "user": 2.37972408,
      "system": 2.1569569,
      "min": 2.40815365318,
      "max": 2.67397788518,
      "times": [
        2.59823036218,
        2.62236645018,
        2.53553729718,
        2.67397788518,
        2.40815365318,
        2.45369156018,
        2.5650471111799997,
        2.5302742971799996,
        2.4355165511799997,
        2.4207677031799997
      ],
      "exit_codes": [
        0,
        0,
        0,
        0,
        0,
        0,
        0,
        0,
        0,
        0
      ]
    }
  ]
}
