{
  "clients": 50,
  "datasize": 3,
  "key_prefix": "hf-psetex",
  "keyspace": 10000,
  "measured": {
    "bytes_received": 1500000,
    "bytes_sent": 19200000,
    "commands": 300000,
    "ops_per_sec": 134892.0006932773,
    "pipeline_latency_us": {
      "mean": 5647.999478181203,
      "p50": 5693.259066902101,
      "p95": 8548.02899993956,
      "p99": 12619.965942576528,
      "samples": 18750
    },
    "seconds": 2.224001411930658
  },
  "mode": "psetex",
  "pipeline": 16,
  "prefill": {
    "bytes_received": 0,
    "bytes_sent": 0,
    "commands": 0,
    "seconds": 0.0
  },
  "requests": 300000,
  "schema": "frankenredis_6tsou_resp_workload_v1"
}
