{
  "schema_version": "fr_bench_report/v1",
  "generated_at_ms": 1781035344475,
  "host": "127.0.0.1",
  "port": 26852,
  "workload": "set",
  "clients": 50,
  "requests": 1000000,
  "pipeline": 16,
  "keyspace": 10000,
  "datasize": 3,
  "read_percent": 50,
  "db": 0,
  "key_prefix": "zhphm-p4-pair-base",
  "total_time_ms": 1185,
  "ops_per_sec": 843426.5385951806,
  "bytes_sent": 60339618,
  "bytes_received": 5000000,
  "latency_us": {
    "min": 55,
    "p50": 880,
    "p95": 1294,
    "p99": 1781,
    "p999": 3563,
    "max": 4839,
    "mean": 933.5224359999993,
    "samples": 1000000
  }
}