{
  "schema_version": "fr_bench_report/v1",
  "generated_at_ms": 1781035356554,
  "host": "127.0.0.1",
  "port": 26853,
  "workload": "set",
  "clients": 50,
  "requests": 1000000,
  "pipeline": 16,
  "keyspace": 10000,
  "datasize": 3,
  "read_percent": 50,
  "db": 0,
  "key_prefix": "zhphm-p4-pair-cand",
  "total_time_ms": 1190,
  "ops_per_sec": 839947.344708897,
  "bytes_sent": 60338782,
  "bytes_received": 5000000,
  "latency_us": {
    "min": 76,
    "p50": 887,
    "p95": 1265,
    "p99": 1617,
    "p999": 2989,
    "max": 3521,
    "mean": 937.0529180000012,
    "samples": 1000000
  }
}