{
  "results": [
    {
      "command": "baseline",
      "mean": 4.834914694186668,
      "stddev": 0.05547175859360125,
      "median": 4.865774480520001,
      "user": 4.559067906666666,
      "system": 0.08879313999999999,
      "min": 4.77087542752,
      "max": 4.86809417452,
      "times": [
        4.77087542752,
        4.865774480520001,
        4.86809417452
      ],
      "exit_codes": [
        0,
        0,
        0
      ]
    }
  ]
}
