{
  "results": [
    {
      "command": "baseline",
      "mean": 5.51341285604,
      "stddev": 0.3417829476274447,
      "median": 5.48652172004,
      "user": 5.0347401,
      "system": 0.11058341999999999,
      "min": 5.18526753804,
      "max": 6.06534666204,
      "times": [
        6.06534666204,
        5.28297054304,
        5.18526753804,
        5.48652172004,
        5.54695781704
      ],
      "exit_codes": [
        0,
        0,
        0,
        0,
        0
      ]
    },
    {
      "command": "candidate",
      "mean": 0.2939590656400001,
      "stddev": 0.015167906336474515,
      "median": 0.29226185604000005,
      "user": 0.1794335,
      "system": 0.08142801999999999,
      "min": 0.28205327004,
      "max": 0.31923072104000005,
      "times": [
        0.29399405804,
        0.28205327004,
        0.31923072104000005,
        0.28225542304,
        0.29226185604000005
      ],
      "exit_codes": [
        0,
        0,
        0,
        0,
        0
      ]
    }
  ]
}
