{
  "elapsed_sec": 3.743943425011821,
  "full_count": 100000,
  "last_reply": 10,
  "limit": 10,
  "missing_count": 0,
  "mode": "sintercard_limit",
  "ops": 1000,
  "ops_per_sec": 267.0980531701925,
  "scard_a": 100000,
  "scard_b": 100000,
  "server_pid": 830787,
  "set_size": 100000
}
