{
  "elapsed_sec": 4.5807834670413285,
  "full_count": 100000,
  "last_reply": 10,
  "limit": 10,
  "missing_count": 0,
  "mode": "sintercard_limit",
  "ops": 1000,
  "ops_per_sec": 218.30326781324322,
  "scard_a": 100000,
  "scard_b": 100000,
  "server_pid": 690025,
  "set_size": 100000
}
