{
  "elapsed_sec": 0.057250623940490186,
  "full_count": 100000,
  "last_reply": 10,
  "limit": 10,
  "missing_count": 0,
  "mode": "sintercard_limit",
  "ops": 1000,
  "ops_per_sec": 17467.05854314289,
  "scard_a": 100000,
  "scard_b": 100000,
  "server_pid": 831540,
  "set_size": 100000
}
