{
  "elapsed_sec": 5.231036645011045,
  "full_count": 100000,
  "last_reply": 10,
  "limit": 10,
  "missing_count": 0,
  "mode": "sintercard_limit",
  "ops": 1000,
  "ops_per_sec": 191.16669751371788,
  "scard_a": 100000,
  "scard_b": 100000,
  "server_pid": 745982,
  "set_size": 100000
}
