{
  "schema_version": "fr_bench_report/v1",
  "generated_at_ms": 1781153021314,
  "host": "127.0.0.1",
  "port": 26855,
  "workload": "get",
  "clients": 50,
  "requests": 1000000,
  "pipeline": 16,
  "keyspace": 10000,
  "datasize": 3,
  "read_percent": 50,
  "db": 0,
  "key_prefix": "frja34o_pair_cand_",
  "total_time_ms": 591,
  "ops_per_sec": 1690253.923534035,
  "bytes_sent": 49889517,
  "bytes_received": 9000000,
  "latency_us": {
    "min": 42,
    "p50": 425,
    "p95": 744,
    "p99": 1070,
    "p999": 1615,
    "max": 2471,
    "mean": 459.4018279999997,
    "samples": 1000000
  }
}