{
  "schema_version": "fr_bench_report/v1",
  "generated_at_ms": 1781153012267,
  "host": "127.0.0.1",
  "port": 26854,
  "workload": "get",
  "clients": 50,
  "requests": 1000000,
  "pipeline": 16,
  "keyspace": 10000,
  "datasize": 3,
  "read_percent": 50,
  "db": 0,
  "key_prefix": "frja34o_pair_cur_",
  "total_time_ms": 681,
  "ops_per_sec": 1467962.477857364,
  "bytes_sent": 48889454,
  "bytes_received": 9000000,
  "latency_us": {
    "min": 36,
    "p50": 480,
    "p95": 864,
    "p99": 1345,
    "p999": 2411,
    "max": 3537,
    "mean": 530.2976120000011,
    "samples": 1000000
  }
}