{"bytes_received": 5000000, "bytes_sent": 59889000, "clients": 50, "datasize": 3, "elapsed_seconds": 4.395383405964822, "keyspace": 10000, "mix": "alternate", "ops_per_sec": 227511.43817008883, "pipeline": 16, "requests": 1000000, "schema": "frankenredis_svgvb_setex_bench_v1"}
