{"bytes_received": 5000000, "bytes_sent": 63889000, "clients": 50, "datasize": 3, "elapsed_seconds": 4.309143222053535, "keyspace": 10000, "mix": "alternate", "ops_per_sec": 232064.69325088873, "pipeline": 16, "requests": 1000000, "schema": "frankenredis_svgvb_setex_bench_v1"}
