{"bytes_received": 5000000, "bytes_sent": 67889000, "clients": 50, "datasize": 3, "elapsed_seconds": 4.315290030906908, "keyspace": 10000, "mix": "alternate", "ops_per_sec": 231734.13440065776, "pipeline": 16, "requests": 1000000, "schema": "frankenredis_svgvb_setex_bench_v1"}
