{
  "results": [
    {
      "command": "fr-hset",
      "mean": 1.30772714096,
      "stddev": 0.11412445902844197,
      "median": 1.29321636506,
      "user": 0.9521271200000001,
      "system": 1.4524365399999997,
      "min": 1.1625475350599999,
      "max": 1.5715931700599999,
      "times": [
        1.27852038506,
        1.27505930106,
        1.3079123450599999,
        1.3148860620599998,
        1.5715931700599999,
        1.3533816400599998,
        1.1625475350599999,
        1.3818949910599998,
        1.21147112906,
        1.22000485106
      ],
      "exit_codes": [
        0,
        0,
        0,
        0,
        0,
        0,
        0,
        0,
        0,
        0
      ]
    },
    {
      "command": "redis-hset",
      "mean": 1.3910394071599999,
      "stddev": 0.10717977384922608,
      "median": 1.3213989260599999,
      "user": 1.00030932,
      "system": 1.4506348399999998,
      "min": 1.31799356006,
      "max": 1.62324527106,
      "times": [
        1.62324527106,
        1.4248315970599998,
        1.31946516506,
        1.41979841606,
        1.5223268510599999,
        1.31799356006,
        1.31951138706,
        1.3223011440599999,
        1.3204967080599999,
        1.32042397206
      ],
      "exit_codes": [
        0,
        0,
        0,
        0,
        0,
        0,
        0,
        0,
        0,
        0
      ]
    }
  ]
}
