{
  "results": [
    {
      "command": "fr-zadd",
      "mean": 2.71795910266,
      "stddev": 0.8709961133372652,
      "median": 2.32944788946,
      "user": 2.10300802,
      "system": 1.9432118599999995,
      "min": 2.19573064646,
      "max": 4.61789034346,
      "times": [
        2.26021863646,
        2.3708725234599997,
        2.25482073746,
        2.2880232554599997,
        2.19573064646,
        2.2862374274599997,
        2.40241786946,
        2.42700118446,
        4.0763784024600005,
        4.61789034346
      ],
      "exit_codes": [
        0,
        0,
        0,
        0,
        0,
        0,
        0,
        0,
        0,
        0
      ]
    },
    {
      "command": "redis-zadd",
      "mean": 2.90821812886,
      "stddev": 0.30776763261936063,
      "median": 2.8359005014600003,
      "user": 2.56199582,
      "system": 1.5380169599999998,
      "min": 2.5309946924599998,
      "max": 3.56871774046,
      "times": [
        3.56871774046,
        3.0357995014599997,
        3.03647310646,
        3.13851810246,
        2.7346249434599996,
        2.83394068546,
        2.83786031746,
        2.83392229546,
        2.53132990346,
        2.5309946924599998
      ],
      "exit_codes": [
        0,
        0,
        0,
        0,
        0,
        0,
        0,
        0,
        0,
        0
      ]
    }
  ]
}
