{
  "schema_version": "fr_bench_report/v1",
  "generated_at_ms": 1781117248470,
  "host": "127.0.0.1",
  "port": 6680,
  "workload": "get",
  "clients": 50,
  "requests": 3000000,
  "pipeline": 16,
  "keyspace": 10000,
  "datasize": 3,
  "read_percent": 50,
  "db": 0,
  "key_prefix": "ohsk5:p125:profile",
  "total_time_ms": 2170,
  "ops_per_sec": 1382159.0184123374,
  "bytes_sent": 149665759,
  "bytes_received": 27000000,
  "latency_us": {
    "min": 48,
    "p50": 527,
    "p95": 811,
    "p99": 1126,
    "p999": 2205,
    "max": 27359,
    "mean": 569.6149880000002,
    "samples": 3000000
  }
}