{
  "clients": 50,
  "datasize": 3,
  "key_prefix": "fr6tsou1-paired-baseline",
  "keyspace": 10000,
  "measured": {
    "bytes_received": 2700000,
    "bytes_sent": 20100000,
    "commands": 300000,
    "ops_per_sec": 151334.4109929206,
    "pipeline_latency_us": {
      "mean": 4998.112119548023,
      "p50": 4228.329984471202,
      "p95": 11135.795037262142,
      "p99": 15305.113047361374,
      "samples": 18750
    },
    "seconds": 1.9823647380108014
  },
  "mode": "getset-hit",
  "pipeline": 16,
  "prefill": {
    "bytes_received": 50000,
    "bytes_sent": 640000,
    "commands": 10000,
    "seconds": 0.06888298504054546
  },
  "requests": 300000,
  "schema": "frankenredis_6tsou_resp_workload_v1"
}
