{
  "schema_version": "fr_bench_report/v1",
  "generated_at_ms": 1781151833477,
  "host": "127.0.0.1",
  "port": 6789,
  "workload": "get",
  "clients": 50,
  "requests": 3000000,
  "pipeline": 16,
  "keyspace": 10000,
  "datasize": 3,
  "read_percent": 50,
  "db": 0,
  "key_prefix": "ohsk5:p133:confirm:candidate",
  "total_time_ms": 2165,
  "ops_per_sec": 1385288.4191083205,
  "bytes_sent": 179665895,
  "bytes_received": 27000000,
  "latency_us": {
    "min": 43,
    "p50": 529,
    "p95": 875,
    "p99": 1478,
    "p999": 2393,
    "max": 3227,
    "mean": 567.4999746666672,
    "samples": 3000000
  }
}