{
  "schema_version": "fr_bench_report/v1",
  "generated_at_ms": 1780977006674,
  "host": "127.0.0.1",
  "port": 49321,
  "workload": "hset",
  "clients": 50,
  "requests": 1000000,
  "pipeline": 16,
  "keyspace": 10000,
  "datasize": 3,
  "read_percent": 50,
  "db": 0,
  "key_prefix": "om-pass93-hset",
  "total_time_ms": 2026,
  "ops_per_sec": 493551.83193412714,
  "bytes_sent": 66339639,
  "bytes_received": 4000000,
  "latency_us": {
    "min": 41,
    "p50": 1561,
    "p95": 2217,
    "p99": 2779,
    "p999": 3975,
    "max": 4819,
    "mean": 1602.2778959999982,
    "samples": 1000000
  }
}