{
  "schema_version": "fr_bench_report/v1",
  "generated_at_ms": 1781351380285,
  "host": "127.0.0.1",
  "port": 24195,
  "workload": "lpush",
  "clients": 50,
  "requests": 1000000,
  "pipeline": 16,
  "keyspace": 100000,
  "datasize": 3,
  "read_percent": 50,
  "db": 0,
  "key_prefix": "fr:bench:1781351378702",
  "total_time_ms": 1582,
  "ops_per_sec": 631833.1247893339,
  "bytes_sent": 65339519,
  "bytes_received": 4179534,
  "latency_us": {
    "min": 909,
    "p50": 1103,
    "p95": 1441,
    "p99": 6655,
    "p999": 15903,
    "max": 21631,
    "mean": 1240.2787410000021,
    "samples": 1000000
  }
}