{
  "schema_version": "fr_bench_report/v1",
  "generated_at_ms": 1781066415169,
  "host": "127.0.0.1",
  "port": 27032,
  "workload": "set",
  "clients": 50,
  "requests": 1000000,
  "pipeline": 16,
  "keyspace": 10000,
  "datasize": 3,
  "read_percent": 50,
  "db": 0,
  "key_prefix": "ohsk5-p114-paired-base",
  "total_time_ms": 849,
  "ops_per_sec": 1177678.6856686613,
  "bytes_sent": 64338467,
  "bytes_received": 5000000,
  "latency_us": {
    "min": 52,
    "p50": 619,
    "p95": 1049,
    "p99": 1633,
    "p999": 2521,
    "max": 3939,
    "mean": 663.8627270000002,
    "samples": 1000000
  }
}