{
  "schema_version": "fr_bench_report/v1",
  "generated_at_ms": 1781066432140,
  "host": "127.0.0.1",
  "port": 27033,
  "workload": "set",
  "clients": 50,
  "requests": 1000000,
  "pipeline": 16,
  "keyspace": 10000,
  "datasize": 3,
  "read_percent": 50,
  "db": 0,
  "key_prefix": "ohsk5-p114-paired-cand",
  "total_time_ms": 1225,
  "ops_per_sec": 815887.5438178626,
  "bytes_sent": 64339221,
  "bytes_received": 5000000,
  "latency_us": {
    "min": 31,
    "p50": 917,
    "p95": 1320,
    "p99": 1688,
    "p999": 2925,
    "max": 4451,
    "mean": 965.9873950000009,
    "samples": 1000000
  }
}