{
  "schema_version": "fr_bench_report/v1",
  "generated_at_ms": 1781035319003,
  "host": "127.0.0.1",
  "port": 26851,
  "workload": "set",
  "clients": 50,
  "requests": 1000000,
  "pipeline": 16,
  "keyspace": 10000,
  "datasize": 3,
  "read_percent": 50,
  "db": 0,
  "key_prefix": "zhphm-p4-cand",
  "total_time_ms": 1182,
  "ops_per_sec": 845366.1025458637,
  "bytes_sent": 55339301,
  "bytes_received": 5000000,
  "latency_us": {
    "min": 46,
    "p50": 899,
    "p95": 1184,
    "p99": 1612,
    "p999": 2795,
    "max": 4235,
    "mean": 930.9184039999988,
    "samples": 1000000
  }
}