{
  "schema_version": "fr_bench_report/v1",
  "generated_at_ms": 1781066185445,
  "host": "127.0.0.1",
  "port": 27021,
  "workload": "set",
  "clients": 50,
  "requests": 3000000,
  "pipeline": 16,
  "keyspace": 10000,
  "datasize": 3,
  "read_percent": 50,
  "db": 0,
  "key_prefix": "ohsk5-p114-profile",
  "total_time_ms": 2156,
  "ops_per_sec": 1391311.2487298807,
  "bytes_sent": 182116574,
  "bytes_received": 15000000,
  "latency_us": {
    "min": 47,
    "p50": 536,
    "p95": 825,
    "p99": 1117,
    "p999": 2038,
    "max": 4283,
    "mean": 564.1977893333326,
    "samples": 3000000
  }
}