{
  "results": [
    {
      "command": "target-blackthrush-pass39-inline-int-baseline-rch/release/inline-int-values-harness --bench --reps 10000000 --delta 1",
      "mean": 1.4792664075199997,
      "stddev": 0.034142212839051056,
      "median": 1.47653863142,
      "user": 1.4744386,
      "system": 0.00250616,
      "min": 1.42946027842,
      "max": 1.5577725324199998,
      "times": [
        1.5577725324199998,
        1.48608983742,
        1.50015408842,
        1.42946027842,
        1.46411862942,
        1.48452403242,
        1.47472952542,
        1.4697516714199998,
        1.44771574242,
        1.47834773742
      ],
      "exit_codes": [
        0,
        0,
        0,
        0,
        0,
        0,
        0,
        0,
        0,
        0
      ]
    }
  ]
}
