{
  "results": [
    {
      "command": "baseline",
      "mean": 1.44994313096,
      "stddev": 0.029576765909247914,
      "median": 1.45183024576,
      "user": 1.44707204,
      "system": 0.0013471199999999998,
      "min": 1.41649580126,
      "max": 1.5199559282600001,
      "times": [
        1.46611997226,
        1.45343928326,
        1.42201691426,
        1.5199559282600001,
        1.41649580126,
        1.43868870126,
        1.45283694926,
        1.42459451526,
        1.45082354226,
        1.45445970226
      ],
      "exit_codes": [
        0,
        0,
        0,
        0,
        0,
        0,
        0,
        0,
        0,
        0
      ]
    },
    {
      "command": "candidate",
      "mean": 1.2086081121599999,
      "stddev": 0.04277139097248235,
      "median": 1.20281796476,
      "user": 1.20530184,
      "system": 0.001927228,
      "min": 1.16190251226,
      "max": 1.31486192726,
      "times": [
        1.20261539626,
        1.21073522126,
        1.20302053326,
        1.2020503142599999,
        1.16190251226,
        1.22063455626,
        1.16539859526,
        1.22231277526,
        1.31486192726,
        1.1825492902599999
      ],
      "exit_codes": [
        0,
        0,
        0,
        0,
        0,
        0,
        0,
        0,
        0,
        0
      ]
    }
  ]
}
