{
  "schema_version": "fr_bench_report/v1",
  "generated_at_ms": 1780978250330,
  "host": "127.0.0.1",
  "port": 49351,
  "workload": "mixed",
  "clients": 50,
  "requests": 1000000,
  "pipeline": 16,
  "keyspace": 10000,
  "datasize": 3,
  "read_percent": 50,
  "db": 0,
  "key_prefix": "pass94:mixed:profile",
  "total_time_ms": 1469,
  "ops_per_sec": 680386.7683622988,
  "bytes_sent": 57126802,
  "bytes_received": 7708061,
  "latency_us": {
    "min": 52,
    "p50": 1094,
    "p95": 1550,
    "p99": 1857,
    "p999": 2343,
    "max": 3711,
    "mean": 1157.118153000005,
    "samples": 1000000
  }
}