{
  "schema_version": "fr_bench_report/v1",
  "generated_at_ms": 1781063828617,
  "host": "127.0.0.1",
  "port": 26995,
  "workload": "set",
  "clients": 50,
  "requests": 1000000,
  "pipeline": 16,
  "keyspace": 10000,
  "datasize": 3,
  "read_percent": 50,
  "db": 0,
  "key_prefix": "ohsk5-p112-rev-base",
  "total_time_ms": 649,
  "ops_per_sec": 1539855.591049193,
  "bytes_sent": 61339430,
  "bytes_received": 5000000,
  "latency_us": {
    "min": 49,
    "p50": 464,
    "p95": 779,
    "p99": 1086,
    "p999": 1613,
    "max": 2619,
    "mean": 506.5131399999991,
    "samples": 1000000
  }
}