{
  "schema_version": "fr_bench_report/v1",
  "generated_at_ms": 1780712878487,
  "host": "127.0.0.1",
  "port": 16689,
  "workload": "set",
  "clients": 50,
  "requests": 1000000,
  "pipeline": 16,
  "keyspace": 10000,
  "datasize": 3,
  "read_percent": 50,
  "db": 0,
  "key_prefix": "ohsk5_acl1m_cand_",
  "total_time_ms": 3205,
  "ops_per_sec": 312004.0926999578,
  "bytes_sent": 59339023,
  "bytes_received": 5000000,
  "latency_us": {
    "min": 84,
    "p50": 2579,
    "p95": 3341,
    "p99": 4515,
    "p999": 8287,
    "max": 44831,
    "mean": 2524.4289529999974,
    "samples": 1000000
  }
}