{
  "schema_version": "fr_bench_report/v1",
  "generated_at_ms": 1780712826859,
  "host": "127.0.0.1",
  "port": 16688,
  "workload": "set",
  "clients": 50,
  "requests": 1000000,
  "pipeline": 16,
  "keyspace": 10000,
  "datasize": 3,
  "read_percent": 50,
  "db": 0,
  "key_prefix": "ohsk5_acl1m_base_",
  "total_time_ms": 3162,
  "ops_per_sec": 316227.6357337296,
  "bytes_sent": 59339267,
  "bytes_received": 5000000,
  "latency_us": {
    "min": 59,
    "p50": 2535,
    "p95": 3083,
    "p99": 4843,
    "p999": 12423,
    "max": 58847,
    "mean": 2492.2818700000066,
    "samples": 1000000
  }
}