{
  "results": [
    {
      "command": "/data/projects/.scratch/codex-fr-daefa-baseline-target/release/fr-bench --host 127.0.0.1 --port 16686 --workload set --requests 300000 --clients 50 --pipeline 16 --keyspace 10000 --datasize 3 --json-out artifacts/optimization/icywolf-ohsk5-aclfast-20260606T0224Z/paired-baseline-set-p16-300k-last.json --key-prefix ohsk5_acl_base_",
      "mean": 0.9753031627,
      "stddev": 0.1704593798104976,
      "median": 0.9277023381000001,
      "user": 0.31623796,
      "system": 0.56778612,
      "min": 0.7707065131,
      "max": 1.3694289261,
      "times": [
        0.8621334961000001,
        1.3073252171,
        1.0378271171,
        0.9450524601000001,
        0.8686452941000001,
        0.8705410971,
        0.8096958641,
        0.8509373841000001,
        0.9180779031,
        0.8892288931000001,
        0.8453551771000001,
        0.9655224351000001,
        0.8048699321000001,
        1.0726239871,
        0.7707065131,
        0.9277023381000001,
        0.9846708341000001,
        0.8744365981000001,
        0.7858354081000001,
        1.2413781611,
        1.2455815461,
        1.3694289261,
        1.1948711361,
        0.9827794631000001,
        0.9573518861000001
      ],
      "exit_codes": [
        0,
        0,
        0,
        0,
        0,
        0,
        0,
        0,
        0,
        0,
        0,
        0,
        0,
        0,
        0,
        0,
        0,
        0,
        0,
        0,
        0,
        0,
        0,
        0,
        0
      ]
    },
    {
      "command": "/data/projects/.scratch/codex-fr-aclfast-candidate-target/release/fr-bench --host 127.0.0.1 --port 16687 --workload set --requests 300000 --clients 50 --pipeline 16 --keyspace 10000 --datasize 3 --json-out artifacts/optimization/icywolf-ohsk5-aclfast-20260606T0224Z/paired-candidate-set-p16-300k-last.json --key-prefix ohsk5_acl_cand_",
      "mean": 0.8295396333399999,
      "stddev": 0.15633008205762652,
      "median": 0.7768142371000001,
      "user": 0.28866623999999996,
      "system": 0.53885068,
      "min": 0.6749093211,
      "max": 1.2323824591,
      "times": [
        0.9279586251,
        1.1125848921000001,
        1.2323824591,
        1.2184347431,
        0.9794218721000001,
        0.7768142371000001,
        0.7774858791000001,
        0.7052401481,
        0.8093032831000001,
        0.9352719531000001,
        0.8003930211000001,
        0.7386424731000001,
        0.8296067421000001,
        0.7804031671000001,
        0.7670856451000001,
        0.7297833091000001,
        0.8534879691000001,
        0.7678054291,
        0.7535475851000001,
        0.7094111411,
        0.7039384821000001,
        0.7341499321000001,
        0.6749093211,
        0.6879502191000001,
        0.7324783051000001
      ],
      "exit_codes": [
        0,
        0,
        0,
        0,
        0,
        0,
        0,
        0,
        0,
        0,
        0,
        0,
        0,
        0,
        0,
        0,
        0,
        0,
        0,
        0,
        0,
        0,
        0,
        0,
        0
      ]
    }
  ]
}
