{
  "schema_version": "fr_bench_report/v1",
  "generated_at_ms": 1780712751647,
  "host": "127.0.0.1",
  "port": 16687,
  "workload": "set",
  "clients": 50,
  "requests": 300000,
  "pipeline": 16,
  "keyspace": 10000,
  "datasize": 3,
  "read_percent": 50,
  "db": 0,
  "key_prefix": "ohsk5_acl_cand_",
  "total_time_ms": 655,
  "ops_per_sec": 457319.7501643912,
  "bytes_sent": 17016421,
  "bytes_received": 1500000,
  "latency_us": {
    "min": 132,
    "p50": 1673,
    "p95": 2141,
    "p99": 2513,
    "p999": 3059,
    "max": 3743,
    "mean": 1718.8894666666636,
    "samples": 300000
  }
}