{
  "schema_version": "fr_bench_report/v1",
  "generated_at_ms": 1781034118385,
  "host": "127.0.0.1",
  "port": 26847,
  "workload": "set",
  "clients": 50,
  "requests": 1000000,
  "pipeline": 16,
  "keyspace": 10000,
  "datasize": 3,
  "read_percent": 50,
  "db": 0,
  "key_prefix": "zhphm-p3-rev-base",
  "total_time_ms": 1295,
  "ops_per_sec": 771671.3097447731,
  "bytes_sent": 59339210,
  "bytes_received": 5000000,
  "latency_us": {
    "min": 55,
    "p50": 965,
    "p95": 1367,
    "p99": 1784,
    "p999": 2677,
    "max": 3851,
    "mean": 1019.6823700000011,
    "samples": 1000000
  }
}