{
  "schema_version": "fr_bench_report/v1",
  "generated_at_ms": 1781034101651,
  "host": "127.0.0.1",
  "port": 26846,
  "workload": "set",
  "clients": 50,
  "requests": 1000000,
  "pipeline": 16,
  "keyspace": 10000,
  "datasize": 3,
  "read_percent": 50,
  "db": 0,
  "key_prefix": "zhphm-p3-rev-cand",
  "total_time_ms": 1254,
  "ops_per_sec": 797035.4210128876,
  "bytes_sent": 59339006,
  "bytes_received": 5000000,
  "latency_us": {
    "min": 63,
    "p50": 935,
    "p95": 1316,
    "p99": 1646,
    "p999": 2821,
    "max": 4295,
    "mean": 988.451596999999,
    "samples": 1000000
  }
}