{
  "schema_version": "fr_bench_report/v1",
  "generated_at_ms": 1781356660601,
  "host": "127.0.0.1",
  "port": 25261,
  "workload": "lpush",
  "clients": 50,
  "requests": 1000000,
  "pipeline": 16,
  "keyspace": 100000,
  "datasize": 3,
  "read_percent": 50,
  "db": 0,
  "key_prefix": "9qbbb:base",
  "total_time_ms": 1368,
  "ops_per_sec": 730572.9185483865,
  "bytes_sent": 53337991,
  "bytes_received": 5006633,
  "latency_us": {
    "min": 87,
    "p50": 1019,
    "p95": 1062,
    "p99": 6655,
    "p999": 7367,
    "max": 7667,
    "mean": 1082.846415,
    "samples": 1000000
  }
}