{
  "schema_version": "fr_bench_report/v1",
  "generated_at_ms": 1780785943669,
  "host": "127.0.0.1",
  "port": 6495,
  "workload": "set",
  "clients": 50,
  "requests": 1000000,
  "pipeline": 16,
  "keyspace": 10000,
  "datasize": 3,
  "read_percent": 50,
  "db": 0,
  "key_prefix": "pass47prof",
  "total_time_ms": 2840,
  "ops_per_sec": 352082.47283496766,
  "bytes_sent": 52339147,
  "bytes_received": 5000000,
  "latency_us": {
    "min": 93,
    "p50": 2053,
    "p95": 3399,
    "p99": 4111,
    "p999": 5395,
    "max": 7887,
    "mean": 2242.382971999997,
    "samples": 1000000
  }
}