{
  "results": [
    {
      "command": "baseline-current",
      "mean": 0.96420079958,
      "stddev": 0.03799150530061953,
      "median": 0.9515745131800002,
      "user": 0.68372524,
      "system": 0.7074893,
      "min": 0.9198537501800002,
      "max": 1.04535721218,
      "times": [
        0.9498890491800001,
        0.9320691751800001,
        0.9547341931800001,
        0.9198537501800002,
        1.00281618718,
        1.04535721218,
        0.9417573471800001,
        0.9923820551800001,
        0.9526690351800001,
        0.9504799911800001
      ],
      "exit_codes": [
        0,
        0,
        0,
        0,
        0,
        0,
        0,
        0,
        0,
        0
      ]
    },
    {
      "command": "candidate-borrowed-get",
      "mean": 0.7271796893800001,
      "stddev": 0.02902636467506031,
      "median": 0.7245774231800001,
      "user": 0.46239863999999997,
      "system": 0.7113364000000001,
      "min": 0.69024808818,
      "max": 0.7772283321800001,
      "times": [
        0.69881991318,
        0.7054428621800001,
        0.7046129011800001,
        0.7611361161800001,
        0.7534837801800001,
        0.7316700541800001,
        0.7295413551800001,
        0.69024808818,
        0.7772283321800001,
        0.7196134911800001
      ],
      "exit_codes": [
        0,
        0,
        0,
        0,
        0,
        0,
        0,
        0,
        0,
        0
      ]
    }
  ]
}
