{
  "results": [
    {
      "command": "candidate-82f74b8c7",
      "mean": 1.8270357615933335,
      "stddev": 0.21817007800698288,
      "median": 1.79503878276,
      "user": 1.57727402,
      "system": 2.3080746600000004,
      "min": 1.5492955092600003,
      "max": 2.16195405326,
      "times": [
        1.6778369352600002,
        1.79100758026,
        1.5492955092600003,
        1.79906998526,
        2.16195405326,
        1.9830505062600001
      ],
      "exit_codes": [
        0,
        0,
        0,
        0,
        0,
        0
      ]
    },
    {
      "command": "baseline-383df997b",
      "mean": 2.4200909819266667,
      "stddev": 0.032986635708295464,
      "median": 2.41339269226,
      "user": 2.1892783533333335,
      "system": 2.2730559933333336,
      "min": 2.37558707726,
      "max": 2.47475198526,
      "times": [
        2.40996402026,
        2.41682136426,
        2.43500874826,
        2.47475198526,
        2.40841269626,
        2.37558707726
      ],
      "exit_codes": [
        0,
        0,
        0,
        0,
        0,
        0
      ]
    }
  ]
}
