{
  "results": [
    {
      "command": "baseline-383df997b",
      "mean": 1.0024662425200002,
      "stddev": 0.08367675250855479,
      "median": 0.99971516372,
      "user": 0.7072878800000001,
      "system": 0.7131185999999999,
      "min": 0.9035734802200001,
      "max": 1.1368501902200001,
      "times": [
        0.99868020422,
        1.1368501902200001,
        1.0301205692200002,
        1.00075012322,
        0.93157961322,
        0.92984544122,
        1.12412575922,
        1.05035201422,
        0.9035734802200001,
        0.91878503022
      ],
      "exit_codes": [
        0,
        0,
        0,
        0,
        0,
        0,
        0,
        0,
        0,
        0
      ]
    },
    {
      "command": "candidate-82f74b8c7",
      "mean": 0.7306275729199999,
      "stddev": 0.044692918358777485,
      "median": 0.71375933272,
      "user": 0.45351428,
      "system": 0.6805622,
      "min": 0.68877940322,
      "max": 0.82896051722,
      "times": [
        0.68877940322,
        0.73097915922,
        0.78300358622,
        0.70751098722,
        0.70365592922,
        0.68912497722,
        0.74674250422,
        0.82896051722,
        0.7136424462200001,
        0.71387621922
      ],
      "exit_codes": [
        0,
        0,
        0,
        0,
        0,
        0,
        0,
        0,
        0,
        0
      ]
    }
  ]
}
