{
  "results": [
    {
      "command": "candidate-borrowed-get",
      "mean": 1.7913726134066668,
      "stddev": 0.18059450249961473,
      "median": 1.73993367424,
      "user": 1.5665017466666669,
      "system": 2.309040573333333,
      "min": 1.61197390474,
      "max": 2.12313182474,
      "times": [
        1.8444299557400001,
        1.70674975174,
        2.12313182474,
        1.77311759674,
        1.68883264674,
        1.61197390474
      ],
      "exit_codes": [
        0,
        0,
        0,
        0,
        0,
        0
      ]
    },
    {
      "command": "baseline-current",
      "mean": 2.5214413957400006,
      "stddev": 0.13968824673555305,
      "median": 2.48133266574,
      "user": 2.2013329133333333,
      "system": 2.3267512399999997,
      "min": 2.36016544974,
      "max": 2.7109968027400004,
      "times": [
        2.4248279307400002,
        2.36016544974,
        2.4589303357400003,
        2.7109968027400004,
        2.6699928597400002,
        2.5037349957400004
      ],
      "exit_codes": [
        0,
        0,
        0,
        0,
        0,
        0
      ]
    }
  ]
}
