{
  "schema_version": "fr_bench_report/v1",
  "generated_at_ms": 1781036281275,
  "host": "127.0.0.1",
  "port": 26878,
  "workload": "set",
  "clients": 50,
  "requests": 1000000,
  "pipeline": 16,
  "keyspace": 10000,
  "datasize": 3,
  "read_percent": 50,
  "db": 0,
  "key_prefix": "zhphm-p5-rev-base",
  "total_time_ms": 1024,
  "ops_per_sec": 975998.7596851602,
  "bytes_sent": 59338847,
  "bytes_received": 5000000,
  "latency_us": {
    "min": 55,
    "p50": 746,
    "p95": 1133,
    "p99": 1537,
    "p999": 2597,
    "max": 4567,
    "mean": 805.9887589999998,
    "samples": 1000000
  }
}