{
  "schema_version": "fr_bench_report/v1",
  "generated_at_ms": 1781036270346,
  "host": "127.0.0.1",
  "port": 26877,
  "workload": "set",
  "clients": 50,
  "requests": 1000000,
  "pipeline": 16,
  "keyspace": 10000,
  "datasize": 3,
  "read_percent": 50,
  "db": 0,
  "key_prefix": "zhphm-p5-rev-cand",
  "total_time_ms": 1233,
  "ops_per_sec": 810528.9539673681,
  "bytes_sent": 59339246,
  "bytes_received": 5000000,
  "latency_us": {
    "min": 137,
    "p50": 899,
    "p95": 1392,
    "p99": 1748,
    "p999": 2713,
    "max": 3995,
    "mean": 973.3005129999983,
    "samples": 1000000
  }
}