{
  "schema_version": "fr_bench_report/v1",
  "generated_at_ms": 1780357918742,
  "host": "127.0.0.1",
  "port": 6399,
  "workload": "set",
  "clients": 50,
  "requests": 50000,
  "pipeline": 16,
  "keyspace": 10000,
  "datasize": 3,
  "read_percent": 50,
  "db": 0,
  "key_prefix": "j05u5_after_",
  "total_time_ms": 393,
  "ops_per_sec": 127038.934564905,
  "bytes_sent": 2644353,
  "bytes_received": 250000,
  "latency_us": {
    "min": 414,
    "p50": 6059,
    "p95": 6927,
    "p99": 8655,
    "p999": 9959,
    "max": 10319,
    "mean": 6129.7243800000015,
    "samples": 50000
  }
}