{
  "results": [
    {
      "command": "OUT=artifacts/optimization/frankenredis-3cc4w/pass130/baseline/run SERVER=/tmp/rch_target_fr_3cc4w_p130_current/release-perf/frankenredis BENCH=/tmp/rch_target_fr_3cc4w_p130_current/release-perf/fr-bench PORT=6750 WORKLOAD=get REQUESTS=1000000 JSON_OUT=artifacts/optimization/frankenredis-3cc4w/pass130/baseline/baseline-get-p16-c50-1m-last.json KEY_PREFIX=3cc4w:p130:baseline artifacts/optimization/frankenredis-zhphm/pass1/run_fr_bench_once.sh",
      "mean": 0.65484430582,
      "stddev": 0.03095072979081156,
      "median": 0.65667120082,
      "user": 1.0650184800000002,
      "system": 2.2282306999999997,
      "min": 0.6169580743199999,
      "max": 0.70555129532,
      "times": [
        0.61920930132,
        0.63773626032,
        0.68703681032,
        0.62298782832,
        0.67514128432,
        0.70555129532,
        0.6169580743199999,
        0.67047980232,
        0.66967353332,
        0.64366886832
      ],
      "exit_codes": [
        0,
        0,
        0,
        0,
        0,
        0,
        0,
        0,
        0,
        0
      ]
    }
  ]
}
