{
  "clients": 50,
  "datasize": 3,
  "key_prefix": "fr6kecb-pair-base-psetex",
  "keyspace": 10000,
  "measured": {
    "bytes_received": 5000000,
    "bytes_sent": 79000000,
    "commands": 1000000,
    "ops_per_sec": 153187.33963900834,
    "pipeline_latency_us": {
      "mean": 5064.284205110744,
      "p50": 4297.661944292486,
      "p95": 11186.442105099559,
      "p99": 15366.000006906688,
      "samples": 62500
    },
    "seconds": 6.527954610064626
  },
  "mode": "psetex",
  "pipeline": 16,
  "prefill": {
    "bytes_received": 0,
    "bytes_sent": 0,
    "commands": 0,
    "seconds": 0.0
  },
  "requests": 1000000,
  "schema": "frankenredis_6tsou_resp_workload_v1"
}
