{
  "clients": 50,
  "datasize": 3,
  "key_prefix": "fr6kecb-rev-candidate-setex",
  "keyspace": 10000,
  "measured": {
    "bytes_received": 5000000,
    "bytes_sent": 78000000,
    "commands": 1000000,
    "ops_per_sec": 156885.9656955774,
    "pipeline_latency_us": {
      "mean": 4939.462439440192,
      "p50": 4216.11696947366,
      "p95": 11003.516032360494,
      "p99": 15048.720058985054,
      "samples": 62500
    },
    "seconds": 6.374056440079585
  },
  "mode": "setex",
  "pipeline": 16,
  "prefill": {
    "bytes_received": 0,
    "bytes_sent": 0,
    "commands": 0,
    "seconds": 0.0
  },
  "requests": 1000000,
  "schema": "frankenredis_6tsou_resp_workload_v1"
}
