{
  "clients": 50,
  "datasize": 3,
  "key_prefix": "fr6kecb-pair-candidate-setex",
  "keyspace": 10000,
  "measured": {
    "bytes_received": 5000000,
    "bytes_sent": 79000000,
    "commands": 1000000,
    "ops_per_sec": 151972.7389687882,
    "pipeline_latency_us": {
      "mean": 5110.0447504371405,
      "p50": 4339.310922659934,
      "p95": 11252.779047936201,
      "p99": 15232.17698559165,
      "samples": 62500
    },
    "seconds": 6.580127506982535
  },
  "mode": "setex",
  "pipeline": 16,
  "prefill": {
    "bytes_received": 0,
    "bytes_sent": 0,
    "commands": 0,
    "seconds": 0.0
  },
  "requests": 1000000,
  "schema": "frankenredis_6tsou_resp_workload_v1"
}
