{
  "clients": 50,
  "datasize": 3,
  "key_prefix": "fr6kecb-rev-baseline-psetex",
  "keyspace": 10000,
  "measured": {
    "bytes_received": 5000000,
    "bytes_sent": 82000000,
    "commands": 1000000,
    "ops_per_sec": 154081.02661838476,
    "pipeline_latency_us": {
      "mean": 5030.307276559994,
      "p50": 4274.177015759051,
      "p95": 11109.03499647975,
      "p99": 15068.306936882436,
      "samples": 62500
    },
    "seconds": 6.490091752028093
  },
  "mode": "psetex",
  "pipeline": 16,
  "prefill": {
    "bytes_received": 0,
    "bytes_sent": 0,
    "commands": 0,
    "seconds": 0.0
  },
  "requests": 1000000,
  "schema": "frankenredis_6tsou_resp_workload_v1"
}
