{
  "results": [
    {
      "command": "candidate-psetex",
      "mean": 6.6052020171,
      "stddev": 0.05450957049239647,
      "median": 6.5917577249,
      "user": 9.436602680000002,
      "system": 5.66613122,
      "min": 6.5448537769,
      "max": 6.6673817939,
      "times": [
        6.5448537769,
        6.6564438509,
        6.5917577249,
        6.5655729389,
        6.6673817939
      ],
      "exit_codes": [
        0,
        0,
        0,
        0,
        0
      ]
    },
    {
      "command": "baseline-psetex",
      "mean": 6.635291041900001,
      "stddev": 0.015535648509587672,
      "median": 6.6379715779,
      "user": 9.395869880000001,
      "system": 5.64066822,
      "min": 6.6105471939000005,
      "max": 6.6513414569,
      "times": [
        6.6513414569,
        6.6323692139,
        6.6379715779,
        6.6442257669,
        6.6105471939000005
      ],
      "exit_codes": [
        0,
        0,
        0,
        0,
        0
      ]
    }
  ]
}
