{
  "results": [
    {
      "command": "baseline-psetex",
      "mean": 6.686273708280001,
      "stddev": 0.01743231297153075,
      "median": 6.68415310548,
      "user": 9.3767362,
      "system": 5.72048828,
      "min": 6.6610636124800005,
      "max": 6.70558264148,
      "times": [
        6.70558264148,
        6.69951733148,
        6.6610636124800005,
        6.68415310548,
        6.68105185048
      ],
      "exit_codes": [
        0,
        0,
        0,
        0,
        0
      ]
    },
    {
      "command": "candidate-psetex",
      "mean": 6.671525085880001,
      "stddev": 0.12137374962846571,
      "median": 6.691286471480001,
      "user": 9.3861346,
      "system": 5.6444082799999995,
      "min": 6.53023358048,
      "max": 6.8332671004800005,
      "times": [
        6.53023358048,
        6.8332671004800005,
        6.72758858448,
        6.57524969248,
        6.691286471480001
      ],
      "exit_codes": [
        0,
        0,
        0,
        0,
        0
      ]
    }
  ]
}
