{
  "results": [
    {
      "command": "baseline-setex",
      "mean": 6.61883900352,
      "stddev": 0.03667118858224298,
      "median": 6.6344298969199995,
      "user": 9.34435702,
      "system": 5.687520319999999,
      "min": 6.55513824992,
      "max": 6.6433615779199995,
      "times": [
        6.55513824992,
        6.62066505792,
        6.64060023492,
        6.6344298969199995,
        6.6433615779199995
      ],
      "exit_codes": [
        0,
        0,
        0,
        0,
        0
      ]
    },
    {
      "command": "candidate-setex",
      "mean": 6.65780338592,
      "stddev": 0.03738158023283659,
      "median": 6.6569209769199995,
      "user": 9.339093819999999,
      "system": 5.6730005199999995,
      "min": 6.60421390592,
      "max": 6.70852859892,
      "times": [
        6.66794875892,
        6.6569209769199995,
        6.60421390592,
        6.65140468892,
        6.70852859892
      ],
      "exit_codes": [
        0,
        0,
        0,
        0,
        0
      ]
    }
  ]
}
