{
  "results": [
    {
      "command": "candidate-setex",
      "mean": 6.57912884408,
      "stddev": 0.04861704750024985,
      "median": 6.5766581318799995,
      "user": 9.175984840000002,
      "system": 5.49968968,
      "min": 6.51728310788,
      "max": 6.64227389788,
      "times": [
        6.64227389788,
        6.60831074588,
        6.55111833688,
        6.5766581318799995,
        6.51728310788
      ],
      "exit_codes": [
        0,
        0,
        0,
        0,
        0
      ]
    },
    {
      "command": "baseline-setex",
      "mean": 6.71204916608,
      "stddev": 0.06061749794028413,
      "median": 6.70028510188,
      "user": 9.51922424,
      "system": 5.78047088,
      "min": 6.64168329188,
      "max": 6.79457227588,
      "times": [
        6.74925601488,
        6.79457227588,
        6.64168329188,
        6.67444914588,
        6.70028510188
      ],
      "exit_codes": [
        0,
        0,
        0,
        0,
        0
      ]
    }
  ]
}
