{
  "schema_version": "fr_bench_report/v1",
  "generated_at_ms": 1781152769148,
  "host": "127.0.0.1",
  "port": 6795,
  "workload": "get",
  "clients": 50,
  "requests": 1000000,
  "pipeline": 16,
  "keyspace": 10000,
  "datasize": 3,
  "read_percent": 50,
  "db": 0,
  "key_prefix": "6zalg:p1:reversed:candidate",
  "total_time_ms": 628,
  "ops_per_sec": 1591985.1596289647,
  "bytes_sent": 58889738,
  "bytes_received": 9000000,
  "latency_us": {
    "min": 54,
    "p50": 467,
    "p95": 700,
    "p99": 918,
    "p999": 1179,
    "max": 1804,
    "mean": 488.8322539999999,
    "samples": 1000000
  }
}