{
  "schema_version": "fr_bench_report/v1",
  "generated_at_ms": 1781152778600,
  "host": "127.0.0.1",
  "port": 6796,
  "workload": "get",
  "clients": 50,
  "requests": 1000000,
  "pipeline": 16,
  "keyspace": 10000,
  "datasize": 3,
  "read_percent": 50,
  "db": 0,
  "key_prefix": "6zalg:p1:reversed:current",
  "total_time_ms": 648,
  "ops_per_sec": 1540838.689870286,
  "bytes_sent": 56888971,
  "bytes_received": 9000000,
  "latency_us": {
    "min": 45,
    "p50": 463,
    "p95": 792,
    "p99": 1233,
    "p999": 2339,
    "max": 2839,
    "mean": 506.1581840000007,
    "samples": 1000000
  }
}