{
  "schema_version": "fr_bench_report/v1",
  "generated_at_ms": 1780984175611,
  "host": "127.0.0.1",
  "port": 49583,
  "workload": "hset",
  "clients": 50,
  "requests": 1000000,
  "pipeline": 16,
  "keyspace": 10000,
  "datasize": 3,
  "read_percent": 50,
  "db": 0,
  "key_prefix": "om-pass98:reversed:candidate",
  "total_time_ms": 1592,
  "ops_per_sec": 627775.000525589,
  "bytes_sent": 80338918,
  "bytes_received": 4000000,
  "latency_us": {
    "min": 72,
    "p50": 1191,
    "p95": 1726,
    "p99": 2299,
    "p999": 3761,
    "max": 4715,
    "mean": 1257.0294229999984,
    "samples": 1000000
  }
}