{
  "schema_version": "fr_bench_report/v1",
  "generated_at_ms": 1781067156899,
  "host": "127.0.0.1",
  "port": 27047,
  "workload": "set",
  "clients": 50,
  "requests": 1000000,
  "pipeline": 16,
  "keyspace": 10000,
  "datasize": 3,
  "read_percent": 50,
  "db": 0,
  "key_prefix": "ohsk5-p115-rev-base",
  "total_time_ms": 672,
  "ops_per_sec": 1486856.6687894617,
  "bytes_sent": 61339409,
  "bytes_received": 5000000,
  "latency_us": {
    "min": 49,
    "p50": 487,
    "p95": 793,
    "p99": 1088,
    "p999": 1738,
    "max": 2243,
    "mean": 522.4543359999977,
    "samples": 1000000
  }
}