{
  "schema_version": "fr_bench_report/v1",
  "generated_at_ms": 1781067146604,
  "host": "127.0.0.1",
  "port": 27046,
  "workload": "set",
  "clients": 50,
  "requests": 1000000,
  "pipeline": 16,
  "keyspace": 10000,
  "datasize": 3,
  "read_percent": 50,
  "db": 0,
  "key_prefix": "ohsk5-p115-rev-cand",
  "total_time_ms": 742,
  "ops_per_sec": 1346164.3961995458,
  "bytes_sent": 61338987,
  "bytes_received": 5000000,
  "latency_us": {
    "min": 51,
    "p50": 549,
    "p95": 881,
    "p99": 1309,
    "p999": 2351,
    "max": 3187,
    "mean": 580.818853,
    "samples": 1000000
  }
}