{
  "results": [
    {
      "command": "baseline-1cbca-get-p16-300k",
      "mean": 0.5029147346399999,
      "stddev": 0.015405901419922059,
      "median": 0.50272778054,
      "user": 0.46380414,
      "system": 0.6526200600000001,
      "min": 0.47481378804,
      "max": 0.52486279604,
      "times": [
        0.51421797704,
        0.49690183304,
        0.49504752404,
        0.49383095104,
        0.52486279604,
        0.48975047804000005,
        0.50855372804,
        0.51169531504,
        0.51947295604,
        0.47481378804
      ],
      "exit_codes": [
        0,
        0,
        0,
        0,
        0,
        0,
        0,
        0,
        0,
        0
      ]
    }
  ]
}
