{
  "schema_version": "fr_bench_report/v1",
  "generated_at_ms": 1780899541185,
  "host": "127.0.0.1",
  "port": 26502,
  "workload": "get",
  "clients": 50,
  "requests": 1000000,
  "pipeline": 16,
  "keyspace": 10000,
  "datasize": 3,
  "read_percent": 50,
  "db": 0,
  "key_prefix": "fr1cbca-profile",
  "total_time_ms": 1362,
  "ops_per_sec": 733868.7831270157,
  "bytes_sent": 46888709,
  "bytes_received": 9000000,
  "latency_us": {
    "min": 35,
    "p50": 1042,
    "p95": 1379,
    "p99": 1684,
    "p999": 2015,
    "max": 2815,
    "mean": 1077.5490909999983,
    "samples": 1000000
  }
}