{
  "schema_version": "fr_bench_report/v1",
  "generated_at_ms": 1780764351973,
  "host": "127.0.0.1",
  "port": 6465,
  "workload": "set",
  "clients": 50,
  "requests": 1000000,
  "pipeline": 16,
  "keyspace": 10000,
  "datasize": 3,
  "read_percent": 50,
  "db": 0,
  "key_prefix": "pass45prof",
  "total_time_ms": 2387,
  "ops_per_sec": 418826.65572510514,
  "bytes_sent": 52339484,
  "bytes_received": 5000000,
  "latency_us": {
    "min": 133,
    "p50": 1748,
    "p95": 2683,
    "p99": 3239,
    "p999": 4043,
    "max": 7187,
    "mean": 1886.9564030000001,
    "samples": 1000000
  }
}