{
  "schema_version": "fr_bench_report/v1",
  "generated_at_ms": 1781074102237,
  "host": "127.0.0.1",
  "port": 6656,
  "workload": "get",
  "clients": 50,
  "requests": 1000000,
  "pipeline": 16,
  "keyspace": 10000,
  "datasize": 3,
  "read_percent": 50,
  "db": 0,
  "key_prefix": "ohsk5:p122:reversed:candidate",
  "total_time_ms": 598,
  "ops_per_sec": 1671430.281970322,
  "bytes_sent": 60889080,
  "bytes_received": 9000000,
  "latency_us": {
    "min": 42,
    "p50": 433,
    "p95": 711,
    "p99": 1156,
    "p999": 1977,
    "max": 2527,
    "mean": 466.2126340000008,
    "samples": 1000000
  }
}