{
  "schema_version": "fr_bench_report/v1",
  "generated_at_ms": 1781152465318,
  "host": "127.0.0.1",
  "port": 26846,
  "workload": "get",
  "clients": 50,
  "requests": 1000000,
  "pipeline": 16,
  "keyspace": 10000,
  "datasize": 3,
  "read_percent": 50,
  "db": 0,
  "key_prefix": "fr6zalg_pair_cand_",
  "total_time_ms": 691,
  "ops_per_sec": 1445975.8445252648,
  "bytes_sent": 49889447,
  "bytes_received": 9000000,
  "latency_us": {
    "min": 48,
    "p50": 515,
    "p95": 802,
    "p99": 984,
    "p999": 1442,
    "max": 1837,
    "mean": 540.2835250000005,
    "samples": 1000000
  }
}