{
  "schema_version": "fr_bench_report/v1",
  "generated_at_ms": 1781152456296,
  "host": "127.0.0.1",
  "port": 26845,
  "workload": "get",
  "clients": 50,
  "requests": 1000000,
  "pipeline": 16,
  "keyspace": 10000,
  "datasize": 3,
  "read_percent": 50,
  "db": 0,
  "key_prefix": "fr6zalg_pair_cur_",
  "total_time_ms": 563,
  "ops_per_sec": 1773206.703086618,
  "bytes_sent": 48888746,
  "bytes_received": 9000000,
  "latency_us": {
    "min": 44,
    "p50": 418,
    "p95": 632,
    "p99": 878,
    "p999": 1459,
    "max": 2407,
    "mean": 438.164728,
    "samples": 1000000
  }
}