{
  "schema_version": "fr_bench_report/v1",
  "generated_at_ms": 1781065254115,
  "host": "127.0.0.1",
  "port": 27010,
  "workload": "set",
  "clients": 50,
  "requests": 1000000,
  "pipeline": 16,
  "keyspace": 10000,
  "datasize": 3,
  "read_percent": 50,
  "db": 0,
  "key_prefix": "ohsk5-p113-base",
  "total_time_ms": 782,
  "ops_per_sec": 1278170.7000906738,
  "bytes_sent": 57338851,
  "bytes_received": 5000000,
  "latency_us": {
    "min": 47,
    "p50": 572,
    "p95": 930,
    "p99": 1265,
    "p999": 2547,
    "max": 3301,
    "mean": 610.0331620000017,
    "samples": 1000000
  }
}