{
  "schema_version": "fr_bench_report/v1",
  "generated_at_ms": 1781145452731,
  "host": "127.0.0.1",
  "port": 6764,
  "workload": "get",
  "clients": 50,
  "requests": 1000000,
  "pipeline": 16,
  "keyspace": 10000,
  "datasize": 3,
  "read_percent": 50,
  "db": 0,
  "key_prefix": "q81y2:p131:reversed:candidate",
  "total_time_ms": 1753,
  "ops_per_sec": 570401.2263430149,
  "bytes_sent": 60889465,
  "bytes_received": 9000000,
  "latency_us": {
    "min": 39,
    "p50": 740,
    "p95": 2971,
    "p99": 4007,
    "p999": 6459,
    "max": 21871,
    "mean": 1087.8341439999963,
    "samples": 1000000
  }
}