{
  "schema_version": "fr_bench_report/v1",
  "generated_at_ms": 1781145472181,
  "host": "127.0.0.1",
  "port": 6765,
  "workload": "get",
  "clients": 50,
  "requests": 1000000,
  "pipeline": 16,
  "keyspace": 10000,
  "datasize": 3,
  "read_percent": 50,
  "db": 0,
  "key_prefix": "q81y2:p131:reversed:current",
  "total_time_ms": 1785,
  "ops_per_sec": 559977.2077628914,
  "bytes_sent": 58888417,
  "bytes_received": 9000000,
  "latency_us": {
    "min": 38,
    "p50": 737,
    "p95": 2997,
    "p99": 4339,
    "p999": 8087,
    "max": 46175,
    "mean": 1098.909518,
    "samples": 1000000
  }
}