{
  "results": [
    {
      "command": "baseline",
      "mean": 1.4370185376571432,
      "stddev": 0.036167037068249745,
      "median": 1.4408038318000003,
      "user": 1.5876496171428571,
      "system": 2.07470314,
      "min": 1.3749306718,
      "max": 1.4888506478,
      "times": [
        1.4408038318000003,
        1.4261371698,
        1.4539766138,
        1.4582685638000001,
        1.4888506478,
        1.4161622648,
        1.3749306718
      ],
      "exit_codes": [
        0,
        0,
        0,
        0,
        0,
        0,
        0
      ]
    }
  ]
}
