{
  "schema_version": "fr_bench_report/v1",
  "generated_at_ms": 1781370686045,
  "host": "127.0.0.1",
  "port": 6516,
  "workload": "hset",
  "clients": 50,
  "requests": 2000000,
  "pipeline": 16,
  "keyspace": 10000,
  "datasize": 3,
  "read_percent": 50,
  "db": 0,
  "key_prefix": "pass174-paired-n2m-candidate-hset",
  "total_time_ms": 2355,
  "ops_per_sec": 848922.5869275718,
  "bytes_sent": 171227941,
  "bytes_received": 8000000,
  "latency_us": {
    "min": 91,
    "p50": 877,
    "p95": 1282,
    "p99": 1587,
    "p999": 2629,
    "max": 3275,
    "mean": 931.9149384999995,
    "samples": 2000000
  }
}