{
  "results": [
    {
      "command": "baseline",
      "mean": 2.6274558845000002,
      "stddev": 0.07515641047181297,
      "median": 2.6514097245,
      "user": 2.9466757799999996,
      "system": 3.7548846399999993,
      "min": 2.4967354455,
      "max": 2.6898907855000003,
      "times": [
        2.6514097245,
        2.6898907855000003,
        2.6546990325000004,
        2.4967354455,
        2.6445444345
      ],
      "exit_codes": [
        0,
        0,
        0,
        0,
        0
      ]
    },
    {
      "command": "candidate",
      "mean": 2.5745082969000004,
      "stddev": 0.23852915935094332,
      "median": 2.4970661425000005,
      "user": 2.84861298,
      "system": 3.95520664,
      "min": 2.3647555485000002,
      "max": 2.9732509065,
      "times": [
        2.4970661425000005,
        2.4400768865000004,
        2.9732509065,
        2.5973920005,
        2.3647555485000002
      ],
      "exit_codes": [
        0,
        0,
        0,
        0,
        0
      ]
    }
  ]
}
