{
  "results": [
    {
      "command": "baseline",
      "mean": 1.4269169271685715,
      "stddev": 0.16915942882746854,
      "median": 1.36871171974,
      "user": 1.520768877142857,
      "system": 1.8890580342857142,
      "min": 1.27554615774,
      "max": 1.77396063874,
      "times": [
        1.77396063874,
        1.34110468574,
        1.36871171974,
        1.30712333774,
        1.27554615774,
        1.48235810074,
        1.43961384974
      ],
      "exit_codes": [
        0,
        0,
        0,
        0,
        0,
        0,
        0
      ]
    },
    {
      "command": "candidate",
      "mean": 1.25667215074,
      "stddev": 0.041618494482257296,
      "median": 1.2572905457399999,
      "user": 1.3725047342857142,
      "system": 1.8984583199999996,
      "min": 1.19925226374,
      "max": 1.32220254874,
      "times": [
        1.2572905457399999,
        1.27425646274,
        1.32220254874,
        1.27754693474,
        1.21136850674,
        1.25478779274,
        1.19925226374
      ],
      "exit_codes": [
        0,
        0,
        0,
        0,
        0,
        0,
        0
      ]
    }
  ]
}
