{
  "schema_version": "fr_bench_report/v1",
  "generated_at_ms": 1781370625406,
  "host": "127.0.0.1",
  "port": 6514,
  "workload": "hset",
  "clients": 50,
  "requests": 1000000,
  "pipeline": 16,
  "keyspace": 10000,
  "datasize": 3,
  "read_percent": 50,
  "db": 0,
  "key_prefix": "pass174-paired-candidate-hset",
  "total_time_ms": 1189,
  "ops_per_sec": 840689.4515040884,
  "bytes_sent": 81338862,
  "bytes_received": 4000000,
  "latency_us": {
    "min": 129,
    "p50": 907,
    "p95": 1113,
    "p99": 1663,
    "p999": 2557,
    "max": 3249,
    "mean": 939.4502280000004,
    "samples": 1000000
  }
}