{
  "results": [
    {
      "command": "python3 artifacts/optimization/frankenredis-jjg2q/pass84-stream-zinterstore/zset_algebra_bench.py --port 48011 --case zintercard2 --iters 800 --n 20000",
      "mean": 1.08239487592,
      "stddev": 0.06347751736238731,
      "median": 1.0802077752199999,
      "user": 0.07162274,
      "system": 0.026332199999999993,
      "min": 0.99801367322,
      "max": 1.23686826822,
      "times": [
        0.99801367322,
        1.09029034822,
        1.03108326722,
        1.07343383522,
        1.10129303322,
        1.04836766222,
        1.10054629622,
        1.23686826822,
        1.08698171522,
        1.05707066022
      ],
      "exit_codes": [
        0,
        0,
        0,
        0,
        0,
        0,
        0,
        0,
        0,
        0
      ]
    },
    {
      "command": "python3 artifacts/optimization/frankenredis-jjg2q/pass84-stream-zinterstore/zset_algebra_bench.py --port 48013 --case zintercard2 --iters 800 --n 20000",
      "mean": 0.13753801572000002,
      "stddev": 0.009421142505849278,
      "median": 0.13751958422,
      "user": 0.07270424,
      "system": 0.026466800000000002,
      "min": 0.12421741622000002,
      "max": 0.15200893522,
      "times": [
        0.15200893522,
        0.13457672022,
        0.12421741622000002,
        0.14355051222,
        0.12721328522,
        0.14681531222,
        0.14046244822,
        0.14562552322,
        0.13066658422,
        0.13024342022000002
      ],
      "exit_codes": [
        0,
        0,
        0,
        0,
        0,
        0,
        0,
        0,
        0,
        0
      ]
    }
  ]
}
