{
  "results": [
    {
      "command": "target-cod-fv18u-baseline/release/fr-persist-rdb-multidb-bench --mode bench --dbs 4096 --entries-per-db 2 --iters 500",
      "mean": 0.18038336886,
      "stddev": 0.01671802835016429,
      "median": 0.17651519636,
      "user": 0.17431771999999995,
      "system": 0.0027607199999999995,
      "min": 0.17027448886,
      "max": 0.22654205686,
      "times": [
        0.17104133486,
        0.17814399386,
        0.17488639886,
        0.17216847586,
        0.17840975586,
        0.17120257086,
        0.17910456886,
        0.22654205686,
        0.17027448886,
        0.18206004386
      ],
      "exit_codes": [
        0,
        0,
        0,
        0,
        0,
        0,
        0,
        0,
        0,
        0
      ]
    }
  ]
}
