{
  "results": [
    {
      "command": "target-cod-fv18u-baseline/release/fr-persist-rdb-multidb-bench --mode bench --dbs 4096 --entries-per-db 2 --iters 500",
      "mean": 0.17038785571999998,
      "stddev": 0.0059745544486006765,
      "median": 0.16867936532,
      "user": 0.16663614,
      "system": 0.0028190200000000006,
      "min": 0.16324734782,
      "max": 0.17917394882,
      "times": [
        0.16834555882000002,
        0.16366165082,
        0.16843938582,
        0.17778904882000002,
        0.17828669082,
        0.17015381882,
        0.16586176182,
        0.16324734782,
        0.17917394882,
        0.16891934482
      ],
      "exit_codes": [
        0,
        0,
        0,
        0,
        0,
        0,
        0,
        0,
        0,
        0
      ]
    },
    {
      "command": "target-cod-fv18u-candidate/release/fr-persist-rdb-multidb-bench --mode bench --dbs 4096 --entries-per-db 2 --iters 500",
      "mean": 0.17526552742,
      "stddev": 0.008767872149869281,
      "median": 0.17229223082,
      "user": 0.17172894,
      "system": 0.0028131199999999997,
      "min": 0.16585266682000002,
      "max": 0.19617780982000002,
      "times": [
        0.17888450282,
        0.18189054782,
        0.17016003182,
        0.17167346382,
        0.17262077682000002,
        0.17196368482000002,
        0.19617780982000002,
        0.16804838882,
        0.17538340082,
        0.16585266682000002
      ],
      "exit_codes": [
        0,
        0,
        0,
        0,
        0,
        0,
        0,
        0,
        0,
        0
      ]
    }
  ]
}
