{
  "schema_version": "fr_bench_report/v1",
  "generated_at_ms": 1780358545314,
  "host": "127.0.0.1",
  "port": 6401,
  "workload": "set",
  "clients": 50,
  "requests": 50000,
  "pipeline": 16,
  "keyspace": 10000,
  "datasize": 3,
  "read_percent": 50,
  "db": 0,
  "key_prefix": "clear_after_",
  "total_time_ms": 417,
  "ops_per_sec": 119887.9364298533,
  "bytes_sent": 2644292,
  "bytes_received": 250000,
  "latency_us": {
    "min": 250,
    "p50": 6107,
    "p95": 8327,
    "p99": 9183,
    "p999": 10303,
    "max": 10679,
    "mean": 6502.337179999988,
    "samples": 50000
  }
}