{
  "schema_version": "fr_bench_report/v1",
  "generated_at_ms": 1780358442512,
  "host": "127.0.0.1",
  "port": 6400,
  "workload": "set",
  "clients": 50,
  "requests": 50000,
  "pipeline": 16,
  "keyspace": 10000,
  "datasize": 3,
  "read_percent": 50,
  "db": 0,
  "key_prefix": "clear_before_",
  "total_time_ms": 396,
  "ops_per_sec": 126074.11998373139,
  "bytes_sent": 2694650,
  "bytes_received": 250000,
  "latency_us": {
    "min": 243,
    "p50": 6091,
    "p95": 7807,
    "p99": 9263,
    "p999": 9815,
    "max": 10071,
    "mean": 6146.181399999998,
    "samples": 50000
  }
}