{
  "schema_version": "fr_bench_report/v1",
  "generated_at_ms": 1780981909870,
  "host": "127.0.0.1",
  "port": 49611,
  "workload": "get",
  "clients": 50,
  "requests": 1000000,
  "pipeline": 16,
  "keyspace": 10000,
  "datasize": 3,
  "read_percent": 50,
  "db": 0,
  "key_prefix": "bf96:profile:get",
  "total_time_ms": 1454,
  "ops_per_sec": 687375.344653091,
  "bytes_sent": 47888637,
  "bytes_received": 9000000,
  "latency_us": {
    "min": 47,
    "p50": 1075,
    "p95": 1580,
    "p99": 2009,
    "p999": 2587,
    "max": 3847,
    "mean": 1149.1320169999979,
    "samples": 1000000
  }
}