{
  "schema_version": "fr_bench_report/v1",
  "generated_at_ms": 1780981925933,
  "host": "127.0.0.1",
  "port": 49612,
  "workload": "hset",
  "clients": 50,
  "requests": 1000000,
  "pipeline": 16,
  "keyspace": 10000,
  "datasize": 3,
  "read_percent": 50,
  "db": 0,
  "key_prefix": "bf96:profile:hset",
  "total_time_ms": 1772,
  "ops_per_sec": 564279.1720531463,
  "bytes_sent": 69338931,
  "bytes_received": 4000000,
  "latency_us": {
    "min": 40,
    "p50": 1295,
    "p95": 2001,
    "p99": 2829,
    "p999": 4755,
    "max": 6939,
    "mean": 1400.3846280000016,
    "samples": 1000000
  }
}