{
  "schema_version": "fr_bench_report/v1",
  "generated_at_ms": 1780982993843,
  "host": "127.0.0.1",
  "port": 49631,
  "workload": "get",
  "clients": 50,
  "requests": 300000,
  "pipeline": 16,
  "keyspace": 10000,
  "datasize": 3,
  "read_percent": 50,
  "db": 0,
  "key_prefix": "bf96pair:cand",
  "total_time_ms": 460,
  "ops_per_sec": 651543.2772234615,
  "bytes_sent": 13466852,
  "bytes_received": 2700000,
  "latency_us": {
    "min": 113,
    "p50": 1115,
    "p95": 1629,
    "p99": 1961,
    "p999": 2483,
    "max": 3315,
    "mean": 1199.3980900000015,
    "samples": 300000
  }
}