{
  "schema_version": "fr_bench_report/v1",
  "generated_at_ms": 1780981892977,
  "host": "127.0.0.1",
  "port": 49610,
  "workload": "set",
  "clients": 50,
  "requests": 1000000,
  "pipeline": 16,
  "keyspace": 10000,
  "datasize": 3,
  "read_percent": 50,
  "db": 0,
  "key_prefix": "bf96:profile:set",
  "total_time_ms": 1572,
  "ops_per_sec": 635794.5161156388,
  "bytes_sent": 58338927,
  "bytes_received": 5000000,
  "latency_us": {
    "min": 43,
    "p50": 1156,
    "p95": 1742,
    "p99": 2143,
    "p999": 3467,
    "max": 4215,
    "mean": 1243.139930999998,
    "samples": 1000000
  }
}