{
  "schema_version": "fr_bench_report/v1",
  "generated_at_ms": 1781143732306,
  "host": "127.0.0.1",
  "port": 6743,
  "workload": "get",
  "clients": 50,
  "requests": 1000000,
  "pipeline": 16,
  "keyspace": 10000,
  "datasize": 3,
  "read_percent": 50,
  "db": 0,
  "key_prefix": "ohsk5:p129:paired:candidate",
  "total_time_ms": 576,
  "ops_per_sec": 1733804.1041459506,
  "bytes_sent": 58888654,
  "bytes_received": 9000000,
  "latency_us": {
    "min": 49,
    "p50": 406,
    "p95": 724,
    "p99": 1186,
    "p999": 1818,
    "max": 2079,
    "mean": 449.399552,
    "samples": 1000000
  }
}