{
  "results": [
    {
      "command": "/data/tmp/frankenredis-152va-pass168-baseline-target/release/fr-bench --port 25269 --workload lpush --clients 50 --pipeline 16 --requests 1000000 --keyspace 100000",
      "mean": 2.9159026279114286,
      "stddev": 0.7615821754081279,
      "median": 2.6332279073400002,
      "user": 0.7866987285714284,
      "system": 1.2640479799999997,
      "min": 2.0124540363400003,
      "max": 3.9327548123400002,
      "times": [
        2.25852192334,
        2.0124540363400003,
        2.58313468934,
        2.6332279073400002,
        3.08639329034,
        3.9048317363400002,
        3.9327548123400002
      ],
      "exit_codes": [
        0,
        0,
        0,
        0,
        0,
        0,
        0
      ]
    }
  ]
}
