{
  "schema_version": "fr_bench_report/v1",
  "generated_at_ms": 1781349993758,
  "host": "127.0.0.1",
  "port": 25268,
  "workload": "lpush",
  "clients": 50,
  "requests": 300000,
  "pipeline": 16,
  "keyspace": 100000,
  "datasize": 3,
  "read_percent": 50,
  "db": 0,
  "key_prefix": "fr:bench:1781349993182",
  "total_time_ms": 575,
  "ops_per_sec": 521374.8200059882,
  "bytes_sent": 19416801,
  "bytes_received": 1200170,
  "latency_us": {
    "min": 148,
    "p50": 1241,
    "p95": 2105,
    "p99": 7059,
    "p999": 27423,
    "max": 27855,
    "mean": 1515.4549099999977,
    "samples": 300000
  }
}