{
  "schema_version": "fr_bench_report/v1",
  "generated_at_ms": 1781350046272,
  "host": "127.0.0.1",
  "port": 25270,
  "workload": "lpush",
  "clients": 50,
  "requests": 300000,
  "pipeline": 16,
  "keyspace": 100000,
  "datasize": 3,
  "read_percent": 50,
  "db": 0,
  "key_prefix": "fr:bench:1781350044313",
  "total_time_ms": 1958,
  "ops_per_sec": 153164.40236097964,
  "bytes_sent": 19416952,
  "bytes_received": 1200140,
  "latency_us": {
    "min": 3306,
    "p50": 4919,
    "p95": 8199,
    "p99": 10367,
    "p999": 28015,
    "max": 28991,
    "mean": 5202.278223333332,
    "samples": 300000
  }
}