{
  "schema_version": "fr_bench_report/v1",
  "generated_at_ms": 1781355816421,
  "host": "127.0.0.1",
  "port": 25251,
  "workload": "lpush",
  "clients": 50,
  "requests": 1000000,
  "pipeline": 16,
  "keyspace": 100000,
  "datasize": 3,
  "read_percent": 50,
  "db": 0,
  "key_prefix": "yjedr:base",
  "total_time_ms": 1424,
  "ops_per_sec": 701891.3498413106,
  "bytes_sent": 53339020,
  "bytes_received": 5006762,
  "latency_us": {
    "min": 179,
    "p50": 1013,
    "p95": 1303,
    "p99": 6983,
    "p999": 8311,
    "max": 8367,
    "mean": 1127.8284799999979,
    "samples": 1000000
  }
}