{
  "schema_version": "fr_bench_report/v1",
  "generated_at_ms": 1781151596167,
  "host": "127.0.0.1",
  "port": 6785,
  "workload": "get",
  "clients": 50,
  "requests": 1000000,
  "pipeline": 16,
  "keyspace": 10000,
  "datasize": 3,
  "read_percent": 50,
  "db": 0,
  "key_prefix": "x5689:p133:paired:candidate",
  "total_time_ms": 768,
  "ops_per_sec": 1301219.0477154618,
  "bytes_sent": 58888849,
  "bytes_received": 9000000,
  "latency_us": {
    "min": 41,
    "p50": 581,
    "p95": 871,
    "p99": 1212,
    "p999": 2059,
    "max": 2865,
    "mean": 601.4746710000001,
    "samples": 1000000
  }
}