{
  "schema_version": "fr_bench_report/v1",
  "generated_at_ms": 1781151586042,
  "host": "127.0.0.1",
  "port": 6784,
  "workload": "get",
  "clients": 50,
  "requests": 1000000,
  "pipeline": 16,
  "keyspace": 10000,
  "datasize": 3,
  "read_percent": 50,
  "db": 0,
  "key_prefix": "x5689:p133:paired:current",
  "total_time_ms": 667,
  "ops_per_sec": 1497573.18938568,
  "bytes_sent": 56889191,
  "bytes_received": 9000000,
  "latency_us": {
    "min": 46,
    "p50": 459,
    "p95": 811,
    "p99": 1665,
    "p999": 3421,
    "max": 5023,
    "mean": 514.3929830000002,
    "samples": 1000000
  }
}