{
  "results": [
    {
      "command": "OUT=artifacts/optimization/frankenredis-x5689/pass133/benchmark/paired/current-run SERVER=/tmp/rch_target_fr_x5689_current/release-perf/frankenredis BENCH=/tmp/rch_target_fr_x5689_current/release-perf/fr-bench PORT=6784 WORKLOAD=get REQUESTS=1000000 JSON_OUT=artifacts/optimization/frankenredis-x5689/pass133/benchmark/paired/current-get-p16-c50-1m-last.json KEY_PREFIX=x5689:p133:paired:current artifacts/optimization/frankenredis-zhphm/pass1/run_fr_bench_once.sh",
      "mean": 0.7683171082000001,
      "stddev": 0.06536105409122807,
      "median": 0.759956254,
      "user": 1.17051208,
      "system": 2.4345188999999996,
      "min": 0.6587834035,
      "max": 0.9121636245,
      "times": [
        0.9121636245,
        0.7597727125,
        0.7598817585000001,
        0.7410098885,
        0.8237521885,
        0.7674119485,
        0.7270626985,
        0.7733021095,
        0.6587834035,
        0.7600307495
      ],
      "exit_codes": [
        0,
        0,
        0,
        0,
        0,
        0,
        0,
        0,
        0,
        0
      ]
    },
    {
      "command": "OUT=artifacts/optimization/frankenredis-x5689/pass133/benchmark/paired/candidate-run SERVER=/tmp/rch_target_fr_x5689_candidate/release-perf/frankenredis BENCH=/tmp/rch_target_fr_x5689_candidate/release-perf/fr-bench PORT=6785 WORKLOAD=get REQUESTS=1000000 JSON_OUT=artifacts/optimization/frankenredis-x5689/pass133/benchmark/paired/candidate-get-p16-c50-1m-last.json KEY_PREFIX=x5689:p133:paired:candidate artifacts/optimization/frankenredis-zhphm/pass1/run_fr_bench_once.sh",
      "mean": 0.7843732111,
      "stddev": 0.05284523385546884,
      "median": 0.798645135,
      "user": 1.1927306800000002,
      "system": 2.4774730999999997,
      "min": 0.6921360935,
      "max": 0.8628207385000001,
      "times": [
        0.7617298885,
        0.8147324355000001,
        0.7208232635,
        0.7920374995,
        0.6921360935,
        0.7480501765,
        0.8328011635,
        0.8133480815,
        0.8052527705,
        0.8628207385000001
      ],
      "exit_codes": [
        0,
        0,
        0,
        0,
        0,
        0,
        0,
        0,
        0,
        0
      ]
    }
  ]
}
