{
  "schema_version": "fr_bench_report/v1",
  "generated_at_ms": 1781150934400,
  "host": "127.0.0.1",
  "port": 6780,
  "workload": "get",
  "clients": 50,
  "requests": 1000000,
  "pipeline": 16,
  "keyspace": 10000,
  "datasize": 3,
  "read_percent": 50,
  "db": 0,
  "key_prefix": "x5689:p133:baseline",
  "total_time_ms": 653,
  "ops_per_sec": 1529304.7135558517,
  "bytes_sent": 50888977,
  "bytes_received": 9000000,
  "latency_us": {
    "min": 40,
    "p50": 476,
    "p95": 749,
    "p99": 1262,
    "p999": 2243,
    "max": 4247,
    "mean": 510.1928540000002,
    "samples": 1000000
  }
}