{
  "results": [
    {
      "command": "baseline",
      "mean": 4.475179968068571,
      "stddev": 0.03218972006863589,
      "median": 4.47037222964,
      "user": 6.876119188571428,
      "system": 5.482712748571428,
      "min": 4.43362151764,
      "max": 4.51691775864,
      "times": [
        4.46455324464,
        4.43362151764,
        4.47037222964,
        4.44290232764,
        4.48410803564,
        4.51378466264,
        4.51691775864
      ],
      "exit_codes": [
        0,
        0,
        0,
        0,
        0,
        0,
        0
      ]
    },
    {
      "command": "candidate",
      "mean": 5.042082837925714,
      "stddev": 0.2992463342825748,
      "median": 5.07023767164,
      "user": 7.388686188571429,
      "system": 6.672287891428573,
      "min": 4.45233279964,
      "max": 5.41273645164,
      "times": [
        4.45233279964,
        5.07023767164,
        5.41273645164,
        4.99096832364,
        5.087341407639999,
        5.25727766964,
        5.02368554164
      ],
      "exit_codes": [
        0,
        0,
        0,
        0,
        0,
        0,
        0
      ]
    }
  ]
}
