{
  "results": [
    {
      "command": "candidate",
      "mean": 4.4361751511400005,
      "stddev": 0.04996650960078449,
      "median": 4.4147964147400005,
      "user": 6.75818016,
      "system": 5.5373128000000005,
      "min": 4.40232898774,
      "max": 4.52420421574,
      "times": [
        4.52420421574,
        4.42673088274,
        4.4147964147400005,
        4.40232898774,
        4.41281525474
      ],
      "exit_codes": [
        0,
        0,
        0,
        0,
        0
      ]
    },
    {
      "command": "baseline",
      "mean": 4.4490487323400005,
      "stddev": 0.08204384556178136,
      "median": 4.46577506074,
      "user": 6.88564356,
      "system": 5.4668256,
      "min": 4.35012700874,
      "max": 4.54582893274,
      "times": [
        4.35012700874,
        4.3809832787400005,
        4.46577506074,
        4.54582893274,
        4.50252938074
      ],
      "exit_codes": [
        0,
        0,
        0,
        0,
        0
      ]
    }
  ]
}
