{
  "schema_version": "fr_bench_report/v1",
  "generated_at_ms": 1780908320876,
  "host": "127.0.0.1",
  "port": 26513,
  "workload": "get",
  "clients": 50,
  "requests": 1000000,
  "pipeline": 16,
  "keyspace": 10000,
  "datasize": 3,
  "read_percent": 50,
  "db": 0,
  "key_prefix": "fr1cbca-closeout-profile",
  "total_time_ms": 1406,
  "ops_per_sec": 710915.0022061114,
  "bytes_sent": 55888719,
  "bytes_received": 9000000,
  "latency_us": {
    "min": 47,
    "p50": 1057,
    "p95": 1495,
    "p99": 1827,
    "p999": 2297,
    "max": 3305,
    "mean": 1107.7943239999993,
    "samples": 1000000
  }
}