{
  "results": [
    {
      "command": "baseline-int",
      "mean": 1.0596516806200003,
      "stddev": 0.030850829053949966,
      "median": 1.05480804412,
      "user": 0.48316425999999996,
      "system": 0.045690339999999996,
      "min": 1.01079366012,
      "max": 1.11166252712,
      "times": [
        1.0714585731200001,
        1.0323538221200002,
        1.05955430712,
        1.0541053281200001,
        1.04484412812,
        1.05551076012,
        1.10675288912,
        1.11166252712,
        1.01079366012,
        1.04948081112
      ],
      "exit_codes": [
        0,
        0,
        0,
        0,
        0,
        0,
        0,
        0,
        0,
        0
      ]
    },
    {
      "command": "candidate-int",
      "mean": 0.73784346032,
      "stddev": 0.006253118475538395,
      "median": 0.7375646176200001,
      "user": 0.16581226,
      "system": 0.048075839999999995,
      "min": 0.7295353411200001,
      "max": 0.7480433341200001,
      "times": [
        0.7332913441200001,
        0.7295353411200001,
        0.7356332701200001,
        0.73949596512,
        0.7480433341200001,
        0.7297705871200001,
        0.7398209921200001,
        0.7417936081200001,
        0.7455968611200001,
        0.7354533001200001
      ],
      "exit_codes": [
        0,
        0,
        0,
        0,
        0,
        0,
        0,
        0,
        0,
        0
      ]
    }
  ]
}
