{
  "results": [
    {
      "command": "baseline-wide",
      "mean": 1.56403280954,
      "stddev": 0.017636249843413228,
      "median": 1.56837941754,
      "user": 0.9901469199999999,
      "system": 0.05555472,
      "min": 1.5366632135399998,
      "max": 1.59024039654,
      "times": [
        1.54431031554,
        1.5366632135399998,
        1.54635995854,
        1.5852002185399998,
        1.56797801154,
        1.55715765954,
        1.59024039654,
        1.56878082354,
        1.57374489654,
        1.5698926015399999
      ],
      "exit_codes": [
        0,
        0,
        0,
        0,
        0,
        0,
        0,
        0,
        0,
        0
      ]
    },
    {
      "command": "candidate-wide",
      "mean": 1.12693787964,
      "stddev": 0.01965869417290377,
      "median": 1.13190093154,
      "user": 0.55421732,
      "system": 0.05427881999999999,
      "min": 1.09543790954,
      "max": 1.1564061295399999,
      "times": [
        1.1317546085399999,
        1.1094207705399999,
        1.1346150065399998,
        1.13485370854,
        1.11703945154,
        1.13204725454,
        1.09543790954,
        1.10616320254,
        1.1516407545399998,
        1.1564061295399999
      ],
      "exit_codes": [
        0,
        0,
        0,
        0,
        0,
        0,
        0,
        0,
        0,
        0
      ]
    }
  ]
}
