{
  "results": [
    {
      "command": "baseline-str",
      "mean": 1.1157036070600002,
      "stddev": 0.022105204270372453,
      "median": 1.1128197982599999,
      "user": 0.5299766800000001,
      "system": 0.052399339999999996,
      "min": 1.09094747426,
      "max": 1.16391813326,
      "times": [
        1.16391813326,
        1.13343152426,
        1.12794939226,
        1.11412861626,
        1.09288048526,
        1.10369109926,
        1.11151098026,
        1.09094747426,
        1.11997730526,
        1.09860106026
      ],
      "exit_codes": [
        0,
        0,
        0,
        0,
        0,
        0,
        0,
        0,
        0,
        0
      ]
    },
    {
      "command": "candidate-str",
      "mean": 0.78355063626,
      "stddev": 0.01565005074789728,
      "median": 0.77912359526,
      "user": 0.21332707999999995,
      "system": 0.04335943999999999,
      "min": 0.76615063626,
      "max": 0.8183159532600001,
      "times": [
        0.77684577126,
        0.76868374326,
        0.77717480526,
        0.7778823742600001,
        0.78089439926,
        0.78036481626,
        0.76615063626,
        0.8183159532600001,
        0.80141320126,
        0.78778066226
      ],
      "exit_codes": [
        0,
        0,
        0,
        0,
        0,
        0,
        0,
        0,
        0,
        0
      ]
    }
  ]
}
