{
  "schema_version": "fr_bench_report/v1",
  "generated_at_ms": 1781069748118,
  "host": "127.0.0.1",
  "port": 6603,
  "workload": "set",
  "clients": 50,
  "requests": 1000000,
  "pipeline": 16,
  "keyspace": 10000,
  "datasize": 3,
  "read_percent": 50,
  "db": 0,
  "key_prefix": "ohsk5:p118:paired:base",
  "total_time_ms": 644,
  "ops_per_sec": 1551546.2988917315,
  "bytes_sent": 64338956,
  "bytes_received": 5000000,
  "latency_us": {
    "min": 50,
    "p50": 450,
    "p95": 802,
    "p99": 1229,
    "p999": 2321,
    "max": 3551,
    "mean": 499.31307299999975,
    "samples": 1000000
  }
}