{
  "schema_version": "fr_bench_report/v1",
  "generated_at_ms": 1781069752223,
  "host": "127.0.0.1",
  "port": 6604,
  "workload": "set",
  "clients": 50,
  "requests": 1000000,
  "pipeline": 16,
  "keyspace": 10000,
  "datasize": 3,
  "read_percent": 50,
  "db": 0,
  "key_prefix": "ohsk5:p118:paired:cand",
  "total_time_ms": 566,
  "ops_per_sec": 1765765.836269137,
  "bytes_sent": 64338974,
  "bytes_received": 5000000,
  "latency_us": {
    "min": 56,
    "p50": 420,
    "p95": 601,
    "p99": 814,
    "p999": 1423,
    "max": 2127,
    "mean": 439.8381200000001,
    "samples": 1000000
  }
}