{
  "results": [
    {
      "command": "target-icywolf-9mh3o-baseline/release/fr-zset-pack-harness 8192 48",
      "mean": 0.4479269321200001,
      "stddev": 0.01745245014706263,
      "median": 0.44594632342000007,
      "user": 0.39186114,
      "system": 0.054381479999999996,
      "min": 0.42540694842000004,
      "max": 0.47225926142,
      "times": [
        0.45696154542000006,
        0.44112818842000007,
        0.44931089542,
        0.43000673042000004,
        0.46243069942000004,
        0.44258175142000006,
        0.42783491242000005,
        0.47225926142,
        0.47134838842000004,
        0.42540694842000004
      ],
      "exit_codes": [
        0,
        0,
        0,
        0,
        0,
        0,
        0,
        0,
        0,
        0
      ]
    }
  ]
}
