{
  "results": [
    {
      "command": "target-icywolf-9mh3o-candidate2/release/fr-zset-pack-harness 8192 48",
      "mean": 0.36639813828,
      "stddev": 0.10728671312330197,
      "median": 0.28928185478,
      "user": 0.35022198,
      "system": 0.009801899999999999,
      "min": 0.27779089728,
      "max": 0.50377416228,
      "times": [
        0.28824444528,
        0.28130911028,
        0.28148422228000003,
        0.28520588028,
        0.27779089728,
        0.29031926428,
        0.45336029928000005,
        0.50203225428,
        0.5004608472800001,
        0.50377416228
      ],
      "exit_codes": [
        0,
        0,
        0,
        0,
        0,
        0,
        0,
        0,
        0,
        0
      ]
    }
  ]
}
