{
  "results": [
    {
      "command": "target-icywolf-9mh3o-baseline/release/fr-zset-pack-harness 8192 48",
      "mean": 0.4783697884200001,
      "stddev": 0.04142455673418596,
      "median": 0.46228492352000006,
      "user": 0.41730451,
      "system": 0.058402199999999994,
      "min": 0.44236995852000005,
      "max": 0.59364629552,
      "times": [
        0.46218998252000004,
        0.47557794652000007,
        0.46481659652000007,
        0.45345441852000007,
        0.45985089252000005,
        0.45869358152000006,
        0.4951021715200001,
        0.44236995852000005,
        0.44659072152000007,
        0.45422359652000005,
        0.46376133852000007,
        0.55987659252,
        0.54214190552,
        0.59364629552,
        0.50265620852,
        0.4622598365200001,
        0.46231001052000004,
        0.44441378952000005,
        0.47911460552000007,
        0.44434531952000006
      ],
      "exit_codes": [
        0,
        0,
        0,
        0,
        0,
        0,
        0,
        0,
        0,
        0,
        0,
        0,
        0,
        0,
        0,
        0,
        0,
        0,
        0,
        0
      ]
    },
    {
      "command": "target-icywolf-9mh3o-candidate2/release/fr-zset-pack-harness 8192 48",
      "mean": 0.2905662117700001,
      "stddev": 0.014807051204859452,
      "median": 0.28770451852,
      "user": 0.27992775999999997,
      "system": 0.009593099999999997,
      "min": 0.27784942052000006,
      "max": 0.34570517552,
      "times": [
        0.29121483152000005,
        0.29081657652000004,
        0.28731533652,
        0.27805263452000006,
        0.29657466252000003,
        0.28477988552000005,
        0.29812399652000005,
        0.28809370052000005,
        0.29254093352000005,
        0.28727402852000006,
        0.27832144352000004,
        0.29783528952000005,
        0.34570517552,
        0.28143299652000003,
        0.29274637252,
        0.27843205352000006,
        0.28679676452,
        0.27784942052000006,
        0.29843587752000006,
        0.27898225552000006
      ],
      "exit_codes": [
        0,
        0,
        0,
        0,
        0,
        0,
        0,
        0,
        0,
        0,
        0,
        0,
        0,
        0,
        0,
        0,
        0,
        0,
        0,
        0
      ]
    }
  ]
}
