{
  "results": [
    {
      "command": "target-icywolf-9mh3o-baseline/release/fr-zset-pack-harness 8192 48",
      "mean": 0.46367724285999995,
      "stddev": 0.015982673984652834,
      "median": 0.45564021416,
      "user": 0.40482956000000003,
      "system": 0.057818539999999995,
      "min": 0.44495116016,
      "max": 0.48954618016,
      "times": [
        0.48055024216000003,
        0.48130265716000004,
        0.45727199416000003,
        0.44495116016,
        0.45357519316,
        0.45400843416000003,
        0.45127867416,
        0.47416061016,
        0.45012728316,
        0.48954618016
      ],
      "exit_codes": [
        0,
        0,
        0,
        0,
        0,
        0,
        0,
        0,
        0,
        0
      ]
    },
    {
      "command": "target-icywolf-9mh3o-candidate-after-ubs/release/fr-zset-pack-harness 8192 48",
      "mean": 0.29107879845999995,
      "stddev": 0.009514202840854568,
      "median": 0.29096932416,
      "user": 0.28194006000000005,
      "system": 0.00834784,
      "min": 0.27801769916,
      "max": 0.30425150516,
      "times": [
        0.29117535016,
        0.29366559516,
        0.28907422016,
        0.30425150516,
        0.30368392016,
        0.27801769916,
        0.28117667216,
        0.29076329816,
        0.27954605416,
        0.29943367016
      ],
      "exit_codes": [
        0,
        0,
        0,
        0,
        0,
        0,
        0,
        0,
        0,
        0
      ]
    }
  ]
}
