{
  "schema_version": "fr_bench_report/v1",
  "generated_at_ms": 1781066472335,
  "host": "127.0.0.1",
  "port": 27035,
  "workload": "set",
  "clients": 50,
  "requests": 1000000,
  "pipeline": 16,
  "keyspace": 10000,
  "datasize": 3,
  "read_percent": 50,
  "db": 0,
  "key_prefix": "ohsk5-p114-rev-base",
  "total_time_ms": 606,
  "ops_per_sec": 1647915.5220760424,
  "bytes_sent": 61338780,
  "bytes_received": 5000000,
  "latency_us": {
    "min": 51,
    "p50": 452,
    "p95": 669,
    "p99": 934,
    "p999": 1770,
    "max": 3281,
    "mean": 471.66192600000005,
    "samples": 1000000
  }
}