{
  "schema_version": "fr_bench_report/v1",
  "generated_at_ms": 1781066461701,
  "host": "127.0.0.1",
  "port": 27034,
  "workload": "set",
  "clients": 50,
  "requests": 1000000,
  "pipeline": 16,
  "keyspace": 10000,
  "datasize": 3,
  "read_percent": 50,
  "db": 0,
  "key_prefix": "ohsk5-p114-rev-cand",
  "total_time_ms": 1215,
  "ops_per_sec": 822735.2649047859,
  "bytes_sent": 61338670,
  "bytes_received": 5000000,
  "latency_us": {
    "min": 97,
    "p50": 902,
    "p95": 1300,
    "p99": 1967,
    "p999": 3205,
    "max": 3775,
    "mean": 957.7839960000022,
    "samples": 1000000
  }
}