{
  "schema_version": "fr_bench_report/v1",
  "generated_at_ms": 1781152496482,
  "host": "127.0.0.1",
  "port": 26848,
  "workload": "get",
  "clients": 50,
  "requests": 1000000,
  "pipeline": 16,
  "keyspace": 10000,
  "datasize": 3,
  "read_percent": 50,
  "db": 0,
  "key_prefix": "fr6zalg_rev_cur_",
  "total_time_ms": 730,
  "ops_per_sec": 1369003.8156518408,
  "bytes_sent": 47888463,
  "bytes_received": 9000000,
  "latency_us": {
    "min": 40,
    "p50": 528,
    "p95": 888,
    "p99": 1522,
    "p999": 2823,
    "max": 3423,
    "mean": 569.2314050000006,
    "samples": 1000000
  }
}