{
  "schema_version": "fr_bench_report/v1",
  "generated_at_ms": 1781068184314,
  "host": "127.0.0.1",
  "port": 6583,
  "workload": "set",
  "clients": 50,
  "requests": 1000000,
  "pipeline": 16,
  "keyspace": 10000,
  "datasize": 3,
  "read_percent": 50,
  "db": 0,
  "key_prefix": "ohsk5:p116:rev:base",
  "total_time_ms": 714,
  "ops_per_sec": 1398728.8002980691,
  "bytes_sent": 61338984,
  "bytes_received": 5000000,
  "latency_us": {
    "min": 43,
    "p50": 499,
    "p95": 1019,
    "p99": 1472,
    "p999": 2195,
    "max": 3511,
    "mean": 555.7251680000007,
    "samples": 1000000
  }
}