{
  "schema_version": "fr_bench_report/v1",
  "generated_at_ms": 1781068179939,
  "host": "127.0.0.1",
  "port": 6582,
  "workload": "set",
  "clients": 50,
  "requests": 1000000,
  "pipeline": 16,
  "keyspace": 10000,
  "datasize": 3,
  "read_percent": 50,
  "db": 0,
  "key_prefix": "ohsk5:p116:rev:cand",
  "total_time_ms": 617,
  "ops_per_sec": 1618138.5512752475,
  "bytes_sent": 61339270,
  "bytes_received": 5000000,
  "latency_us": {
    "min": 58,
    "p50": 460,
    "p95": 677,
    "p99": 868,
    "p999": 1827,
    "max": 2509,
    "mean": 480.82307800000007,
    "samples": 1000000
  }
}