{
  "results": [
    {
      "command": "OUT=artifacts/optimization/frankenredis-ohsk5/pass116/reversed SERVER=/tmp/rch_target_fr_ohsk5_p116_candidate3/release-perf/frankenredis BENCH=/tmp/rch_target_fr_ohsk5_p116_candidate3/release-perf/fr-bench PORT=6582 WORKLOAD=set REQUESTS=1000000 JSON_OUT=artifacts/optimization/frankenredis-ohsk5/pass116/reversed/candidate-set-p16-c50-1m-last.json KEY_PREFIX=ohsk5:p116:rev:cand artifacts/optimization/frankenredis-zhphm/pass1/run_fr_bench_once.sh",
      "mean": 0.7058205262000001,
      "stddev": 0.01955792427587512,
      "median": 0.7006869594,
      "user": 1.15189756,
      "system": 2.29698894,
      "min": 0.6870535634,
      "max": 0.7369014514000001,
      "times": [
        0.7369014514000001,
        0.7111660504,
        0.7006869594,
        0.6932946064000001,
        0.6870535634
      ],
      "exit_codes": [
        0,
        0,
        0,
        0,
        0
      ]
    },
    {
      "command": "OUT=artifacts/optimization/frankenredis-ohsk5/pass116/reversed SERVER=/tmp/rch_target_fr_ohsk5_p116_current/release-perf/frankenredis BENCH=/tmp/rch_target_fr_ohsk5_p116_current/release-perf/fr-bench PORT=6583 WORKLOAD=set REQUESTS=1000000 JSON_OUT=artifacts/optimization/frankenredis-ohsk5/pass116/reversed/baseline-set-p16-c50-1m-last.json KEY_PREFIX=ohsk5:p116:rev:base artifacts/optimization/frankenredis-zhphm/pass1/run_fr_bench_once.sh",
      "mean": 0.7292485620000001,
      "stddev": 0.042499907420886086,
      "median": 0.7387550094,
      "user": 1.2451631600000002,
      "system": 2.50647034,
      "min": 0.6743433964000001,
      "max": 0.7833486724000001,
      "times": [
        0.6743433964000001,
        0.7008631024,
        0.7489326294,
        0.7387550094,
        0.7833486724000001
      ],
      "exit_codes": [
        0,
        0,
        0,
        0,
        0
      ]
    }
  ]
}
