{
  "schema_version": "fr_bench_report/v1",
  "generated_at_ms": 1781060148502,
  "host": "127.0.0.1",
  "port": 32110,
  "workload": "set",
  "clients": 50,
  "requests": 1000000,
  "pipeline": 16,
  "keyspace": 10000,
  "datasize": 3,
  "read_percent": 50,
  "db": 0,
  "key_prefix": "zhphm-p109-current",
  "total_time_ms": 968,
  "ops_per_sec": 1032940.0704615524,
  "bytes_sent": 60339410,
  "bytes_received": 5000000,
  "latency_us": {
    "min": 71,
    "p50": 720,
    "p95": 1017,
    "p99": 1403,
    "p999": 2905,
    "max": 3923,
    "mean": 760.4765209999987,
    "samples": 1000000
  }
}