{
  "schema_version": "fr_bench_report/v1",
  "generated_at_ms": 1781060153781,
  "host": "127.0.0.1",
  "port": 32111,
  "workload": "set",
  "clients": 50,
  "requests": 1000000,
  "pipeline": 16,
  "keyspace": 10000,
  "datasize": 3,
  "read_percent": 50,
  "db": 0,
  "key_prefix": "zhphm-p109-workerpool",
  "total_time_ms": 950,
  "ops_per_sec": 1052132.91335428,
  "bytes_sent": 63339203,
  "bytes_received": 5000000,
  "latency_us": {
    "min": 52,
    "p50": 691,
    "p95": 1175,
    "p99": 1699,
    "p999": 2641,
    "max": 4283,
    "mean": 744.9122749999989,
    "samples": 1000000
  }
}