{
  "results": [
    {
      "command": "baseline",
      "mean": 3.66958152164,
      "stddev": 0.06459178350819068,
      "median": 3.69022730844,
      "user": 2.9771929800000003,
      "system": 0.60381836,
      "min": 3.56255962044,
      "max": 3.71809761244,
      "times": [
        3.71798996944,
        3.56255962044,
        3.65903309744,
        3.69022730844,
        3.71809761244
      ],
      "exit_codes": [
        0,
        0,
        0,
        0,
        0
      ]
    },
    {
      "command": "candidate",
      "mean": 0.74172819764,
      "stddev": 0.04458584334246139,
      "median": 0.7500376574400001,
      "user": 0.26151877999999995,
      "system": 0.4437859599999999,
      "min": 0.6762975954400001,
      "max": 0.79523109144,
      "times": [
        0.7500376574400001,
        0.79523109144,
        0.76267202044,
        0.7244026234400001,
        0.6762975954400001
      ],
      "exit_codes": [
        0,
        0,
        0,
        0,
        0
      ]
    }
  ]
}
