{
  "results": [
    {
      "command": "OUT=artifacts/optimization/frankenredis-zhphm/pass3/candidate SERVER=/tmp/rch_target_fr_zhphm_p3_candidate/release-perf/frankenredis BENCH=/tmp/rch_target_fr_zhphm_p3_candidate/release-perf/fr-bench PORT=26843 WORKLOAD=set REQUESTS=1000000 JSON_OUT=artifacts/optimization/frankenredis-zhphm/pass3/candidate/candidate-set-p16-1m-last.json KEY_PREFIX=zhphm-p3-cand artifacts/optimization/frankenredis-zhphm/pass1/run_fr_bench_once.sh",
      "mean": 1.192785532285,
      "stddev": 0.01892838054988061,
      "median": 1.19621426366,
      "user": 1.2557849300000001,
      "system": 2.072887635,
      "min": 1.16043693166,
      "max": 1.21161162666,
      "times": [
        1.21161162666,
        1.2098034716600001,
        1.16926684566,
        1.20794905966,
        1.16043693166,
        1.19434925066,
        1.19807927666,
        1.19078779566
      ],
      "exit_codes": [
        0,
        0,
        0,
        0,
        0,
        0,
        0,
        0
      ]
    }
  ]
}
