{
  "schema_version": "fr_bench_report/v1",
  "generated_at_ms": 1781034007888,
  "host": "127.0.0.1",
  "port": 26843,
  "workload": "set",
  "clients": 50,
  "requests": 1000000,
  "pipeline": 16,
  "keyspace": 10000,
  "datasize": 3,
  "read_percent": 50,
  "db": 0,
  "key_prefix": "zhphm-p3-cand",
  "total_time_ms": 1118,
  "ops_per_sec": 893759.5966598792,
  "bytes_sent": 55338829,
  "bytes_received": 5000000,
  "latency_us": {
    "min": 33,
    "p50": 843,
    "p95": 1156,
    "p99": 1555,
    "p999": 2255,
    "max": 4131,
    "mean": 881.078394000001,
    "samples": 1000000
  }
}