{
  "schema_version": "fr_bench_report/v1",
  "generated_at_ms": 1781845565472,
  "host": "127.0.0.1",
  "port": 45601,
  "workload": "set",
  "clients": 4,
  "requests": 80000,
  "pipeline": 128,
  "keyspace": 10000,
  "datasize": 3,
  "read_percent": 50,
  "db": 0,
  "key_prefix": "fr:087qq:set:p128:redis",
  "total_time_ms": 42,
  "ops_per_sec": 1896334.1892674738,
  "trials": 5,
  "cv_pct": 13.148141524214097,
  "ops_per_sec_samples": [
    1457016.2096513738,
    1822864.0931775211,
    1896334.1892674738,
    1937682.5781409254,
    2115904.990681951
  ],
  "bytes_sent": 5227146,
  "bytes_received": 400000,
  "latency_us": {
    "min": 72,
    "p50": 195,
    "p95": 295,
    "p99": 390,
    "p999": 440,
    "max": 447,
    "mean": 210.39528749999977,
    "samples": 80000
  }
}