{
  "schema_version": "fr_bench_report/v1",
  "generated_at_ms": 1781845555702,
  "host": "127.0.0.1",
  "port": 45601,
  "workload": "get",
  "clients": 4,
  "requests": 80000,
  "pipeline": 128,
  "keyspace": 10000,
  "datasize": 3,
  "read_percent": 50,
  "db": 0,
  "key_prefix": "fr:087qq:get:p128:redis",
  "total_time_ms": 34,
  "ops_per_sec": 2313188.9562229277,
  "trials": 5,
  "cv_pct": 8.970994627769421,
  "ops_per_sec_samples": [
    2374712.259083957,
    2487849.2664374304,
    2313188.9562229277,
    1942018.2769651606,
    2291850.4862060538
  ],
  "bytes_sent": 4391097,
  "bytes_received": 720000,
  "latency_us": {
    "min": 45,
    "p50": 165,
    "p95": 240,
    "p99": 277,
    "p999": 319,
    "max": 323,
    "mean": 176.37485,
    "samples": 80000
  }
}