{
  "results": [
    {
      "command": "target/pass41-smallstr-baseline/release/fr-smallstr-pass41-harness 300000",
      "mean": 0.35531768656333335,
      "stddev": 0.024359504729994697,
      "median": 0.35652144848,
      "user": 0.27833627,
      "system": 0.07430942666666666,
      "min": 0.32575327448,
      "max": 0.41032407648,
      "times": [
        0.37187473148,
        0.32575327448,
        0.35511258948,
        0.33964902748,
        0.33967221148,
        0.35793030748,
        0.33441394048,
        0.32957967348,
        0.38244422348,
        0.35891913048,
        0.35813905248,
        0.41032407648
      ],
      "exit_codes": [
        0,
        0,
        0,
        0,
        0,
        0,
        0,
        0,
        0,
        0,
        0,
        0
      ]
    },
    {
      "command": "target/pass41-smallstr-candidate/release/fr-smallstr-pass41-harness 300000",
      "mean": 0.36215970373,
      "stddev": 0.018134915241454674,
      "median": 0.36569903848,
      "user": 0.2862069366666667,
      "system": 0.07333901000000001,
      "min": 0.33309890948,
      "max": 0.39153954248,
      "times": [
        0.36948856148,
        0.37749859448,
        0.34676118948,
        0.36363044548,
        0.33309890948,
        0.34458689048,
        0.36927809248,
        0.34521589248,
        0.35088177548,
        0.36776763148,
        0.39153954248,
        0.38616891948
      ],
      "exit_codes": [
        0,
        0,
        0,
        0,
        0,
        0,
        0,
        0,
        0,
        0,
        0,
        0
      ]
    }
  ]
}
