{
  "results": [
    {
      "command": "target/pass41-smallstr-baseline/release/fr-smallstr-pass41-harness 1000000",
      "mean": 1.33706243159,
      "stddev": 0.053443602003706195,
      "median": 1.34657193484,
      "user": 1.05444795,
      "system": 0.27572113,
      "min": 1.25592176334,
      "max": 1.39661209034,
      "times": [
        1.3813364453399999,
        1.39661209034,
        1.3908525593399998,
        1.34537647534,
        1.34776739434,
        1.30086842534,
        1.2777642993399998,
        1.25592176334
      ],
      "exit_codes": [
        0,
        0,
        0,
        0,
        0,
        0,
        0,
        0
      ]
    },
    {
      "command": "target/pass41-smallstr-candidate/release/fr-smallstr-pass41-harness 1000000",
      "mean": 1.17338564809,
      "stddev": 0.019855512464714942,
      "median": 1.1718545063399999,
      "user": 0.9193866999999999,
      "system": 0.25080763,
      "min": 1.14393384734,
      "max": 1.20399843534,
      "times": [
        1.17415850134,
        1.1554473373399998,
        1.1658713623399999,
        1.19674421434,
        1.16955051134,
        1.14393384734,
        1.20399843534,
        1.17738097534
      ],
      "exit_codes": [
        0,
        0,
        0,
        0,
        0,
        0,
        0,
        0
      ]
    }
  ]
}
