{
  "hset": {
    "control": {
      "cv_pct": 3.0378476545710718,
      "ops_per_sec": 858384.1787664024,
      "samples": [
        884930.3346115985,
        851434.5335137489,
        885047.1496478315,
        822460.8058564736,
        858384.1787664024
      ]
    },
    "current": {
      "cv_pct": 8.91883000228861,
      "ops_per_sec": 908586.2224838184,
      "samples": [
        883892.8384821957,
        969995.2061866915,
        1082969.154872531,
        883775.1537432933,
        908586.2224838184
      ]
    },
    "current_over_control": 1.058484353462295
  },
  "set": {
    "control": {
      "cv_pct": 3.996012741029123,
      "ops_per_sec": 983672.4086007829,
      "samples": [
        920105.3451919046,
        1011218.6586723136,
        1020714.5790044687,
        983672.4086007829,
        981296.2610247532
      ]
    },
    "current": {
      "cv_pct": 2.9310185340583503,
      "ops_per_sec": 1098603.827972981,
      "samples": [
        1062210.943855258,
        1143359.3977733967,
        1070442.6096788521,
        1098603.827972981,
        1105100.1439908652
      ]
    },
    "current_over_control": 1.116839120795999
  }
}