{
  "schema_version": "fr_bench_report/v1",
  "generated_at_ms": 1781062794341,
  "host": "127.0.0.1",
  "port": 26985,
  "workload": "set",
  "clients": 50,
  "requests": 1000000,
  "pipeline": 16,
  "keyspace": 10000,
  "datasize": 3,
  "read_percent": 50,
  "db": 0,
  "key_prefix": "ohsk5-p111-rev-base",
  "total_time_ms": 735,
  "ops_per_sec": 1360225.4086109987,
  "bytes_sent": 61338793,
  "bytes_received": 5000000,
  "latency_us": {
    "min": 52,
    "p50": 532,
    "p95": 895,
    "p99": 1297,
    "p999": 2085,
    "max": 2885,
    "mean": 575.3568870000007,
    "samples": 1000000
  }
}