{
  "schema_version": "fr_bench_report/v1",
  "generated_at_ms": 1781140227822,
  "host": "127.0.0.1",
  "port": 6720,
  "workload": "set",
  "clients": 50,
  "requests": 1000000,
  "pipeline": 16,
  "keyspace": 10000,
  "datasize": 3,
  "read_percent": 50,
  "db": 0,
  "key_prefix": "ohsk5:p127:baseline",
  "total_time_ms": 1102,
  "ops_per_sec": 907323.1367802732,
  "bytes_sent": 61339415,
  "bytes_received": 5000000,
  "latency_us": {
    "min": 58,
    "p50": 822,
    "p95": 1365,
    "p99": 2177,
    "p999": 3623,
    "max": 5343,
    "mean": 862.3746380000011,
    "samples": 1000000
  }
}