{
  "schema_version": "fr_bench_report/v1",
  "generated_at_ms": 1780810420360,
  "host": "127.0.0.1",
  "port": 16457,
  "workload": "get",
  "clients": 50,
  "requests": 300000,
  "pipeline": 16,
  "keyspace": 10000,
  "datasize": 3,
  "read_percent": 50,
  "db": 0,
  "key_prefix": "xssbh:get",
  "total_time_ms": 485,
  "ops_per_sec": 618433.9106591861,
  "bytes_sent": 12266824,
  "bytes_received": 2700000,
  "latency_us": {
    "min": 85,
    "p50": 1224,
    "p95": 1626,
    "p99": 1924,
    "p999": 2341,
    "max": 3175,
    "mean": 1262.235323333335,
    "samples": 300000
  }
}