{
  "schema_version": "fr_bench_report/v1",
  "generated_at_ms": 1780810479930,
  "host": "127.0.0.1",
  "port": 16457,
  "workload": "get",
  "clients": 50,
  "requests": 1000000,
  "pipeline": 16,
  "keyspace": 10000,
  "datasize": 3,
  "read_percent": 50,
  "db": 0,
  "key_prefix": "xssbh:get:rev",
  "total_time_ms": 1509,
  "ops_per_sec": 662673.8389879625,
  "bytes_sent": 44889238,
  "bytes_received": 9000000,
  "latency_us": {
    "min": 41,
    "p50": 1139,
    "p95": 1555,
    "p99": 1988,
    "p999": 2921,
    "max": 6035,
    "mean": 1191.9712439999998,
    "samples": 1000000
  }
}