{
  "schema_version": "fr_bench_report/v1",
  "generated_at_ms": 1780810460966,
  "host": "127.0.0.1",
  "port": 16458,
  "workload": "get",
  "clients": 50,
  "requests": 1000000,
  "pipeline": 16,
  "keyspace": 10000,
  "datasize": 3,
  "read_percent": 50,
  "db": 0,
  "key_prefix": "xssbh:get:rev",
  "total_time_ms": 1572,
  "ops_per_sec": 636127.5967659632,
  "bytes_sent": 44889074,
  "bytes_received": 9000000,
  "latency_us": {
    "min": 41,
    "p50": 1178,
    "p95": 1655,
    "p99": 1988,
    "p999": 2645,
    "max": 3981,
    "mean": 1242.6929959999989,
    "samples": 1000000
  }
}