{
  "schema_version": "fr_bench_report/v1",
  "generated_at_ms": 1781065315875,
  "host": "127.0.0.1",
  "port": 27012,
  "workload": "set",
  "clients": 50,
  "requests": 3000000,
  "pipeline": 16,
  "keyspace": 10000,
  "datasize": 3,
  "read_percent": 50,
  "db": 0,
  "key_prefix": "ohsk5-p113-profile2",
  "total_time_ms": 2287,
  "ops_per_sec": 1311240.5925841355,
  "bytes_sent": 185116375,
  "bytes_received": 15000000,
  "latency_us": {
    "min": 33,
    "p50": 569,
    "p95": 884,
    "p99": 1216,
    "p999": 2307,
    "max": 21183,
    "mean": 599.6413956666669,
    "samples": 3000000
  }
}