{
  "results": [
    {
      "command": "baseline",
      "mean": 7.05104282934,
      "stddev": 0.04988641978842276,
      "median": 7.016278177939999,
      "user": 2.55425242,
      "system": 4.46987026,
      "min": 7.01222056694,
      "max": 7.10739969594,
      "times": [
        7.10389774894,
        7.01222056694,
        7.10739969594,
        7.0154179569399995,
        7.016278177939999
      ],
      "exit_codes": [
        0,
        0,
        0,
        0,
        0
      ]
    },
    {
      "command": "candidate",
      "mean": 7.096990193740001,
      "stddev": 0.048938118171916865,
      "median": 7.09664764594,
      "user": 2.53684102,
      "system": 4.5326796599999994,
      "min": 7.02236218194,
      "max": 7.15496593794,
      "times": [
        7.12137315094,
        7.09664764594,
        7.15496593794,
        7.08960205194,
        7.02236218194
      ],
      "exit_codes": [
        0,
        0,
        0,
        0,
        0
      ]
    }
  ]
}
