{
  "results": [
    {
      "command": "baseline",
      "mean": 7.061054962273334,
      "stddev": 0.055398676085223385,
      "median": 7.0694896619400005,
      "user": 2.605203,
      "system": 4.42749316,
      "min": 7.00192263094,
      "max": 7.11175259394,
      "times": [
        7.0694896619400005,
        7.11175259394,
        7.00192263094
      ],
      "exit_codes": [
        0,
        0,
        0
      ]
    }
  ]
}
