{
  "results": [
    {
      "command": "/data/tmp/frankenredis-cms7p-baseline-target/release/fr-bench --port 25221 --workload lpush --clients 50 --pipeline 16 --requests 1000000 --keyspace 100000 --key-prefix cms7p:base --json-out artifacts/optimization/frankenredis-cms7p/baseline-run2/lpush-p16-c50-n1m-last.json",
      "mean": 1.472218749237143,
      "stddev": 0.07734294852665577,
      "median": 1.4366307343800002,
      "user": 0.7486438485714285,
      "system": 1.1527520457142857,
      "min": 1.38518615838,
      "max": 1.5538102003800003,
      "times": [
        1.5525086163800002,
        1.5535756073800002,
        1.5538102003800003,
        1.38518615838,
        1.4170842383800002,
        1.40673568938,
        1.4366307343800002
      ],
      "exit_codes": [
        0,
        0,
        0,
        0,
        0,
        0,
        0
      ]
    }
  ]
}
