{
  "schema_version": "fr_bench_report/v1",
  "generated_at_ms": 1781352971153,
  "host": "127.0.0.1",
  "port": 25221,
  "workload": "lpush",
  "clients": 50,
  "requests": 1000000,
  "pipeline": 16,
  "keyspace": 100000,
  "datasize": 3,
  "read_percent": 50,
  "db": 0,
  "key_prefix": "cms7p:base",
  "total_time_ms": 1434,
  "ops_per_sec": 697001.3241017794,
  "bytes_sent": 53339014,
  "bytes_received": 4179193,
  "latency_us": {
    "min": 93,
    "p50": 1077,
    "p95": 1236,
    "p99": 3573,
    "p999": 5863,
    "max": 6175,
    "mean": 1135.5820780000008,
    "samples": 1000000
  }
}