{
  "schema_version": "fr_bench_report/v1",
  "generated_at_ms": 1780504544298,
  "host": "127.0.0.1",
  "port": 20321,
  "workload": "set",
  "clients": 50,
  "requests": 100000,
  "pipeline": 16,
  "keyspace": 10000,
  "datasize": 3,
  "read_percent": 50,
  "db": 0,
  "key_prefix": "icywolf-pass21-direct",
  "total_time_ms": 436,
  "ops_per_sec": 228872.3059357902,
  "bytes_sent": 6238951,
  "bytes_received": 500000,
  "latency_us": {
    "min": 153,
    "p50": 3309,
    "p95": 4635,
    "p99": 5719,
    "p999": 7843,
    "max": 8171,
    "mean": 3410.8374800000042,
    "samples": 100000
  }
}