{
  "schema_version": "fr_bench_report/v1",
  "generated_at_ms": 1780504878509,
  "host": "127.0.0.1",
  "port": 20325,
  "workload": "set",
  "clients": 50,
  "requests": 8000000,
  "pipeline": 16,
  "keyspace": 10000,
  "datasize": 3,
  "read_percent": 50,
  "db": 0,
  "key_prefix": "icywolf-pass21-gdb",
  "total_time_ms": 44074,
  "ops_per_sec": 181512.8019080562,
  "bytes_sent": 489562342,
  "bytes_received": 40000000,
  "latency_us": {
    "min": 87,
    "p50": 3099,
    "p95": 4331,
    "p99": 5095,
    "p999": 445183,
    "max": 976895,
    "mean": 4396.657166499993,
    "samples": 8000000
  }
}