{
  "results": [
    {
      "command": "env OUT=artifacts/optimization/frankenredis-zhphm/pass1/candidate SERVER=/tmp/rch_target_fr_zhphm_candidate/release-perf/frankenredis BENCH=/tmp/rch_target_fr_zhphm_candidate/release-perf/fr-bench PORT=26752 WORKLOAD=set REQUESTS=1000000 JSON_OUT=artifacts/optimization/frankenredis-zhphm/pass1/candidate/candidate-set-p16-1m-last.json KEY_PREFIX=zhphm-candidate artifacts/optimization/frankenredis-zhphm/pass1/run_fr_bench_once.sh",
      "mean": 1.5253843488299998,
      "stddev": 0.12954851870259942,
      "median": 1.5296867000799999,
      "user": 1.640032755,
      "system": 2.67130318,
      "min": 1.3659215920799999,
      "max": 1.69662643708,
      "times": [
        1.5837891570799998,
        1.47558424308,
        1.4069892740799999,
        1.3659215920799999,
        1.5958192630799999,
        1.6760622270799999,
        1.69662643708,
        1.40228259708
      ],
      "exit_codes": [
        0,
        0,
        0,
        0,
        0,
        0,
        0,
        0
      ]
    }
  ]
}
