{
  "schema_version": "fr_bench_report/v1",
  "generated_at_ms": 1781030905094,
  "host": "127.0.0.1",
  "port": 26752,
  "workload": "set",
  "clients": 50,
  "requests": 1000000,
  "pipeline": 16,
  "keyspace": 10000,
  "datasize": 3,
  "read_percent": 50,
  "db": 0,
  "key_prefix": "zhphm-candidate",
  "total_time_ms": 1383,
  "ops_per_sec": 723006.7534361773,
  "bytes_sent": 57339543,
  "bytes_received": 5000000,
  "latency_us": {
    "min": 51,
    "p50": 1015,
    "p95": 1495,
    "p99": 2017,
    "p999": 2991,
    "max": 3939,
    "mean": 1088.0389639999973,
    "samples": 1000000
  }
}