{
  "schema_version": "fr_bench_report/v1",
  "generated_at_ms": 1781061517562,
  "host": "127.0.0.1",
  "port": 26963,
  "workload": "set",
  "clients": 50,
  "requests": 1000000,
  "pipeline": 16,
  "keyspace": 10000,
  "datasize": 3,
  "read_percent": 50,
  "db": 0,
  "key_prefix": "zhphm-p110-rev-cand",
  "total_time_ms": 1039,
  "ops_per_sec": 962245.2649192705,
  "bytes_sent": 61339381,
  "bytes_received": 5000000,
  "latency_us": {
    "min": 59,
    "p50": 786,
    "p95": 1016,
    "p99": 1511,
    "p999": 2649,
    "max": 4703,
    "mean": 816.3307879999996,
    "samples": 1000000
  }
}