{
  "schema_version": "fr_bench_report/v1",
  "generated_at_ms": 1781577473515,
  "host": "127.0.0.1",
  "port": 28840,
  "workload": "incr",
  "clients": 50,
  "requests": 60000,
  "pipeline": 1,
  "keyspace": 10000,
  "datasize": 32,
  "read_percent": 50,
  "db": 0,
  "key_prefix": "pass217:fr:incr:p1:",
  "total_time_ms": 706,
  "ops_per_sec": 84877.501585586,
  "bytes_sent": 3173467,
  "bytes_received": 241593,
  "latency_us": {
    "min": 40,
    "p50": 559,
    "p95": 751,
    "p99": 897,
    "p999": 1070,
    "max": 2187,
    "mean": 583.3019833333332,
    "samples": 60000
  }
}