{
  "schema_version": "fr_bench_report/v1",
  "generated_at_ms": 1781577470577,
  "host": "127.0.0.1",
  "port": 28840,
  "workload": "set",
  "clients": 50,
  "requests": 60000,
  "pipeline": 1,
  "keyspace": 10000,
  "datasize": 32,
  "read_percent": 50,
  "db": 0,
  "key_prefix": "pass217:fr:set:p1:",
  "total_time_ms": 768,
  "ops_per_sec": 78058.60851085238,
  "bytes_sent": 5333242,
  "bytes_received": 300000,
  "latency_us": {
    "min": 79,
    "p50": 578,
    "p95": 816,
    "p99": 1061,
    "p999": 2423,
    "max": 26495,
    "mean": 634.7636166666648,
    "samples": 60000
  }
}