{
  "schema_version": "fr_bench_report/v1",
  "generated_at_ms": 1781577488134,
  "host": "127.0.0.1",
  "port": 28841,
  "workload": "get",
  "clients": 50,
  "requests": 60000,
  "pipeline": 4,
  "keyspace": 10000,
  "datasize": 32,
  "read_percent": 50,
  "db": 0,
  "key_prefix": "pass217:redis:get:p4:",
  "total_time_ms": 206,
  "ops_per_sec": 291227.8685810362,
  "bytes_sent": 3173290,
  "bytes_received": 2340000,
  "latency_us": {
    "min": 49,
    "p50": 633,
    "p95": 913,
    "p99": 1285,
    "p999": 1717,
    "max": 2447,
    "mean": 666.5649833333339,
    "samples": 60000
  }
}