{
  "schema_version": "fr_bench_report/v1",
  "generated_at_ms": 1781577469806,
  "host": "127.0.0.1",
  "port": 28841,
  "workload": "set",
  "clients": 50,
  "requests": 60000,
  "pipeline": 1,
  "keyspace": 10000,
  "datasize": 32,
  "read_percent": 50,
  "db": 0,
  "key_prefix": "pass217:redis:set:p1:",
  "total_time_ms": 730,
  "ops_per_sec": 82126.45114256769,
  "bytes_sent": 5513249,
  "bytes_received": 300000,
  "latency_us": {
    "min": 33,
    "p50": 569,
    "p95": 829,
    "p99": 1129,
    "p999": 1523,
    "max": 2205,
    "mean": 602.3197166666667,
    "samples": 60000
  }
}