{
  "schema_version": "fr_bench_report/v1",
  "generated_at_ms": 1781577492725,
  "host": "127.0.0.1",
  "port": 28841,
  "workload": "set",
  "clients": 50,
  "requests": 60000,
  "pipeline": 16,
  "keyspace": 10000,
  "datasize": 32,
  "read_percent": 50,
  "db": 0,
  "key_prefix": "pass217:redis:set:p16:",
  "total_time_ms": 77,
  "ops_per_sec": 773513.5850321614,
  "bytes_sent": 5573363,
  "bytes_received": 300000,
  "latency_us": {
    "min": 41,
    "p50": 868,
    "p95": 1464,
    "p99": 1922,
    "p999": 2373,
    "max": 2473,
    "mean": 945.3380000000003,
    "samples": 60000
  }
}