{
  "schema_version": "fr_bench_report/v1",
  "generated_at_ms": 1781577531174,
  "host": "127.0.0.1",
  "port": 28851,
  "workload": "set",
  "clients": 50,
  "requests": 120000,
  "pipeline": 1,
  "keyspace": 10000,
  "datasize": 32,
  "read_percent": 50,
  "db": 0,
  "key_prefix": "pass217:setp1:redis:2:",
  "total_time_ms": 1373,
  "ops_per_sec": 87345.94973177122,
  "bytes_sent": 11146728,
  "bytes_received": 600000,
  "latency_us": {
    "min": 26,
    "p50": 541,
    "p95": 717,
    "p99": 1070,
    "p999": 1302,
    "max": 1781,
    "mean": 568.6422249999985,
    "samples": 120000
  }
}