{
  "schema_version": "fr_bench_report/v1",
  "generated_at_ms": 1781577532606,
  "host": "127.0.0.1",
  "port": 28850,
  "workload": "set",
  "clients": 50,
  "requests": 120000,
  "pipeline": 1,
  "keyspace": 10000,
  "datasize": 32,
  "read_percent": 50,
  "db": 0,
  "key_prefix": "pass217:setp1:fr:2:",
  "total_time_ms": 1428,
  "ops_per_sec": 84002.85587029188,
  "bytes_sent": 10786780,
  "bytes_received": 600000,
  "latency_us": {
    "min": 63,
    "p50": 567,
    "p95": 720,
    "p99": 886,
    "p999": 1580,
    "max": 2337,
    "mean": 591.6388583333327,
    "samples": 120000
  }
}