{
  "schema_version": "fr_bench_report/v1",
  "generated_at_ms": 1781577542645,
  "host": "127.0.0.1",
  "port": 28851,
  "workload": "set",
  "clients": 50,
  "requests": 120000,
  "pipeline": 1,
  "keyspace": 10000,
  "datasize": 32,
  "read_percent": 50,
  "db": 0,
  "key_prefix": "pass217:setp1:redis:6:",
  "total_time_ms": 1471,
  "ops_per_sec": 81541.29990225202,
  "bytes_sent": 11146603,
  "bytes_received": 600000,
  "latency_us": {
    "min": 63,
    "p50": 576,
    "p95": 832,
    "p99": 1135,
    "p999": 1500,
    "max": 2013,
    "mean": 608.9223166666667,
    "samples": 120000
  }
}