{
  "schema_version": "fr_bench_report/v1",
  "generated_at_ms": 1781031681875,
  "host": "127.0.0.1",
  "port": 26823,
  "workload": "set",
  "clients": 50,
  "requests": 1000000,
  "pipeline": 16,
  "keyspace": 10000,
  "datasize": 3,
  "read_percent": 50,
  "db": 0,
  "key_prefix": "zhphm-p2-pair-base",
  "total_time_ms": 1193,
  "ops_per_sec": 837807.8893305913,
  "bytes_sent": 60338969,
  "bytes_received": 5000000,
  "latency_us": {
    "min": 72,
    "p50": 892,
    "p95": 1265,
    "p99": 1781,
    "p999": 2909,
    "max": 4071,
    "mean": 940.3134699999983,
    "samples": 1000000
  }
}