{
  "schema_version": "fr_bench_report/v1",
  "generated_at_ms": 1781031692913,
  "host": "127.0.0.1",
  "port": 26824,
  "workload": "set",
  "clients": 50,
  "requests": 1000000,
  "pipeline": 16,
  "keyspace": 10000,
  "datasize": 3,
  "read_percent": 50,
  "db": 0,
  "key_prefix": "zhphm-p2-pair-cand",
  "total_time_ms": 1199,
  "ops_per_sec": 833600.7302182345,
  "bytes_sent": 60339739,
  "bytes_received": 5000000,
  "latency_us": {
    "min": 116,
    "p50": 888,
    "p95": 1297,
    "p99": 1662,
    "p999": 2889,
    "max": 3867,
    "mean": 945.6513160000019,
    "samples": 1000000
  }
}