{
  "schema_version": "fr_bench_report/v1",
  "generated_at_ms": 1781070472442,
  "host": "127.0.0.1",
  "port": 6610,
  "workload": "set",
  "clients": 50,
  "requests": 1000000,
  "pipeline": 16,
  "keyspace": 10000,
  "datasize": 3,
  "read_percent": 50,
  "db": 0,
  "key_prefix": "ohsk5:p119:baseline",
  "total_time_ms": 614,
  "ops_per_sec": 1626049.6245857114,
  "bytes_sent": 61338567,
  "bytes_received": 5000000,
  "latency_us": {
    "min": 47,
    "p50": 440,
    "p95": 725,
    "p99": 1026,
    "p999": 1797,
    "max": 2205,
    "mean": 478.511694,
    "samples": 1000000
  }
}