{
  "schema_version": "fr_bench_report/v1",
  "generated_at_ms": 1781142601909,
  "host": "127.0.0.1",
  "port": 6733,
  "workload": "get",
  "clients": 50,
  "requests": 1000000,
  "pipeline": 16,
  "keyspace": 10000,
  "datasize": 3,
  "read_percent": 50,
  "db": 0,
  "key_prefix": "ohsk5:p128:paired:candidate",
  "total_time_ms": 680,
  "ops_per_sec": 1469248.5960308537,
  "bytes_sent": 58889285,
  "bytes_received": 9000000,
  "latency_us": {
    "min": 42,
    "p50": 474,
    "p95": 942,
    "p99": 1497,
    "p999": 2143,
    "max": 2857,
    "mean": 528.7031900000002,
    "samples": 1000000
  }
}