{
  "schema_version": "fr_bench_report/v1",
  "generated_at_ms": 1781142593242,
  "host": "127.0.0.1",
  "port": 6732,
  "workload": "get",
  "clients": 50,
  "requests": 1000000,
  "pipeline": 16,
  "keyspace": 10000,
  "datasize": 3,
  "read_percent": 50,
  "db": 0,
  "key_prefix": "ohsk5:p128:paired:current",
  "total_time_ms": 648,
  "ops_per_sec": 1542510.141097953,
  "bytes_sent": 56888873,
  "bytes_received": 9000000,
  "latency_us": {
    "min": 45,
    "p50": 467,
    "p95": 764,
    "p99": 1312,
    "p999": 2529,
    "max": 3559,
    "mean": 504.51687100000066,
    "samples": 1000000
  }
}