{
  "results": [
    {
      "command": "target-blackthrush-pass38-lzf-baseline-rch/release/lzf-epoch-scratch-harness --bench --reps 20000 --bytes 96",
      "mean": 0.06910534088000002,
      "stddev": 0.00466321119089942,
      "median": 0.07004192458000001,
      "user": 0.06614836,
      "system": 0.00201888,
      "min": 0.05942947358,
      "max": 0.07497217458000001,
      "times": [
        0.06931831958000001,
        0.07356846758,
        0.07076552958000001,
        0.07157594458000001,
        0.06349702558,
        0.06931567458000001,
        0.07121134358000002,
        0.06739945558,
        0.05942947358,
        0.07497217458000001
      ],
      "exit_codes": [
        0,
        0,
        0,
        0,
        0,
        0,
        0,
        0,
        0,
        0
      ]
    }
  ]
}
