{
  "results": [
    {
      "command": "baseline-long",
      "mean": 0.4790158668,
      "stddev": 0.017909112489770333,
      "median": 0.4768571857,
      "user": 0.4759216599999999,
      "system": 0.0023267799999999996,
      "min": 0.45157074070000003,
      "max": 0.5083416467,
      "times": [
        0.4681712457,
        0.5037640767000001,
        0.5083416467,
        0.47995586970000004,
        0.4603426017,
        0.4810049777,
        0.45157074070000003,
        0.49024221570000004,
        0.4737585017,
        0.47300679170000004
      ],
      "exit_codes": [
        0,
        0,
        0,
        0,
        0,
        0,
        0,
        0,
        0,
        0
      ]
    },
    {
      "command": "candidate-final-long",
      "mean": 0.040242854300000006,
      "stddev": 0.002106949401907053,
      "median": 0.0399770277,
      "user": 0.03872845999999999,
      "system": 0.0012918799999999998,
      "min": 0.0367846197,
      "max": 0.0446276537,
      "times": [
        0.0387841177,
        0.0397316167,
        0.0446276537,
        0.0409008667,
        0.0414868597,
        0.0390967707,
        0.0402224387,
        0.0367846197,
        0.0391646997,
        0.0416288997
      ],
      "exit_codes": [
        0,
        0,
        0,
        0,
        0,
        0,
        0,
        0,
        0,
        0
      ]
    }
  ]
}
