{
  "results": [
    {
      "command": "target-blackthrush-pass38-lzf-baseline-rch/release/lzf-epoch-scratch-harness --bench --reps 200000 --bytes 96",
      "mean": 0.48064244210500007,
      "stddev": 0.015877961034911667,
      "median": 0.4775163504800001,
      "user": 0.477257555,
      "system": 0.0023959050000000003,
      "min": 0.45667927798,
      "max": 0.50373480198,
      "times": [
        0.47978582298000005,
        0.45667927798,
        0.50373480198,
        0.47524687798000004,
        0.47054158798000006,
        0.46972376898000007,
        0.49245692598000007,
        0.49697047298
      ],
      "exit_codes": [
        0,
        0,
        0,
        0,
        0,
        0,
        0,
        0
      ]
    },
    {
      "command": "target-blackthrush-pass38-lzf-candidate-rch/release/lzf-epoch-scratch-harness --bench --reps 200000 --bytes 96",
      "mean": 0.03991273623,
      "stddev": 0.000747322509652531,
      "median": 0.039937724980000006,
      "user": 0.038230305,
      "system": 0.0014460299999999998,
      "min": 0.038899548980000004,
      "max": 0.041235411980000004,
      "times": [
        0.03992818698,
        0.038899548980000004,
        0.04010033298,
        0.03948664098,
        0.041235411980000004,
        0.03917848698,
        0.03994726298,
        0.04052601798
      ],
      "exit_codes": [
        0,
        0,
        0,
        0,
        0,
        0,
        0,
        0
      ]
    }
  ]
}
