{
  "results": [
    {
      "command": "env MODE=borrowed-command FIELDS=16 VALUE_SIZE=64 ITERATIONS=200000 target-icywolf-w7fbs-baseline/release-perf/fr-ds9o7-parser-harness",
      "mean": 0.13555796454000002,
      "stddev": 0.006958329535388661,
      "median": 0.13497218924,
      "user": 0.1311329,
      "system": 0.00391422,
      "min": 0.12949657624000002,
      "max": 0.15369566124,
      "times": [
        0.15369566124,
        0.13036816824000003,
        0.13530849124000002,
        0.13540879224000002,
        0.13058198324,
        0.12949657624000002,
        0.13773132424,
        0.13628333924000002,
        0.13463588724,
        0.13206942224
      ],
      "exit_codes": [
        0,
        0,
        0,
        0,
        0,
        0,
        0,
        0,
        0,
        0
      ]
    },
    {
      "command": "env MODE=borrowed-command FIELDS=16 VALUE_SIZE=64 ITERATIONS=200000 target-icywolf-w7fbs-candidate/release-perf/fr-ds9o7-parser-harness",
      "mean": 0.13166316454,
      "stddev": 0.004958975918329149,
      "median": 0.13229071674,
      "user": 0.1275517,
      "system": 0.003610119999999999,
      "min": 0.12285239324000001,
      "max": 0.13754239524,
      "times": [
        0.13743593424,
        0.12650279224000002,
        0.12285239324000001,
        0.12857886624,
        0.13191686324000002,
        0.12838992924,
        0.13266457024,
        0.13578602624000002,
        0.13754239524,
        0.13496187524
      ],
      "exit_codes": [
        0,
        0,
        0,
        0,
        0,
        0,
        0,
        0,
        0,
        0
      ]
    }
  ]
}
