{
  "results": [
    {
      "command": "env MODE=borrowed-command FIELDS=16 VALUE_SIZE=64 ITERATIONS=200000 target-icywolf-w7fbs-baseline/release-perf/fr-ds9o7-parser-harness",
      "mean": 0.17815540152000003,
      "stddev": 0.017071624557237226,
      "median": 0.18230058632,
      "user": 0.17079927999999997,
      "system": 0.0047556,
      "min": 0.14027694282000003,
      "max": 0.20017142982000002,
      "times": [
        0.14027694282000003,
        0.16713878782000002,
        0.18927875382000003,
        0.17137285382000003,
        0.18289743782000004,
        0.16868758382000001,
        0.18170373482000002,
        0.19180884882000002,
        0.20017142982000002,
        0.18821764182000003
      ],
      "exit_codes": [
        0,
        0,
        0,
        0,
        0,
        0,
        0,
        0,
        0,
        0
      ]
    }
  ]
}
