{
  "results": [
    {
      "command": "env MODE=borrowed-command FIELDS=16 VALUE_SIZE=64 ITERATIONS=200000 target-icywolf-w7fbs-candidate/release-perf/fr-ds9o7-parser-harness",
      "mean": 0.12761659472,
      "stddev": 0.011008051328275849,
      "median": 0.12462010652000001,
      "user": 0.12336269999999996,
      "system": 0.0035322,
      "min": 0.11913426952,
      "max": 0.15654359052,
      "times": [
        0.15654359052,
        0.12579455252000002,
        0.12814183152,
        0.12520429352,
        0.12165141952000001,
        0.11913426952,
        0.12023552552000001,
        0.13360955452,
        0.12403591952000001,
        0.12181499052
      ],
      "exit_codes": [
        0,
        0,
        0,
        0,
        0,
        0,
        0,
        0,
        0,
        0
      ]
    }
  ]
}
