{
  "results": [
    {
      "command": "MODE=borrowed-command FIELDS=16 VALUE_SIZE=64 ITERATIONS=200000 target-icywolf-w7fbs-baseline-harness/release-perf/fr-ds9o7-parser-harness",
      "mean": 0.13648805644000003,
      "stddev": 0.005566117092585696,
      "median": 0.13630144494000002,
      "user": 0.13447963,
      "system": 0.00162375,
      "min": 0.12986714994,
      "max": 0.14473462894000003,
      "times": [
        0.13962662794000003,
        0.13240096294,
        0.14216049094000002,
        0.13051124094000002,
        0.14473462894000003,
        0.13895850094,
        0.13269236494000003,
        0.14375917994,
        0.13364438894000003,
        0.12986714994,
        0.13959816394000002,
        0.12990297694000003
      ],
      "exit_codes": [
        0,
        0,
        0,
        0,
        0,
        0,
        0,
        0,
        0,
        0,
        0,
        0
      ]
    },
    {
      "command": "MODE=borrowed-command FIELDS=16 VALUE_SIZE=64 ITERATIONS=200000 target-icywolf-w7fbs-candidate-harness/release-perf/fr-ds9o7-parser-harness",
      "mean": 0.14975603110666666,
      "stddev": 0.005549714897291009,
      "median": 0.14751454794000002,
      "user": 0.14779938,
      "system": 0.0013029166666666664,
      "min": 0.14433592294000003,
      "max": 0.16191688494,
      "times": [
        0.14939654494000001,
        0.16191688494,
        0.15329944194000003,
        0.15495973894,
        0.14562086894,
        0.14633199694000001,
        0.14433592294000003,
        0.14469367094000002,
        0.14559427794000002,
        0.14644879794000001,
        0.15589392894,
        0.14858029794000002
      ],
      "exit_codes": [
        0,
        0,
        0,
        0,
        0,
        0,
        0,
        0,
        0,
        0,
        0,
        0
      ]
    }
  ]
}
