{
  "schema_version": "fr_bench_report/v1",
  "generated_at_ms": 1780970650976,
  "host": "127.0.0.1",
  "port": 48931,
  "workload": "hset",
  "clients": 50,
  "requests": 300000,
  "pipeline": 16,
  "keyspace": 10000,
  "datasize": 3,
  "read_percent": 50,
  "db": 0,
  "key_prefix": "ohsk5_1:candidate",
  "total_time_ms": 519,
  "ops_per_sec": 577261.7230724426,
  "bytes_sent": 20616799,
  "bytes_received": 1200000,
  "latency_us": {
    "min": 132,
    "p50": 1226,
    "p95": 2159,
    "p99": 2879,
    "p999": 4723,
    "max": 5015,
    "mean": 1356.6463966666674,
    "samples": 300000
  }
}