{
  "config": {
    "bind": "127.0.0.1",
    "clients": 50,
    "datasize": 3,
    "keyspace": 10000,
    "mode": "hardened",
    "port": 26405,
    "requests": 100000
  },
  "failing_workloads": [],
  "generated_at_ms": 1784767306392,
  "passed": true,
  "schema_version": "frankenredis_benchmark_gate/v1",
  "thresholds": {
    "p99_regression_pct": 10.0,
    "throughput_drop_pct": 15.0
  },
  "workloads": [
    {
      "baseline_path": "/data/projects/frankenredis/baselines/frankenredis_v0.1.0_set.json",
      "candidate_path": "/data/projects/frankenredis/artifacts/benchmark/gate-c47rl-20260723/candidate/set.json",
      "comparison": {
        "candidate": {
          "clients": 50,
          "ops_sec": 106498.00166350944,
          "p50_us": 424.0,
          "p95_us": 624.0,
          "p999_us": 1050.0,
          "p99_us": 746.0,
          "pipeline": 1,
          "server": "frankenredis",
          "server_version": "candidate",
          "source": "/data/projects/frankenredis/artifacts/benchmark/gate-c47rl-20260723/candidate/set.json",
          "total_requests": 100000,
          "total_time_sec": 0.938,
          "workload": "set"
        },
        "metrics": {
          "ops_sec": {
            "candidate": 106498.00166350944,
            "delta": 105257.07216092605,
            "delta_pct": 8482.115377368398,
            "reference": 1240.9295025833799
          },
          "p50_us": {
            "candidate": 424.0,
            "delta": -41975.0,
            "delta_pct": -98.99997641453808,
            "reference": 42399.0
          },
          "p95_us": {
            "candidate": 624.0,
            "delta": -50287.0,
            "delta_pct": -98.77433167684784,
            "reference": 50911.0
          },
          "p999_us": {
            "candidate": 1050.0,
            "delta": -66853.0,
            "delta_pct": -98.4536765680456,
            "reference": 67903.0
          },
          "p99_us": {
            "candidate": 746.0,
            "delta": -58101.0,
            "delta_pct": -98.73230580998181,
            "reference": 58847.0
          },
          "total_time_sec": {
            "candidate": 0.938,
            "delta": -79.646,
            "delta_pct": -98.83599722029187,
            "reference": 80.584
          }
        },
        "reference": {
          "clients": 50,
          "ops_sec": 1240.9295025833799,
          "p50_us": 42399.0,
          "p95_us": 50911.0,
          "p999_us": 67903.0,
          "p99_us": 58847.0,
          "pipeline": 1,
          "server": "frankenredis",
          "server_version": "v0.1.0",
          "source": "/data/projects/frankenredis/baselines/frankenredis_v0.1.0_set.json",
          "total_requests": 100000,
          "total_time_sec": 80.584,
          "workload": "set"
        }
      },
      "comparison_path": "/data/projects/frankenredis/artifacts/benchmark/gate-c47rl-20260723/compare/set.json",
      "comparison_text_path": "/data/projects/frankenredis/artifacts/benchmark/gate-c47rl-20260723/compare/set.txt",
      "failures": [],
      "ops_sec_delta_pct": 8482.115377368398,
      "p99_delta_pct": -98.73230580998181,
      "raw_report_path": "/data/projects/frankenredis/artifacts/benchmark/gate-c47rl-20260723/raw/set.json",
      "status": "pass",
      "workload": "set"
    },
    {
      "baseline_path": "/data/projects/frankenredis/baselines/frankenredis_v0.1.0_get.json",
      "candidate_path": "/data/projects/frankenredis/artifacts/benchmark/gate-c47rl-20260723/candidate/get.json",
      "comparison": {
        "candidate": {
          "clients": 50,
          "ops_sec": 73970.4511156162,
          "p50_us": 606.0,
          "p95_us": 1002.0,
          "p999_us": 1099.0,
          "p99_us": 1050.0,
          "pipeline": 1,
          "server": "frankenredis",
          "server_version": "candidate",
          "source": "/data/projects/frankenredis/artifacts/benchmark/gate-c47rl-20260723/candidate/get.json",
          "total_requests": 100000,
          "total_time_sec": 1.351,
          "workload": "get"
        },
        "metrics": {
          "ops_sec": {
            "candidate": 73970.4511156162,
            "delta": 72765.797701663,
            "delta_pct": 6040.392768478863,
            "reference": 1204.6534139532027
          },
          "p50_us": {
            "candidate": 606.0,
            "delta": -41697.0,
            "delta_pct": -98.5674774838664,
            "reference": 42303.0
          },
          "p95_us": {
            "candidate": 1002.0,
            "delta": -44405.0,
            "delta_pct": -97.79329178320523,
            "reference": 45407.0
          },
          "p999_us": {
            "candidate": 1099.0,
            "delta": -61428.0,
            "delta_pct": -98.24235930078207,
            "reference": 62527.0
          },
          "p99_us": {
            "candidate": 1050.0,
            "delta": -50597.0,
            "delta_pct": -97.96696807171762,
            "reference": 51647.0
          },
          "total_time_sec": {
            "candidate": 1.351,
            "delta": -81.66,
            "delta_pct": -98.37250484875499,
            "reference": 83.011
          }
        },
        "reference": {
          "clients": 50,
          "ops_sec": 1204.6534139532027,
          "p50_us": 42303.0,
          "p95_us": 45407.0,
          "p999_us": 62527.0,
          "p99_us": 51647.0,
          "pipeline": 1,
          "server": "frankenredis",
          "server_version": "v0.1.0",
          "source": "/data/projects/frankenredis/baselines/frankenredis_v0.1.0_get.json",
          "total_requests": 100000,
          "total_time_sec": 83.011,
          "workload": "get"
        }
      },
      "comparison_path": "/data/projects/frankenredis/artifacts/benchmark/gate-c47rl-20260723/compare/get.json",
      "comparison_text_path": "/data/projects/frankenredis/artifacts/benchmark/gate-c47rl-20260723/compare/get.txt",
      "failures": [],
      "ops_sec_delta_pct": 6040.392768478863,
      "p99_delta_pct": -97.96696807171762,
      "raw_report_path": "/data/projects/frankenredis/artifacts/benchmark/gate-c47rl-20260723/raw/get.json",
      "status": "pass",
      "workload": "get"
    },
    {
      "baseline_path": "/data/projects/frankenredis/baselines/frankenredis_v0.1.0_mixed.json",
      "candidate_path": "/data/projects/frankenredis/artifacts/benchmark/gate-c47rl-20260723/candidate/mixed.json",
      "comparison": {
        "candidate": {
          "clients": 50,
          "ops_sec": 85326.64802004086,
          "p50_us": 571.0,
          "p95_us": 691.0,
          "p999_us": 1196.0,
          "p99_us": 835.0,
          "pipeline": 1,
          "server": "frankenredis",
          "server_version": "candidate",
          "source": "/data/projects/frankenredis/artifacts/benchmark/gate-c47rl-20260723/candidate/mixed.json",
          "total_requests": 100000,
          "total_time_sec": 1.171,
          "workload": "mixed"
        },
        "metrics": {
          "ops_sec": {
            "candidate": 85326.64802004086,
            "delta": 84167.41744804675,
            "delta_pct": 7260.627823441716,
            "reference": 1159.2305719941078
          },
          "p50_us": {
            "candidate": 571.0,
            "delta": -42308.0,
            "delta_pct": -98.66834581030342,
            "reference": 42879.0
          },
          "p95_us": {
            "candidate": 691.0,
            "delta": -52492.0,
            "delta_pct": -98.70071263373634,
            "reference": 53183.0
          },
          "p999_us": {
            "candidate": 1196.0,
            "delta": -92819.0,
            "delta_pct": -98.727862575121,
            "reference": 94015.0
          },
          "p99_us": {
            "candidate": 835.0,
            "delta": -64956.0,
            "delta_pct": -98.73082944475688,
            "reference": 65791.0
          },
          "total_time_sec": {
            "candidate": 1.171,