{
  "results": [
    {
      "command": "fr-baseline",
      "mean": 0.67891424794,
      "stddev": 0.030294223026100093,
      "median": 0.66924622744,
      "user": 0.21831455999999996,
      "system": 0.5110993199999999,
      "min": 0.63261584944,
      "max": 0.72437336044,
      "times": [
        0.70841655544,
        0.63261584944,
        0.7095206644400001,
        0.65757082244,
        0.72437336044,
        0.66923768444,
        0.70417697944,
        0.66925477044,
        0.6573266184400001,
        0.65664917444
      ],
      "exit_codes": [
        0,
        0,
        0,
        0,
        0,
        0,
        0,
        0,
        0,
        0
      ]
    },
    {
      "command": "fr-candidate",
      "mean": 0.66293742624,
      "stddev": 0.031352859400140924,
      "median": 0.6650801849400001,
      "user": 0.19580926,
      "system": 0.51605932,
      "min": 0.6160438984400001,
      "max": 0.72055150444,
      "times": [
        0.66074918344,
        0.72055150444,
        0.6694111864400001,
        0.67924805444,
        0.6846033074400001,
        0.63906567744,
        0.6819174774400001,
        0.6160438984400001,
        0.62372595344,
        0.6540580194400001
      ],
      "exit_codes": [
        0,
        0,
        0,
        0,
        0,
        0,
        0,
        0,
        0,
        0
      ]
    }
  ]
}
