{
  "results": [
    {
      "command": "fr-baseline",
      "mean": 0.7044909166,
      "stddev": 0.0461895501314401,
      "median": 0.7096215610000001,
      "user": 0.23403281999999997,
      "system": 0.55018854,
      "min": 0.6253159755000001,
      "max": 0.7784170115,
      "times": [
        0.6253159755000001,
        0.7385731295,
        0.7784170115,
        0.7102494315,
        0.6880523105,
        0.6871998805,
        0.6423801055,
        0.7432439895,
        0.7089936905,
        0.7224836415
      ],
      "exit_codes": [
        0,
        0,
        0,
        0,
        0,
        0,
        0,
        0,
        0,
        0
      ]
    }
  ]
}
