{
  "schema_version": "fr_bench_report/v1",
  "generated_at_ms": 1781152233182,
  "host": "127.0.0.1",
  "port": 6790,
  "workload": "get",
  "clients": 50,
  "requests": 1000000,
  "pipeline": 16,
  "keyspace": 10000,
  "datasize": 3,
  "read_percent": 50,
  "db": 0,
  "key_prefix": "6zalg:p1:baseline",
  "total_time_ms": 662,
  "ops_per_sec": 1510416.6655653212,
  "bytes_sent": 48888640,
  "bytes_received": 9000000,
  "latency_us": {
    "min": 60,
    "p50": 477,
    "p95": 768,
    "p99": 1014,
    "p999": 1327,
    "max": 2030,
    "mean": 515.2552289999996,
    "samples": 1000000
  }
}