{
  "results": [
    {
      "command": "python3 artifacts/optimization/frankenredis-jjg2q/pass84-stream-zinterstore/zset_algebra_bench.py --port 47911 --case zdiff2 --iters 500 --n 20000",
      "mean": 2.0721196580999997,
      "stddev": 0.17926145525021092,
      "median": 2.0715548141999998,
      "user": 0.07749485999999998,
      "system": 0.0234947,
      "min": 1.8522253557000001,
      "max": 2.4410332007,
      "times": [
        2.1108161937000003,
        2.0966577667,
        2.4410332007,
        2.2753561517,
        1.8982463097000002,
        1.9787193177000002,
        1.8522253557000001,
        1.9250326567,
        2.0911241267,
        2.0519855017
      ],
      "exit_codes": [
        0,
        0,
        0,
        0,
        0,
        0,
        0,
        0,
        0,
        0
      ]
    },
    {
      "command": "python3 artifacts/optimization/frankenredis-jjg2q/pass84-stream-zinterstore/zset_algebra_bench.py --port 47912 --case zdiff2 --iters 500 --n 20000",
      "mean": 1.4680182097999999,
      "stddev": 0.07914418212328365,
      "median": 1.4544664432000003,
      "user": 0.07293396,
      "system": 0.023024399999999997,
      "min": 1.4172655667000003,
      "max": 1.6882410037000002,
      "times": [
        1.4172655667000003,
        1.6882410037000002,
        1.4605286627000003,
        1.4327623527000002,
        1.4551011747000002,
        1.4618165177000002,
        1.4545631167000002,
        1.4543697697000002,
        1.4374695487000002,
        1.4180643847
      ],
      "exit_codes": [
        0,
        0,
        0,
        0,
        0,
        0,
        0,
        0,
        0,
        0
      ]
    }
  ]
}
