{
  "schema_version": "fr_bench_report/v1",
  "generated_at_ms": 1781072543842,
  "host": "127.0.0.1",
  "port": 6634,
  "workload": "set",
  "clients": 50,
  "requests": 1000000,
  "pipeline": 16,
  "keyspace": 10000,
  "datasize": 3,
  "read_percent": 50,
  "db": 0,
  "key_prefix": "ohsk5:p120:paired:base",
  "total_time_ms": 659,
  "ops_per_sec": 1516074.7587379273,
  "bytes_sent": 64339265,
  "bytes_received": 5000000,
  "latency_us": {
    "min": 53,
    "p50": 456,
    "p95": 812,
    "p99": 1338,
    "p999": 2625,
    "max": 2969,
    "mean": 511.96478000000064,
    "samples": 1000000
  }
}