{
  "schema_version": "fr_bench_report/v1",
  "generated_at_ms": 1781072548487,
  "host": "127.0.0.1",
  "port": 6635,
  "workload": "set",
  "clients": 50,
  "requests": 1000000,
  "pipeline": 16,
  "keyspace": 10000,
  "datasize": 3,
  "read_percent": 50,
  "db": 0,
  "key_prefix": "ohsk5:p120:paired:cand",
  "total_time_ms": 544,
  "ops_per_sec": 1836454.4902749313,
  "bytes_sent": 64339117,
  "bytes_received": 5000000,
  "latency_us": {
    "min": 46,
    "p50": 404,
    "p95": 567,
    "p99": 889,
    "p999": 1941,
    "max": 2659,
    "mean": 422.79448999999977,
    "samples": 1000000
  }
}