{
  "schema_version": "fr_bench_report/v1",
  "generated_at_ms": 1780785839427,
  "host": "127.0.0.1",
  "port": 56387,
  "workload": "set",
  "clients": 50,
  "requests": 300000,
  "pipeline": 16,
  "keyspace": 10000,
  "datasize": 3,
  "read_percent": 50,
  "db": 0,
  "key_prefix": "fr:bench:1780785838848",
  "total_time_ms": 579,
  "ops_per_sec": 517610.9606757288,
  "bytes_sent": 19116612,
  "bytes_received": 1500000,
  "latency_us": {
    "min": 61,
    "p50": 1386,
    "p95": 2317,
    "p99": 3137,
    "p999": 4423,
    "max": 4915,
    "mean": 1504.935429999996,
    "samples": 300000
  }
}