{
  "schema_version": "fr_bench_report/v1",
  "generated_at_ms": 1780787232199,
  "host": "127.0.0.1",
  "port": 56390,
  "workload": "set",
  "clients": 50,
  "requests": 300000,
  "pipeline": 16,
  "keyspace": 10000,
  "datasize": 3,
  "read_percent": 50,
  "db": 0,
  "key_prefix": "fr:bench:1780787231474",
  "total_time_ms": 724,
  "ops_per_sec": 413946.9244125037,
  "bytes_sent": 19116580,
  "bytes_received": 1500000,
  "latency_us": {
    "min": 210,
    "p50": 1756,
    "p95": 2687,
    "p99": 3181,
    "p999": 3667,
    "max": 4267,
    "mean": 1898.0854833333358,
    "samples": 300000
  }
}