{
  "results": [
    {
      "command": "baseline",
      "mean": 3.0165297470200003,
      "stddev": 0.4907055987768746,
      "median": 2.86293995852,
      "user": 2.65503445,
      "system": 2.713116225,
      "min": 2.5395543105200002,
      "max": 3.9902669035200002,
      "times": [
        3.51786973052,
        2.82931340552,
        2.8936782075200003,
        2.83220170952,
        2.5395543105200002,
        3.9902669035200002,
        2.91887389252,
        2.6104798165200003
      ],
      "exit_codes": [
        0,
        0,
        0,
        0,
        0,
        0,
        0,
        0
      ]
    },
    {
      "command": "candidate",
      "mean": 2.15463563652,
      "stddev": 0.2097983211433854,
      "median": 2.06609812302,
      "user": 1.8288734500000001,
      "system": 2.5403510999999996,
      "min": 1.9161872565200002,
      "max": 2.44876911552,
      "times": [
        2.04409204352,
        2.34389859252,
        2.04357050852,
        2.0881042025200003,
        1.9161872565200002,
        1.9537455185200001,
        2.44876911552,
        2.39871785452
      ],
      "exit_codes": [
        0,
        0,
        0,
        0,
        0,
        0,
        0,
        0
      ]
    }
  ]
}
