{
  "results": [
    {
      "command": "baseline",
      "mean": 1.03448994552,
      "stddev": 0.046964355193960194,
      "median": 1.0203059214199999,
      "user": 0.7043458999999999,
      "system": 0.77269462,
      "min": 0.9687865069200001,
      "max": 1.12707626392,
      "times": [
        1.0867907049199999,
        1.05896012092,
        1.01754474892,
        0.9687865069200001,
        1.05166227492,
        1.12707626392,
        0.9973730619200001,
        1.00508285492,
        1.02306709392,
        1.0085558239199999
      ],
      "exit_codes": [
        0,
        0,
        0,
        0,
        0,
        0,
        0,
        0,
        0,
        0
      ]
    },
    {
      "command": "candidate",
      "mean": 0.9104973726200003,
      "stddev": 0.10313254824094013,
      "median": 0.9221214749200002,
      "user": 0.5501134999999999,
      "system": 0.7873523199999999,
      "min": 0.7658038089200001,
      "max": 1.06855411492,
      "times": [
        0.9266571029200001,
        0.9175858469200001,
        1.06138383692,
        1.06855411492,
        0.8977745219200001,
        0.9309575379200001,
        0.9380562029200001,
        0.7658038089200001,
        0.78218776292,
        0.81601298992
      ],
      "exit_codes": [
        0,
        0,
        0,
        0,
        0,
        0,
        0,
        0,
        0,
        0
      ]
    }
  ]
}
