{
  "schema_version": "fr_bench_report/v1",
  "generated_at_ms": 1780787289247,
  "host": "127.0.0.1",
  "port": 56392,
  "workload": "set",
  "clients": 50,
  "requests": 1000000,
  "pipeline": 16,
  "keyspace": 10000,
  "datasize": 3,
  "read_percent": 50,
  "db": 0,
  "key_prefix": "fr:bench:1780787286602",
  "total_time_ms": 2645,
  "ops_per_sec": 378020.70038179914,
  "bytes_sent": 64338952,
  "bytes_received": 5000000,
  "latency_us": {
    "min": 88,
    "p50": 1775,
    "p95": 3321,
    "p99": 4511,
    "p999": 8059,
    "max": 36287,
    "mean": 2091.193356,
    "samples": 1000000
  }
}