{
  "schema_version": "fr_bench_report/v1",
  "generated_at_ms": 1780785826898,
  "host": "127.0.0.1",
  "port": 56386,
  "workload": "set",
  "clients": 50,
  "requests": 300000,
  "pipeline": 16,
  "keyspace": 10000,
  "datasize": 3,
  "read_percent": 50,
  "db": 0,
  "key_prefix": "fr:bench:1780785825255",
  "total_time_ms": 1642,
  "ops_per_sec": 182615.43898927205,
  "bytes_sent": 19116738,
  "bytes_received": 1500000,
  "latency_us": {
    "min": 84,
    "p50": 3663,
    "p95": 6447,
    "p99": 13759,
    "p999": 45951,
    "max": 106239,
    "mean": 4149.394053333332,
    "samples": 300000
  }
}