{
  "schema_version": "fr_bench_report/v1",
  "generated_at_ms": 1780787759234,
  "host": "127.0.0.1",
  "port": 56396,
  "workload": "set",
  "clients": 50,
  "requests": 1000000,
  "pipeline": 16,
  "keyspace": 10000,
  "datasize": 3,
  "read_percent": 50,
  "db": 0,
  "key_prefix": "fr:bench:1780787756908",
  "total_time_ms": 2326,
  "ops_per_sec": 429844.71446179453,
  "bytes_sent": 64338946,
  "bytes_received": 5000000,
  "latency_us": {
    "min": 171,
    "p50": 1740,
    "p95": 2461,
    "p99": 2859,
    "p999": 3469,
    "max": 4739,
    "mean": 1844.6419529999982,
    "samples": 1000000
  }
}