{
  "results": [
    {
      "command": "baseline",
      "mean": 2.590070638355,
      "stddev": 0.14824942041776662,
      "median": 2.55861144748,
      "user": 2.28787091,
      "system": 2.39986211,
      "min": 2.43931064398,
      "max": 2.93171348798,
      "times": [
        2.58823918998,
        2.54754392798,
        2.53966350598,
        2.61034993998,
        2.56967896698,
        2.43931064398,
        2.49406544398,
        2.93171348798
      ],
      "exit_codes": [
        0,
        0,
        0,
        0,
        0,
        0,
        0,
        0
      ]
    },
    {
      "command": "candidate",
      "mean": 2.006099759855,
      "stddev": 0.12126847490740052,
      "median": 2.0199126759799997,
      "user": 1.66009416,
      "system": 2.30598636,
      "min": 1.86128948098,
      "max": 2.16330466998,
      "times": [
        1.86832806998,
        1.86128948098,
        2.05081230998,
        2.16330466998,
        2.05255896398,
        1.9890130419799998,
        1.90424518198,
        2.15924635998
      ],
      "exit_codes": [
        0,
        0,
        0,
        0,
        0,
        0,
        0,
        0
      ]
    }
  ]
}
