{
  "results": [
    {
      "command": "baseline",
      "mean": 1.5597405070200003,
      "stddev": 0.25761669193264614,
      "median": 1.55152648752,
      "user": 1.0941030799999998,
      "system": 1.0414832399999998,
      "min": 1.21434423302,
      "max": 2.01725922102,
      "times": [
        1.66977058302,
        1.6266109000200002,
        1.56929865502,
        1.4070210650200001,
        1.21434423302,
        1.4301762530200002,
        1.2396439160200001,
        1.5337543200200001,
        1.8895259240200002,
        2.01725922102
      ],
      "exit_codes": [
        0,
        0,
        0,
        0,
        0,
        0,
        0,
        0,
        0,
        0
      ]
    },
    {
      "command": "candidate",
      "mean": 0.9945895435200001,
      "stddev": 0.08073993228387764,
      "median": 1.00914102302,
      "user": 0.64773538,
      "system": 0.8979292400000001,
      "min": 0.87786710802,
      "max": 1.1021560060200002,
      "times": [
        1.1021560060200002,
        1.0974960820200002,
        1.03430717402,
        0.98397487202,
        1.03917772002,
        0.94529974102,
        0.9174231780200001,
        0.90344376202,
        0.87786710802,
        1.0447497920200002
      ],
      "exit_codes": [
        0,
        0,
        0,
        0,
        0,
        0,
        0,
        0,
        0,
        0
      ]
    }
  ]
}
