{
  "schema_version": "fr_bench_report/v1",
  "generated_at_ms": 1780787778583,
  "host": "127.0.0.1",
  "port": 56397,
  "workload": "set",
  "clients": 50,
  "requests": 1000000,
  "pipeline": 16,
  "keyspace": 10000,
  "datasize": 3,
  "read_percent": 50,
  "db": 0,
  "key_prefix": "fr:bench:1780787776481",
  "total_time_ms": 2102,
  "ops_per_sec": 475731.0339605799,
  "bytes_sent": 64338905,
  "bytes_received": 5000000,
  "latency_us": {
    "min": 52,
    "p50": 1525,
    "p95": 2599,
    "p99": 3533,
    "p999": 4551,
    "max": 45311,
    "mean": 1627.0557219999982,
    "samples": 1000000
  }
}