{
  "schema_version": "fr_bench_report/v1",
  "generated_at_ms": 1780784197268,
  "host": "127.0.0.1",
  "port": 20746,
  "workload": "set",
  "clients": 50,
  "requests": 1000000,
  "pipeline": 16,
  "keyspace": 10000,
  "datasize": 3,
  "read_percent": 50,
  "db": 0,
  "key_prefix": "cod-pass45-profile",
  "total_time_ms": 2796,
  "ops_per_sec": 357539.5870270964,
  "bytes_sent": 60338857,
  "bytes_received": 5000000,
  "latency_us": {
    "min": 86,
    "p50": 2006,
    "p95": 3249,
    "p99": 4043,
    "p999": 5479,
    "max": 7255,
    "mean": 2217.471743,
    "samples": 1000000
  }
}