{
  "schema_version": "fr_bench_report/v1",
  "generated_at_ms": 1781144246784,
  "host": "127.0.0.1",
  "port": 6751,
  "workload": "get",
  "clients": 50,
  "requests": 3000000,
  "pipeline": 16,
  "keyspace": 10000,
  "datasize": 3,
  "read_percent": 50,
  "db": 0,
  "key_prefix": "3cc4w:p130:prof",
  "total_time_ms": 1678,
  "ops_per_sec": 1787045.1971983556,
  "bytes_sent": 140667316,
  "bytes_received": 27000000,
  "latency_us": {
    "min": 32,
    "p50": 412,
    "p95": 627,
    "p99": 842,
    "p999": 1327,
    "max": 16927,
    "mean": 438.8589713333339,
    "samples": 3000000
  }
}