{
  "schema_version": "fr_bench_report/v1",
  "generated_at_ms": 1781144662288,
  "host": "127.0.0.1",
  "port": 6756,
  "workload": "get",
  "clients": 50,
  "requests": 1000000,
  "pipeline": 16,
  "keyspace": 10000,
  "datasize": 3,
  "read_percent": 50,
  "db": 0,
  "key_prefix": "3cc4w:p130:reversed:candidate",
  "total_time_ms": 527,
  "ops_per_sec": 1897354.8266750618,
  "bytes_sent": 60889393,
  "bytes_received": 9000000,
  "latency_us": {
    "min": 50,
    "p50": 384,
    "p95": 611,
    "p99": 856,
    "p999": 1443,
    "max": 1697,
    "mean": 410.1123239999995,
    "samples": 1000000
  }
}