{
  "schema_version": "fr_bench_report/v1",
  "generated_at_ms": 1781144669073,
  "host": "127.0.0.1",
  "port": 6757,
  "workload": "get",
  "clients": 50,
  "requests": 1000000,
  "pipeline": 16,
  "keyspace": 10000,
  "datasize": 3,
  "read_percent": 50,
  "db": 0,
  "key_prefix": "3cc4w:p130:reversed:current",
  "total_time_ms": 614,
  "ops_per_sec": 1628188.825317414,
  "bytes_sent": 58889155,
  "bytes_received": 9000000,
  "latency_us": {
    "min": 43,
    "p50": 432,
    "p95": 751,
    "p99": 1243,
    "p999": 1978,
    "max": 2293,
    "mean": 477.9587540000002,
    "samples": 1000000
  }
}