{
  "results": [
    {
      "command": "OUT=artifacts/optimization/frankenredis-3cc4w/pass130/benchmark/reversed/candidate-run SERVER=/tmp/rch_target_fr_3cc4w_p130_candidate/release-perf/frankenredis BENCH=/tmp/rch_target_fr_3cc4w_p130_candidate/release-perf/fr-bench PORT=6756 WORKLOAD=get REQUESTS=1000000 JSON_OUT=artifacts/optimization/frankenredis-3cc4w/pass130/benchmark/reversed/candidate-get-p16-c50-1m-last.json KEY_PREFIX=3cc4w:p130:reversed:candidate artifacts/optimization/frankenredis-zhphm/pass1/run_fr_bench_once.sh",
      "mean": 0.64130530336,
      "stddev": 0.034013379116466055,
      "median": 0.64448362936,
      "user": 1.02127332,
      "system": 2.14218136,
      "min": 0.59448249986,
      "max": 0.70472281286,
      "times": [
        0.70472281286,
        0.64061909886,
        0.66396704786,
        0.65607016886,
        0.59448249986,
        0.64834815986,
        0.66591827386,
        0.5971711428600001,
        0.62462824586,
        0.6171255828600001
      ],
      "exit_codes": [
        0,
        0,
        0,
        0,
        0,
        0,
        0,
        0,
        0,
        0
      ]
    },
    {
      "command": "OUT=artifacts/optimization/frankenredis-3cc4w/pass130/benchmark/reversed/current-run SERVER=/tmp/rch_target_fr_3cc4w_p130_current/release-perf/frankenredis BENCH=/tmp/rch_target_fr_3cc4w_p130_current/release-perf/fr-bench PORT=6757 WORKLOAD=get REQUESTS=1000000 JSON_OUT=artifacts/optimization/frankenredis-3cc4w/pass130/benchmark/reversed/current-get-p16-c50-1m-last.json KEY_PREFIX=3cc4w:p130:reversed:current artifacts/optimization/frankenredis-zhphm/pass1/run_fr_bench_once.sh",
      "mean": 0.67730321686,
      "stddev": 0.03126597907991775,
      "median": 0.68198381636,
      "user": 1.0407710199999998,
      "system": 2.16852766,
      "min": 0.6287469078600001,
      "max": 0.7115985958600001,
      "times": [
        0.70371102586,
        0.6764565558600001,
        0.70200960286,
        0.63580162186,
        0.68751107686,
        0.6682678538600001,
        0.6287469078600001,
        0.6475418418600001,
        0.71138708586,
        0.7115985958600001
      ],
      "exit_codes": [
        0,
        0,
        0,
        0,
        0,
        0,
        0,
        0,
        0,
        0
      ]
    }
  ]
}
