{
  "results": [
    {
      "command": "baseline",
      "mean": 1.5155875421714289,
      "stddev": 0.0465084729954541,
      "median": 1.5249521646000002,
      "user": 1.5593502457142858,
      "system": 2.0153848171428566,
      "min": 1.4367751646,
      "max": 1.5805709126,
      "times": [
        1.5186569926000002,
        1.5299233686000002,
        1.4762717606000002,
        1.4367751646,
        1.5419624316000002,
        1.5249521646000002,
        1.5805709126
      ],
      "exit_codes": [
        0,
        0,
        0,
        0,
        0,
        0,
        0
      ]
    }
  ]
}
