{
  "schema_version": "fr_bench_report/v1",
  "generated_at_ms": 1781368809862,
  "host": "127.0.0.1",
  "port": 6501,
  "workload": "hset",
  "clients": 50,
  "requests": 1000000,
  "pipeline": 16,
  "keyspace": 10000,
  "datasize": 3,
  "read_percent": 50,
  "db": 0,
  "key_prefix": "pass173-baseline-hset",
  "total_time_ms": 1545,
  "ops_per_sec": 647118.5270273075,
  "bytes_sent": 73338867,
  "bytes_received": 4000000,
  "latency_us": {
    "min": 85,
    "p50": 1156,
    "p95": 1578,
    "p99": 2361,
    "p999": 3189,
    "max": 10319,
    "mean": 1223.2308769999995,
    "samples": 1000000
  }
}