{
  "schema_version": "fr_bench_report/v1",
  "generated_at_ms": 1781369510095,
  "host": "127.0.0.1",
  "port": 6503,
  "workload": "hset",
  "clients": 50,
  "requests": 1000000,
  "pipeline": 16,
  "keyspace": 10000,
  "datasize": 3,
  "read_percent": 50,
  "db": 0,
  "key_prefix": "pass173-paired-baseline-hset",
  "total_time_ms": 968,
  "ops_per_sec": 1033035.4478169876,
  "bytes_sent": 80338585,
  "bytes_received": 4000000,
  "latency_us": {
    "min": 33,
    "p50": 731,
    "p95": 972,
    "p99": 1409,
    "p999": 2403,
    "max": 3231,
    "mean": 762.2827310000004,
    "samples": 1000000
  }
}