{
  "results": [
    {
      "command": "baseline",
      "mean": 1.1719177841257142,
      "stddev": 0.15414644594815982,
      "median": 1.1560900568399999,
      "user": 1.332015362857143,
      "system": 1.683766822857143,
      "min": 0.9937517228400001,
      "max": 1.3920932178399998,
      "times": [
        1.1560900568399999,
        1.36467817584,
        1.3920932178399998,
        0.9937517228400001,
        1.16747210384,
        1.09561472384,
        1.03372448784
      ],
      "exit_codes": [
        0,
        0,
        0,
        0,
        0,
        0,
        0
      ]
    },
    {
      "command": "candidate",
      "mean": 1.1231051412685713,
      "stddev": 0.0973727802298037,
      "median": 1.12224437884,
      "user": 1.2388037914285712,
      "system": 1.7235918228571427,
      "min": 0.9770852708400001,
      "max": 1.2453410438399999,
      "times": [
        1.19845855184,
        1.2453410438399999,
        1.12224437884,
        1.19770704984,
        0.9770852708400001,
        1.0327944898399999,
        1.0881052038399999
      ],
      "exit_codes": [
        0,
        0,
        0,
        0,
        0,
        0,
        0
      ]
    }
  ]
}
