{
  "schema_version": "fr_bench_report/v1",
  "generated_at_ms": 1780876118473,
  "host": "127.0.0.1",
  "port": 35441,
  "workload": "get",
  "clients": 50,
  "requests": 300000,
  "pipeline": 16,
  "keyspace": 1,
  "datasize": 3,
  "read_percent": 50,
  "db": 0,
  "key_prefix": "pass65-hotkey",
  "total_time_ms": 348,
  "ops_per_sec": 861899.3298594806,
  "bytes_sent": 12600000,
  "bytes_received": 2700000,
  "latency_us": {
    "min": 44,
    "p50": 861,
    "p95": 1176,
    "p99": 1390,
    "p999": 1736,
    "max": 2437,
    "mean": 900.1089166666661,
    "samples": 300000
  }
}