{
  "results": [
    {
      "command": "hotkey-get-p16-300k",
      "mean": 0.35577641194000004,
      "stddev": 0.005427027594565631,
      "median": 0.35307245894000006,
      "user": 0.19968888285714284,
      "system": 0.4374893714285714,
      "min": 0.35011253694000005,
      "max": 0.36231786494,
      "times": [
        0.36157897494,
        0.35029567594000005,
        0.35267548694,
        0.35307245894000006,
        0.36038188494,
        0.36231786494,
        0.35011253694000005
      ],
      "exit_codes": [
        0,
        0,
        0,
        0,
        0,
        0,
        0
      ]
    },
    {
      "command": "uniform-get-p16-300k",
      "mean": 0.43543821851142855,
      "stddev": 0.010326407600796686,
      "median": 0.43710579294,
      "user": 0.20966859714285715,
      "system": 0.45415580000000005,
      "min": 0.42046536094000003,
      "max": 0.45246790594,
      "times": [
        0.45246790594,
        0.42046536094000003,
        0.43889621794000006,
        0.42559434294000004,
        0.43905251294000003,
        0.43710579294,
        0.43448539594
      ],
      "exit_codes": [
        0,
        0,
        0,
        0,
        0,
        0,
        0
      ]
    }
  ]
}
