{
  "schema_version": "fr_bench_report/v1",
  "generated_at_ms": 1780876217210,
  "host": "127.0.0.1",
  "port": 35441,
  "workload": "get",
  "clients": 50,
  "requests": 5000000,
  "pipeline": 16,
  "keyspace": 1,
  "datasize": 3,
  "read_percent": 50,
  "db": 0,
  "key_prefix": "pass65-profile-hotkey5m",
  "total_time_ms": 5803,
  "ops_per_sec": 861546.4503697463,
  "bytes_sent": 260000000,
  "bytes_received": 45000000,
  "latency_us": {
    "min": 44,
    "p50": 877,
    "p95": 1204,
    "p99": 1434,
    "p999": 1804,
    "max": 2865,
    "mean": 920.0870125999993,
    "samples": 5000000
  }
}