{
  "results": [
    {
      "command": "python3 artifacts/optimization/frankenredis-iror0/pass143/lua_eval_bench.py --server-bin /data/projects/.scratch/frankenredis-v0u4b-pass144-baseline-target/release-perf/frankenredis --port 7444 --mode loop1000 --iterations 2500 --json-out artifacts/optimization/frankenredis-v0u4b/pass144/baseline-loop1000-last.json --golden-out artifacts/optimization/frankenredis-v0u4b/pass144/baseline-golden.json",
      "mean": 1.1399846420799997,
      "stddev": 0.04786856410836346,
      "median": 1.14935893758,
      "user": 0.8893889199999998,
      "system": 0.1791544,
      "min": 1.07001321008,
      "max": 1.21032550608,
      "times": [
        1.10776622508,
        1.21032550608,
        1.1343454310799999,
        1.18081782408,
        1.0839462470799999,
        1.18257704208,
        1.16741251408,
        1.16437244408,
        1.07001321008,
        1.09826997708
      ],
      "exit_codes": [
        0,
        0,
        0,
        0,
        0,
        0,
        0,
        0,
        0,
        0
      ]
    }
  ]
}
