{
  "schema_version": "fr_bench_report/v1",
  "generated_at_ms": 1780969796905,
  "host": "127.0.0.1",
  "port": 48912,
  "workload": "hset",
  "clients": 50,
  "requests": 300000,
  "pipeline": 16,
  "keyspace": 10000,
  "datasize": 3,
  "read_percent": 50,
  "db": 0,
  "key_prefix": "pass89:redis:hset",
  "total_time_ms": 410,
  "ops_per_sec": 730918.2106420521,
  "bytes_sent": 20616673,
  "bytes_received": 1200000,
  "latency_us": {
    "min": 52,
    "p50": 988,
    "p95": 1639,
    "p99": 2031,
    "p999": 2507,
    "max": 3097,
    "mean": 1062.7653766666674,
    "samples": 300000
  }
}