{
  "schema_version": "fr_bench_report/v1",
  "generated_at_ms": 1780969797467,
  "host": "127.0.0.1",
  "port": 48911,
  "workload": "hget",
  "clients": 50,
  "requests": 300000,
  "pipeline": 16,
  "keyspace": 10000,
  "datasize": 3,
  "read_percent": 50,
  "db": 0,
  "key_prefix": "pass89:fr:hget",
  "total_time_ms": 498,
  "ops_per_sec": 602299.9606989238,
  "bytes_sent": 16766854,
  "bytes_received": 2700000,
  "latency_us": {
    "min": 93,
    "p50": 1222,
    "p95": 1628,
    "p99": 2115,
    "p999": 12087,
    "max": 12127,
    "mean": 1299.9223900000013,
    "samples": 300000
  }
}