{
  "schema_version": "fr_bench_report/v1",
  "generated_at_ms": 1780969792512,
  "host": "127.0.0.1",
  "port": 48911,
  "workload": "incr",
  "clients": 50,
  "requests": 300000,
  "pipeline": 16,
  "keyspace": 10000,
  "datasize": 3,
  "read_percent": 50,
  "db": 0,
  "key_prefix": "pass89:fr:incr",
  "total_time_ms": 455,
  "ops_per_sec": 658281.8527667498,
  "bytes_sent": 14366866,
  "bytes_received": 1410000,
  "latency_us": {
    "min": 82,
    "p50": 1110,
    "p95": 1596,
    "p99": 2079,
    "p999": 8231,
    "max": 8271,
    "mean": 1186.7398900000037,
    "samples": 300000
  }
}