{
  "schema_version": "fr_bench_report/v1",
  "generated_at_ms": 1780969790788,
  "host": "127.0.0.1",
  "port": 48911,
  "workload": "set",
  "clients": 50,
  "requests": 300000,
  "pipeline": 16,
  "keyspace": 10000,
  "datasize": 3,
  "read_percent": 50,
  "db": 0,
  "key_prefix": "pass89:fr:set",
  "total_time_ms": 499,
  "ops_per_sec": 600543.0278209605,
  "bytes_sent": 16416444,
  "bytes_received": 1500000,
  "latency_us": {
    "min": 105,
    "p50": 1144,
    "p95": 1964,
    "p99": 2669,
    "p999": 3555,
    "max": 4647,
    "mean": 1300.800376666669,
    "samples": 300000
  }
}