{
  "schema_version": "fr_bench_report/v1",
  "generated_at_ms": 1780969791662,
  "host": "127.0.0.1",
  "port": 48911,
  "workload": "get",
  "clients": 50,
  "requests": 300000,
  "pipeline": 16,
  "keyspace": 10000,
  "datasize": 3,
  "read_percent": 50,
  "db": 0,
  "key_prefix": "pass89:fr:get",
  "total_time_ms": 422,
  "ops_per_sec": 709772.6905403774,
  "bytes_sent": 13466535,
  "bytes_received": 2700000,
  "latency_us": {
    "min": 42,
    "p50": 1065,
    "p95": 1391,
    "p99": 1665,
    "p999": 2071,
    "max": 2263,
    "mean": 1100.0015033333332,
    "samples": 300000
  }
}