{
  "schema_version": "fr_bench_report/v1",
  "generated_at_ms": 1780969814568,
  "host": "127.0.0.1",
  "port": 48913,
  "workload": "hset",
  "clients": 50,
  "requests": 1000000,
  "pipeline": 16,
  "keyspace": 10000,
  "datasize": 3,
  "read_percent": 50,
  "db": 0,
  "key_prefix": "pass89:hset:profile",
  "total_time_ms": 1735,
  "ops_per_sec": 576331.6623286462,
  "bytes_sent": 71339777,
  "bytes_received": 4000000,
  "latency_us": {
    "min": 148,
    "p50": 1276,
    "p95": 1928,
    "p99": 2551,
    "p999": 4029,
    "max": 4495,
    "mean": 1370.6920999999968,
    "samples": 1000000
  }
}