{
  "schema_version": "fr_bench_report/v1",
  "generated_at_ms": 1780969836525,
  "host": "127.0.0.1",
  "port": 48914,
  "workload": "hset",
  "clients": 50,
  "requests": 1000000,
  "pipeline": 16,
  "keyspace": 10000,
  "datasize": 3,
  "read_percent": 50,
  "db": 0,
  "key_prefix": "pass89:hset:profile2",
  "total_time_ms": 1675,
  "ops_per_sec": 596739.5587458981,
  "bytes_sent": 72338726,
  "bytes_received": 4000000,
  "latency_us": {
    "min": 68,
    "p50": 1253,
    "p95": 1751,
    "p99": 2557,
    "p999": 2961,
    "max": 5483,
    "mean": 1325.8536579999943,
    "samples": 1000000
  }
}