{
  "schema_version": "fr_bench_report/v1",
  "generated_at_ms": 1781036233888,
  "host": "127.0.0.1",
  "port": 26875,
  "workload": "set",
  "clients": 50,
  "requests": 1000000,
  "pipeline": 16,
  "keyspace": 10000,
  "datasize": 3,
  "read_percent": 50,
  "db": 0,
  "key_prefix": "zhphm-p5-pair-base",
  "total_time_ms": 1046,
  "ops_per_sec": 955815.3151473157,
  "bytes_sent": 60338443,
  "bytes_received": 5000000,
  "latency_us": {
    "min": 36,
    "p50": 751,
    "p95": 1170,
    "p99": 1510,
    "p999": 2635,
    "max": 3795,
    "mean": 822.3516459999996,
    "samples": 1000000
  }
}