{
  "schema_version": "fr_bench_report/v1",
  "generated_at_ms": 1781036246344,
  "host": "127.0.0.1",
  "port": 26876,
  "workload": "set",
  "clients": 50,
  "requests": 1000000,
  "pipeline": 16,
  "keyspace": 10000,
  "datasize": 3,
  "read_percent": 50,
  "db": 0,
  "key_prefix": "zhphm-p5-pair-cand",
  "total_time_ms": 1173,
  "ops_per_sec": 852241.5906746348,
  "bytes_sent": 60339145,
  "bytes_received": 5000000,
  "latency_us": {
    "min": 48,
    "p50": 860,
    "p95": 1289,
    "p99": 1811,
    "p999": 3141,
    "max": 4755,
    "mean": 925.1613419999985,
    "samples": 1000000
  }
}