{"bytes_received": 5000000, "bytes_sent": 62889000, "clients": 50, "datasize": 3, "elapsed_seconds": 4.727925991057418, "keyspace": 10000, "mix": "alternate", "ops_per_sec": 211509.2329895685, "pipeline": 16, "requests": 1000000, "schema": "frankenredis_svgvb_setex_bench_v1"}
