{"bytes_received": 5000000, "bytes_sent": 75888890, "clients": 50, "datasize": 3, "elapsed_seconds": 4.80694083403796, "keyspace": 1000000, "mix": "alternate", "ops_per_sec": 208032.51683877563, "pipeline": 16, "requests": 1000000, "schema": "frankenredis_svgvb_setex_bench_v1"}
