{
  "results": [
    {
      "command": "target-cod-pass15-baseline/release/fr-persist-rdb-multidb-bench --mode bench --dbs 4096 --entries-per-db 2 --iters 500",
      "mean": 0.17097346848,
      "stddev": 0.0035947513417408225,
      "median": 0.17088204938,
      "user": 0.16670038,
      "system": 0.00373522,
      "min": 0.16594284138,
      "max": 0.17666346138,
      "times": [
        0.17198611938,
        0.16594284138,
        0.16852082038,
        0.17666346138,
        0.17221690638,
        0.17562077738,
        0.17302607738,
        0.16956877438,
        0.16641092738,
        0.16977797938
      ],
      "exit_codes": [
        0,
        0,
        0,
        0,
        0,
        0,
        0,
        0,
        0,
        0
      ]
    }
  ]
}
