{
  "results": [
    {
      "command": "target-cod-pass15-baseline/release/fr-persist-rdb-multidb-bench --mode bench --dbs 4096 --entries-per-db 2 --iters 500",
      "mean": 0.25555946985,
      "stddev": 0.017932705684050157,
      "median": 0.24933040550000005,
      "user": 0.23355412000000003,
      "system": 0.0028795699999999997,
      "min": 0.23862030150000002,
      "max": 0.31746321850000003,
      "times": [
        0.24870309750000003,
        0.25371107750000005,
        0.31746321850000003,
        0.25442082050000003,
        0.24857564650000002,
        0.24531562550000002,
        0.2515690325,
        0.24639650150000003,
        0.2476087865,
        0.2464202075,
        0.23862030150000002,
        0.2389923155,
        0.2846526395,
        0.2680098455,
        0.2456324555,
        0.24981786850000004,
        0.24884294250000005,
        0.25903698950000004,
        0.25347250750000005,
        0.26392751750000004
      ],
      "exit_codes": [
        0,
        0,
        0,
        0,
        0,
        0,
        0,
        0,
        0,
        0,
        0,
        0,
        0,
        0,
        0,
        0,
        0,
        0,
        0,
        0
      ]
    },
    {
      "command": "target-cod-pass15-candidate/release/fr-persist-rdb-multidb-bench --mode bench --dbs 4096 --entries-per-db 2 --iters 500",
      "mean": 0.20951843155,
      "stddev": 0.02072853334330103,
      "median": 0.2123959705,
      "user": 0.20026346999999997,
      "system": 0.0026289890000000004,
      "min": 0.1427751195,
      "max": 0.23964702650000003,
      "times": [
        0.23964702650000003,
        0.2122109405,
        0.20941280350000002,
        0.2159366325,
        0.2125810005,
        0.20887235050000003,
        0.2072782125,
        0.22157440550000002,
        0.21204954450000002,
        0.2105964635,
        0.2139739175,
        0.2138270605,
        0.2119191285,
        0.21457019650000003,
        0.21162947050000003,
        0.23434036150000004,
        0.2167497625,
        0.2136336835,
        0.16679055050000002,
        0.1427751195
      ],
      "exit_codes": [
        0,
        0,
        0,
        0,
        0,
        0,
        0,
        0,
        0,
        0,
        0,
        0,
        0,
        0,
        0,
        0,
        0,
        0,
        0,
        0
      ]
    }
  ]
}
