{
  "results": [
    {
      "command": "target-cod-pass15-baseline/release/fr-persist-rdb-multidb-bench --mode bench --dbs 4096 --entries-per-db 2 --iters 500",
      "mean": 0.17933218266,
      "stddev": 0.013574478166299843,
      "median": 0.17447364126000003,
      "user": 0.17444826,
      "system": 0.003526,
      "min": 0.16641250176000003,
      "max": 0.22380522076,
      "times": [
        0.17492201976000002,
        0.17402526276000002,
        0.17092126576000002,
        0.17308319876000003,
        0.19371057776000003,
        0.18737854076000002,
        0.17602407676,
        0.16776595376,
        0.17077786476,
        0.19146769276000003,
        0.18929874676000003,
        0.17220356476,
        0.16641250176000003,
        0.17878427176000003,
        0.19018070676,
        0.22380522076,
        0.17087645176000002,
        0.16790461676000001,
        0.17000418076,
        0.17709693776000002
      ],
      "exit_codes": [
        0,
        0,
        0,
        0,
        0,
        0,
        0,
        0,
        0,
        0,
        0,
        0,
        0,
        0,
        0,
        0,
        0,
        0,
        0,
        0
      ]
    },
    {
      "command": "target-cod-pass15-candidate2/release/fr-persist-rdb-multidb-bench --mode bench --dbs 4096 --entries-per-db 2 --iters 500",
      "mean": 0.15574955596,
      "stddev": 0.00668385605501182,
      "median": 0.15552005176,
      "user": 0.15213450999999995,
      "system": 0.0031667,
      "min": 0.14533864676000002,
      "max": 0.17040228476000002,
      "times": [
        0.15741066076000002,
        0.14950156776,
        0.15309906776,
        0.15844234376000002,
        0.15228384476,
        0.16630146176000002,
        0.16225612376,
        0.14533864676000002,
        0.15238022776000001,
        0.15730836676,
        0.14718489276000002,
        0.15238943476000003,
        0.16340650076000002,
        0.15380498476,
        0.17040228476000002,
        0.15723511876000001,
        0.15795642376000002,
        0.14842270576000002,
        0.16129813976000001,
        0.14856832176
      ],
      "exit_codes": [
        0,
        0,
        0,
        0,
        0,
        0,
        0,
        0,
        0,
        0,
        0,
        0,
        0,
        0,
        0,
        0,
        0,
        0,
        0,
        0
      ]
    }
  ]
}
