{
  "results": [
    {
      "command": "target-cod-pass15-baseline/release/fr-persist-rdb-multidb-bench --mode bench --dbs 4096 --entries-per-db 2 --iters 500",
      "mean": 0.25037125591333337,
      "stddev": 0.019219877449835936,
      "median": 0.24689773038,
      "user": 0.22821819333333332,
      "system": 0.0029749400000000006,
      "min": 0.22561238738000003,
      "max": 0.30192187938,
      "times": [
        0.22561238738000003,
        0.23571300738000003,
        0.24152855538000004,
        0.24569445238,
        0.25898847737999997,
        0.22585980638000003,
        0.24770583938000001,
        0.26311741237999997,
        0.25897196538,
        0.24287690938000003,
        0.24867452338,
        0.24689773038,
        0.30192187938,
        0.27232935138,
        0.23967654138000002
      ],
      "exit_codes": [
        0,
        0,
        0,
        0,
        0,
        0,
        0,
        0,
        0,
        0,
        0,
        0,
        0,
        0,
        0
      ]
    },
    {
      "command": "target-cod-pass15-candidate/release/fr-persist-rdb-multidb-bench --mode bench --dbs 4096 --entries-per-db 2 --iters 500",
      "mean": 0.21707065398,
      "stddev": 0.007152581679418277,
      "median": 0.21409643938000003,
      "user": 0.20260272666666665,
      "system": 0.0019706066666666665,
      "min": 0.20882219438000002,
      "max": 0.23669662038000003,
      "times": [
        0.22246197538,
        0.21232073738,
        0.21221468738000002,
        0.20882219438000002,
        0.21048851938000002,
        0.21310437138000002,
        0.21617323038000003,
        0.21409643938000003,
        0.23669662038000003,
        0.22387870638000001,
        0.21726178138000002,
        0.22256997938000003,
        0.21992225738,
        0.21391633838000002,
        0.21213197138000003
      ],
      "exit_codes": [
        0,
        0,
        0,
        0,
        0,
        0,
        0,
        0,
        0,
        0,
        0,
        0,
        0,
        0,
        0
      ]
    }
  ]
}
