{
  "results": [
    {
      "command": "target-icywolf-pass49-harness-baseline/release/fr-persist-rdb-multidb-bench --mode bench --dbs 4096 --entries-per-db 2 --iters 4",
      "mean": 0.007799160056666667,
      "stddev": 0.0022818414133352295,
      "median": 0.00665017664,
      "user": 0.004549066666666666,
      "system": 0.0018874166666666664,
      "min": 0.00511888714,
      "max": 0.01324406714,
      "times": [
        0.00661128314,
        0.006256351140000001,
        0.006440099140000001,
        0.00588014814,
        0.00511888714,
        0.00668907014,
        0.00888968914,
        0.00952874914,
        0.006499481140000001,
        0.00926907814,
        0.00916301714,
        0.01324406714
      ],
      "exit_codes": [
        0,
        0,
        0,
        0,
        0,
        0,
        0,
        0,
        0,
        0,
        0,
        0
      ]
    }
  ]
}
