{
  "results": [
    {
      "command": "target-icywolf-pass49-harness-baseline/release/fr-persist-rdb-multidb-bench --mode bench --dbs 4096 --entries-per-db 2 --iters 500",
      "mean": 0.17219375268,
      "stddev": 0.008626923195556892,
      "median": 0.16810591948,
      "user": 0.16757402000000005,
      "system": 0.00331686,
      "min": 0.16443327798,
      "max": 0.18576765898,
      "times": [
        0.16915589298,
        0.16443327798,
        0.16664341498,
        0.16611954098,
        0.18527004698,
        0.18576765898,
        0.16466050798,
        0.16705594598,
        0.18182962098,
        0.17100161898
      ],
      "exit_codes": [
        0,
        0,
        0,
        0,
        0,
        0,
        0,
        0,
        0,
        0
      ]
    }
  ]
}
