{
  "results": [
    {
      "command": "target-icywolf-pass49-harness-baseline/release/fr-persist-rdb-multidb-bench --mode bench --dbs 4096 --entries-per-db 2 --iters 500",
      "mean": 0.17388607798000003,
      "stddev": 0.013413960137680135,
      "median": 0.17095959008,
      "user": 0.17061524,
      "system": 0.00245174,
      "min": 0.16015253758,
      "max": 0.20822238058,
      "times": [
        0.17414749858,
        0.16015253758,
        0.16575322758,
        0.20822238058,
        0.17770955658,
        0.16777168158,
        0.16728980758,
        0.16510189258,
        0.17575360258,
        0.17695859458000002
      ],
      "exit_codes": [
        0,
        0,
        0,
        0,
        0,
        0,
        0,
        0,
        0,
        0
      ]
    },
    {
      "command": "target-icywolf-pass49-harness-candidate/release/fr-persist-rdb-multidb-bench --mode bench --dbs 4096 --entries-per-db 2 --iters 500",
      "mean": 0.17647740908,
      "stddev": 0.0035702309471079582,
      "median": 0.17623607058000001,
      "user": 0.17370853999999997,
      "system": 0.00208454,
      "min": 0.17043424458,
      "max": 0.18275111858,
      "times": [
        0.17043424458,
        0.17619598958000002,
        0.18062566158,
        0.17230276458000002,
        0.17639016858,
        0.18275111858,
        0.17612181958,
        0.17627615158,
        0.17819640958,
        0.17547976258
      ],
      "exit_codes": [
        0,
        0,
        0,
        0,
        0,
        0,
        0,
        0,
        0,
        0
      ]
    }
  ]
}
