{
  "schema_version": "fr_bench_report/v1",
  "generated_at_ms": 1781357067102,
  "host": "127.0.0.1",
  "port": 25265,
  "workload": "lpush",
  "clients": 50,
  "requests": 1000000,
  "pipeline": 16,
  "keyspace": 100000,
  "datasize": 3,
  "read_percent": 50,
  "db": 0,
  "key_prefix": "9qbbb:cand",
  "total_time_ms": 1377,
  "ops_per_sec": 726098.3885462481,
  "bytes_sent": 53339154,
  "bytes_received": 5006843,
  "latency_us": {
    "min": 84,
    "p50": 1008,
    "p95": 1100,
    "p99": 6847,
    "p999": 8127,
    "max": 8223,
    "mean": 1089.7942730000004,
    "samples": 1000000
  }
}