{
  "schema_version": "fr_bench_report/v1",
  "generated_at_ms": 1781031659091,
  "host": "127.0.0.1",
  "port": 26822,
  "workload": "set",
  "clients": 50,
  "requests": 1000000,
  "pipeline": 16,
  "keyspace": 10000,
  "datasize": 3,
  "read_percent": 50,
  "db": 0,
  "key_prefix": "zhphm-p2-candidate",
  "total_time_ms": 1186,
  "ops_per_sec": 843084.4423732595,
  "bytes_sent": 60339485,
  "bytes_received": 5000000,
  "latency_us": {
    "min": 58,
    "p50": 877,
    "p95": 1338,
    "p99": 1816,
    "p999": 2689,
    "max": 4299,
    "mean": 934.4812340000001,
    "samples": 1000000
  }
}