{
  "schema_version": "fr_bench_report/v1",
  "generated_at_ms": 1781073709806,
  "host": "127.0.0.1",
  "port": 6650,
  "workload": "get",
  "clients": 50,
  "requests": 1000000,
  "pipeline": 16,
  "keyspace": 10000,
  "datasize": 3,
  "read_percent": 50,
  "db": 0,
  "key_prefix": "ohsk5:p122:baseline",
  "total_time_ms": 608,
  "ops_per_sec": 1644704.3889497465,
  "bytes_sent": 50889188,
  "bytes_received": 9000000,
  "latency_us": {
    "min": 46,
    "p50": 449,
    "p95": 690,
    "p99": 931,
    "p999": 1546,
    "max": 1945,
    "mean": 474.301206,
    "samples": 1000000
  }
}