{
  "schema_version": "fr_bench_report/v1",
  "generated_at_ms": 1781066151371,
  "host": "127.0.0.1",
  "port": 27020,
  "workload": "set",
  "clients": 50,
  "requests": 1000000,
  "pipeline": 16,
  "keyspace": 10000,
  "datasize": 3,
  "read_percent": 50,
  "db": 0,
  "key_prefix": "ohsk5-p114-base",
  "total_time_ms": 761,
  "ops_per_sec": 1312479.1474133357,
  "bytes_sent": 57338949,
  "bytes_received": 5000000,
  "latency_us": {
    "min": 52,
    "p50": 566,
    "p95": 868,
    "p99": 1316,
    "p999": 2433,
    "max": 3161,
    "mean": 595.9612919999987,
    "samples": 1000000
  }
}