{
  "schema_version": "fr_bench_report/v1",
  "generated_at_ms": 1780857150122,
  "host": "127.0.0.1",
  "port": 16562,
  "workload": "get",
  "clients": 50,
  "requests": 1000000,
  "pipeline": 16,
  "keyspace": 10000,
  "datasize": 3,
  "read_percent": 50,
  "db": 0,
  "key_prefix": "rf7sh:get:rev",
  "total_time_ms": 1954,
  "ops_per_sec": 511642.23800443875,
  "bytes_sent": 44888971,
  "bytes_received": 9000000,
  "latency_us": {
    "min": 42,
    "p50": 1281,
    "p95": 2987,
    "p99": 4199,
    "p999": 7859,
    "max": 47391,
    "mean": 1513.0819450000015,
    "samples": 1000000
  }
}