{
  "schema_version": "fr_bench_report/v1",
  "generated_at_ms": 1780857193599,
  "host": "127.0.0.1",
  "port": 16564,
  "workload": "get",
  "clients": 50,
  "requests": 1000000,
  "pipeline": 16,
  "keyspace": 10000,
  "datasize": 3,
  "read_percent": 50,
  "db": 0,
  "key_prefix": "rf7sh:get:1mnormal",
  "total_time_ms": 1440,
  "ops_per_sec": 694167.0403512463,
  "bytes_sent": 49888535,
  "bytes_received": 9000000,
  "latency_us": {
    "min": 59,
    "p50": 1116,
    "p95": 1394,
    "p99": 1696,
    "p999": 2363,
    "max": 4591,
    "mean": 1137.7048659999969,
    "samples": 1000000
  }
}