{
  "schema_version": "fr_bench_report/v1",
  "generated_at_ms": 1780857126960,
  "host": "127.0.0.1",
  "port": 16563,
  "workload": "get",
  "clients": 50,
  "requests": 1000000,
  "pipeline": 16,
  "keyspace": 10000,
  "datasize": 3,
  "read_percent": 50,
  "db": 0,
  "key_prefix": "rf7sh:get:rev",
  "total_time_ms": 2089,
  "ops_per_sec": 478566.5889300647,
  "bytes_sent": 44888520,
  "bytes_received": 9000000,
  "latency_us": {
    "min": 44,
    "p50": 1351,
    "p95": 2991,
    "p99": 3691,
    "p999": 5731,
    "max": 26719,
    "mean": 1549.7660470000021,
    "samples": 1000000
  }
}