{
  "schema_version": "fr_bench_report/v1",
  "generated_at_ms": 1780857109716,
  "host": "127.0.0.1",
  "port": 16563,
  "workload": "get",
  "clients": 50,
  "requests": 300000,
  "pipeline": 16,
  "keyspace": 10000,
  "datasize": 3,
  "read_percent": 50,
  "db": 0,
  "key_prefix": "rf7sh:get:paired",
  "total_time_ms": 451,
  "ops_per_sec": 665084.1255931827,
  "bytes_sent": 14366274,
  "bytes_received": 2700000,
  "latency_us": {
    "min": 45,
    "p50": 1140,
    "p95": 1527,
    "p99": 1898,
    "p999": 2357,
    "max": 3613,
    "mean": 1169.3625066666652,
    "samples": 300000
  }
}