{
  "schema_version": "fr_bench_report/v1",
  "generated_at_ms": 1780857212613,
  "host": "127.0.0.1",
  "port": 16565,
  "workload": "get",
  "clients": 50,
  "requests": 1000000,
  "pipeline": 16,
  "keyspace": 10000,
  "datasize": 3,
  "read_percent": 50,
  "db": 0,
  "key_prefix": "rf7sh:get:1mnormal",
  "total_time_ms": 1688,
  "ops_per_sec": 592126.154732082,
  "bytes_sent": 49889114,
  "bytes_received": 9000000,
  "latency_us": {
    "min": 45,
    "p50": 1229,
    "p95": 1988,
    "p99": 2919,
    "p999": 4047,
    "max": 9919,
    "mean": 1332.6944919999987,
    "samples": 1000000
  }
}