{
  "results": [
    {
      "command": "baseline",
      "mean": 0.5524629051533333,
      "stddev": 0.046594771426518404,
      "median": 0.5483740048200001,
      "user": 0.21964201333333333,
      "system": 0.5020504566666667,
      "min": 0.47650903882000006,
      "max": 0.63596776182,
      "times": [
        0.5112844228200001,
        0.55286791982,
        0.55828905482,
        0.62103657182,
        0.63596776182,
        0.58837848282,
        0.51958271682,
        0.51986634482,
        0.47650903882000006,
        0.54388008982,
        0.52649434482,
        0.5753981128200001
      ],
      "exit_codes": [
        0,
        0,
        0,
        0,
        0,
        0,
        0,
        0,
        0,
        0,
        0,
        0
      ]
    },
    {
      "command": "candidate",
      "mean": 0.5924745196533333,
      "stddev": 0.07097059095563414,
      "median": 0.59007300982,
      "user": 0.22692992999999997,
      "system": 0.47619312333333336,
      "min": 0.46862224682000003,
      "max": 0.71905356182,
      "times": [
        0.53288247182,
        0.71905356182,
        0.61386787882,
        0.61861295382,
        0.6935300628200001,
        0.5675606498200001,
        0.51869468482,
        0.6040360998200001,
        0.5622775898200001,
        0.6344461158200001,
        0.57610991982,
        0.46862224682000003
      ],
      "exit_codes": [
        0,
        0,
        0,
        0,
        0,
        0,
        0,
        0,
        0,
        0,
        0,
        0
      ]
    }
  ]
}
