{
  "results": [
    {
      "command": "candidate_1m",
      "mean": 1.7459153073200002,
      "stddev": 0.20548826531651457,
      "median": 1.68002366082,
      "user": 0.6991443000000002,
      "system": 1.4335222850000002,
      "min": 1.5348855703200002,
      "max": 2.15089624632,
      "times": [
        1.66580692532,
        1.64706810332,
        1.58518052832,
        1.5348855703200002,
        1.7377237173200002,
        1.6942403963200001,
        1.9515209713200001,
        2.15089624632
      ],
      "exit_codes": [
        0,
        0,
        0,
        0,
        0,
        0,
        0,
        0
      ]
    },
    {
      "command": "baseline_1m",
      "mean": 2.298494508195,
      "stddev": 0.1629986673516757,
      "median": 2.29288844082,
      "user": 0.639008425,
      "system": 1.30884591,
      "min": 2.03976501532,
      "max": 2.56266192132,
      "times": [
        2.43709462032,
        2.56266192132,
        2.3408835363200002,
        2.21288603532,
        2.36689429432,
        2.24489334532,
        2.18287729732,
        2.03976501532
      ],
      "exit_codes": [
        0,
        0,
        0,
        0,
        0,
        0,
        0,
        0
      ]
    }
  ]
}
