{
  "results": [
    {
      "command": "candidate_300k_rev",
      "mean": 0.6321003289733335,
      "stddev": 0.04073550412896688,
      "median": 0.62454635414,
      "user": 0.24398427666666664,
      "system": 0.50264663,
      "min": 0.58430370264,
      "max": 0.7415762756400001,
      "times": [
        0.61694845264,
        0.61356679964,
        0.63074310364,
        0.58430370264,
        0.64149291864,
        0.6719854066400001,
        0.7415762756400001,
        0.6260674336400001,
        0.62746139364,
        0.6015593596400001,
        0.62302527464,
        0.60647382664
      ],
      "exit_codes": [
        0,
        0,
        0,
        0,
        0,
        0,
        0,
        0,
        0,
        0,
        0,
        0
      ]
    },
    {
      "command": "baseline_300k_rev",
      "mean": 0.5497683710566668,
      "stddev": 0.06798538274366887,
      "median": 0.5354163406400001,
      "user": 0.2311984433333333,
      "system": 0.4861770466666666,
      "min": 0.47234787864,
      "max": 0.68696153064,
      "times": [
        0.61532765264,
        0.58972058664,
        0.68696153064,
        0.59573708064,
        0.59876463364,
        0.55917646464,
        0.48560186264,
        0.47507984964,
        0.51165621664,
        0.5099730596400001,
        0.49687363664,
        0.47234787864
      ],
      "exit_codes": [
        0,
        0,
        0,
        0,
        0,
        0,
        0,
        0,
        0,
        0,
        0,
        0
      ]
    }
  ]
}
