{
  "results": [
    {
      "command": "baseline_1m_normal",
      "mean": 1.6662322332,
      "stddev": 0.22607958214510626,
      "median": 1.5778882137,
      "user": 0.7700597799999999,
      "system": 1.6207985399999998,
      "min": 1.4557373272,
      "max": 2.1118693372,
      "times": [
        1.5308294571999999,
        1.5562525271999998,
        1.6539280212,
        1.5898564322,
        1.5659199952,
        2.0427721892,
        2.1118693372,
        1.6586010962,
        1.4965559492,
        1.4557373272
      ],
      "exit_codes": [
        0,
        0,
        0,
        0,
        0,
        0,
        0,
        0,
        0,
        0
      ]
    },
    {
      "command": "candidate_1m_normal",
      "mean": 1.6040740309000001,
      "stddev": 0.0994816369757493,
      "median": 1.5537999952,
      "user": 0.73976878,
      "system": 1.59071474,
      "min": 1.5118099192,
      "max": 1.8127367192000001,
      "times": [
        1.5118099192,
        1.5140543422000001,
        1.5470448112,
        1.5520345532,
        1.6695801942,
        1.5555654371999998,
        1.6201885732,
        1.5427820922,
        1.7149436672,
        1.8127367192000001
      ],
      "exit_codes": [
        0,
        0,
        0,
        0,
        0,
        0,
        0,
        0,
        0,
        0
      ]
    }
  ]
}
