{
  "results": [
    {
      "command": "target-cod-pass17-baseline/release/fr-persist-rdb-multidb-bench --mode bench --dbs 4096 --entries-per-db 2 --iters 500",
      "mean": 0.15365886960000003,
      "stddev": 0.009166440842395377,
      "median": 0.15250966460000004,
      "user": 0.15084994000000002,
      "system": 0.0023449499999999997,
      "min": 0.1431739636,
      "max": 0.17274692260000002,
      "times": [
        0.16368022760000003,
        0.15533678060000003,
        0.17274692260000002,
        0.14994106660000003,
        0.14803509760000003,
        0.15595700560000003,
        0.14330219660000001,
        0.1493371726,
        0.1431739636,
        0.15507826260000002
      ],
      "exit_codes": [
        0,
        0,
        0,
        0,
        0,
        0,
        0,
        0,
        0,
        0
      ]
    }
  ]
}
