{
  "results": [
    {
      "command": "target-cod-pass17-baseline/release/fr-persist-rdb-multidb-bench --mode bench --dbs 4096 --entries-per-db 2 --iters 500",
      "mean": 0.15799407186,
      "stddev": 0.005359885434336808,
      "median": 0.15950690876,
      "user": 0.15456044,
      "system": 0.0029995899999999995,
      "min": 0.14799514876,
      "max": 0.16679268876,
      "times": [
        0.16034945976,
        0.16059185876,
        0.16156609276,
        0.15495245076000003,
        0.14799514876,
        0.15181916976,
        0.15920321876000001,
        0.16679268876,
        0.14948232476,
        0.16533958676000002,
        0.16286329876000002,
        0.16513560076,
        0.16154295876000002,
        0.15384526476000002,
        0.15480504176,
        0.15986601376,
        0.15731683776000002,
        0.15226347976000001,
        0.15981059876,
        0.15434034276000003
      ],
      "exit_codes": [
        0,
        0,
        0,
        0,
        0,
        0,
        0,
        0,
        0,
        0,
        0,
        0,
        0,
        0,
        0,
        0,
        0,
        0,
        0,
        0
      ]
    },
    {
      "command": "target-cod-pass17-candidate/release/fr-persist-rdb-multidb-bench --mode bench --dbs 4096 --entries-per-db 2 --iters 500",
      "mean": 0.15232967711,
      "stddev": 0.009185102019221798,
      "median": 0.15098748976,
      "user": 0.14913889,
      "system": 0.0026632899999999996,
      "min": 0.14033951376,
      "max": 0.17288065576,
      "times": [
        0.14895089876,
        0.15226360076,
        0.15331993076,
        0.15981640076,
        0.14280676576,
        0.15157276276,
        0.14827676176000001,
        0.14558402376000001,
        0.14145013676,
        0.15040221676,
        0.14609172476,
        0.14033951376,
        0.17288065576,
        0.14422679376000003,
        0.16844055876000003,
        0.16114590776,
        0.14383844876000002,
        0.16231854776000001,
        0.16121437676000003,
        0.15165351576000002
      ],
      "exit_codes": [
        0,
        0,
        0,
        0,
        0,
        0,
        0,
        0,
        0,
        0,
        0,
        0,
        0,
        0,
        0,
        0,
        0,
        0,
        0,
        0
      ]
    }
  ]
}
