{
  "schema_version": "fr_bench_report/v1",
  "generated_at_ms": 1781035392289,
  "host": "127.0.0.1",
  "port": 26855,
  "workload": "set",
  "clients": 50,
  "requests": 1000000,
  "pipeline": 16,
  "keyspace": 10000,
  "datasize": 3,
  "read_percent": 50,
  "db": 0,
  "key_prefix": "zhphm-p4-rev-base",
  "total_time_ms": 1188,
  "ops_per_sec": 841507.7126058422,
  "bytes_sent": 59338787,
  "bytes_received": 5000000,
  "latency_us": {
    "min": 48,
    "p50": 888,
    "p95": 1272,
    "p99": 1701,
    "p999": 2877,
    "max": 3599,
    "mean": 935.7902820000003,
    "samples": 1000000
  }
}