{
  "schema_version": "fr_bench_report/v1",
  "generated_at_ms": 1781035380145,
  "host": "127.0.0.1",
  "port": 26854,
  "workload": "set",
  "clients": 50,
  "requests": 1000000,
  "pipeline": 16,
  "keyspace": 10000,
  "datasize": 3,
  "read_percent": 50,
  "db": 0,
  "key_prefix": "zhphm-p4-rev-cand",
  "total_time_ms": 1170,
  "ops_per_sec": 854272.3538785911,
  "bytes_sent": 59339166,
  "bytes_received": 5000000,
  "latency_us": {
    "min": 62,
    "p50": 876,
    "p95": 1220,
    "p99": 1557,
    "p999": 2949,
    "max": 3941,
    "mean": 922.6370169999997,
    "samples": 1000000
  }
}