{
  "schema_version": "fr_bench_report/v1",
  "generated_at_ms": 1780976135896,
  "host": "127.0.0.1",
  "port": 48232,
  "workload": "set",
  "clients": 50,
  "requests": 300000,
  "pipeline": 16,
  "keyspace": 10000,
  "datasize": 3,
  "read_percent": 50,
  "db": 0,
  "key_prefix": "om-ohsk5-3-cand",
  "total_time_ms": 484,
  "ops_per_sec": 619107.8206007389,
  "bytes_sent": 17016561,
  "bytes_received": 1500000,
  "latency_us": {
    "min": 94,
    "p50": 1181,
    "p95": 1757,
    "p99": 2465,
    "p999": 3781,
    "max": 4391,
    "mean": 1261.4043266666633,
    "samples": 300000
  }
}