{
  "schema_version": "fr_bench_report/v1",
  "generated_at_ms": 1780976184104,
  "host": "127.0.0.1",
  "port": 48234,
  "workload": "set",
  "clients": 50,
  "requests": 1000000,
  "pipeline": 16,
  "keyspace": 10000,
  "datasize": 3,
  "read_percent": 50,
  "db": 0,
  "key_prefix": "om-ohsk5-3-pair-cand",
  "total_time_ms": 2786,
  "ops_per_sec": 358922.162746451,
  "bytes_sent": 62339190,
  "bytes_received": 5000000,
  "latency_us": {
    "min": 44,
    "p50": 2031,
    "p95": 3339,
    "p99": 4443,
    "p999": 8099,
    "max": 12255,
    "mean": 2177.601857000004,
    "samples": 1000000
  }
}