{
  "schema_version": "fr_bench_report/v1",
  "generated_at_ms": 1780976170813,
  "host": "127.0.0.1",
  "port": 48233,
  "workload": "set",
  "clients": 50,
  "requests": 1000000,
  "pipeline": 16,
  "keyspace": 10000,
  "datasize": 3,
  "read_percent": 50,
  "db": 0,
  "key_prefix": "om-ohsk5-3-pair-base",
  "total_time_ms": 1703,
  "ops_per_sec": 586888.5771254604,
  "bytes_sent": 62339370,
  "bytes_received": 5000000,
  "latency_us": {
    "min": 43,
    "p50": 1187,
    "p95": 2105,
    "p99": 3133,
    "p999": 4383,
    "max": 11287,
    "mean": 1346.1976650000008,
    "samples": 1000000
  }
}