{
  "schema_version": "fr_bench_report/v1",
  "generated_at_ms": 1781031250727,
  "host": "127.0.0.1",
  "port": 26810,
  "workload": "set",
  "clients": 50,
  "requests": 1000000,
  "pipeline": 16,
  "keyspace": 10000,
  "datasize": 3,
  "read_percent": 50,
  "db": 0,
  "key_prefix": "zhphm-p2-base",
  "total_time_ms": 1236,
  "ops_per_sec": 808772.6855006106,
  "bytes_sent": 55338289,
  "bytes_received": 5000000,
  "latency_us": {
    "min": 86,
    "p50": 917,
    "p95": 1326,
    "p99": 1786,
    "p999": 2373,
    "max": 4007,
    "mean": 974.5755680000021,
    "samples": 1000000
  }
}