{
  "results": [
    {
      "command": "env OUT=artifacts/optimization/frankenredis-zhphm/pass2/baseline SERVER=/tmp/rch_target_fr_zhphm_base/release-perf/frankenredis BENCH=/tmp/rch_target_fr_zhphm_base/release-perf/fr-bench PORT=26810 WORKLOAD=set REQUESTS=1000000 JSON_OUT=artifacts/optimization/frankenredis-zhphm/pass2/baseline/baseline-set-p16-1m-last.json KEY_PREFIX=zhphm-p2-base artifacts/optimization/frankenredis-zhphm/pass1/run_fr_bench_once.sh",
      "mean": 1.3275538450600002,
      "stddev": 0.062030239820198924,
      "median": 1.31422244406,
      "user": 1.35969799,
      "system": 2.162613635,
      "min": 1.2499786695600001,
      "max": 1.4279718805600001,
      "times": [
        1.2499786695600001,
        1.39725480356,
        1.26106296856,
        1.3035822755600002,
        1.3521352745600002,
        1.4279718805600001,
        1.31730215656,
        1.3111427315600002
      ],
      "exit_codes": [
        0,
        0,
        0,
        0,
        0,
        0,
        0,
        0
      ]
    }
  ]
}
