{
  "schema_version": "fr_bench_report/v1",
  "generated_at_ms": 1781353426180,
  "host": "127.0.0.1",
  "port": 25226,
  "workload": "lpush",
  "clients": 50,
  "requests": 1000000,
  "pipeline": 16,
  "keyspace": 100000,
  "datasize": 3,
  "read_percent": 50,
  "db": 0,
  "key_prefix": "cms7p:pair",
  "total_time_ms": 1305,
  "ops_per_sec": 766199.3333949337,
  "bytes_sent": 53338565,
  "bytes_received": 4179341,
  "latency_us": {
    "min": 88,
    "p50": 974,
    "p95": 1165,
    "p99": 1794,
    "p999": 6087,
    "max": 6123,
    "mean": 1031.948312000001,
    "samples": 1000000
  }
}