{
  "schema_version": "fr_bench_report/v1",
  "generated_at_ms": 1781357531747,
  "host": "127.0.0.1",
  "port": 25268,
  "workload": "lpush",
  "clients": 50,
  "requests": 1000000,
  "pipeline": 16,
  "keyspace": 100000,
  "datasize": 3,
  "read_percent": 50,
  "db": 0,
  "key_prefix": "y3bpt:base",
  "total_time_ms": 1901,
  "ops_per_sec": 525796.3627187974,
  "bytes_sent": 53338695,
  "bytes_received": 5006808,
  "latency_us": {
    "min": 37,
    "p50": 1436,
    "p95": 1689,
    "p99": 10295,
    "p999": 12079,
    "max": 16319,
    "mean": 1505.366802999999,
    "samples": 1000000
  }
}