{
  "schema_version": "fr_bench_report/v1",
  "generated_at_ms": 1780517563188,
  "host": "127.0.0.1",
  "port": 20672,
  "workload": "set",
  "clients": 50,
  "requests": 500000,
  "pipeline": 16,
  "keyspace": 10000,
  "datasize": 3,
  "read_percent": 50,
  "db": 0,
  "key_prefix": "icywolf-pass31-lazy-base-direct2",
  "total_time_ms": 1774,
  "ops_per_sec": 281823.6531733289,
  "bytes_sent": 36894657,
  "bytes_received": 2500000,
  "latency_us": {
    "min": 135,
    "p50": 2595,
    "p95": 3835,
    "p99": 4511,
    "p999": 5359,
    "max": 6655,
    "mean": 2815.9881420000006,
    "samples": 500000
  }
}