{
  "results": [
    {
      "command": "target-icywolf-pass30-baseline-rch/release-perf/fr-bench --host 127.0.0.1 --port 20670 --clients 50 --requests 500000 --pipeline 16 --workload set --keyspace 10000 --datasize 3 --key-prefix icywolf-pass31-lazy-base-hf >/dev/null",
      "mean": 1.5884778003050002,
      "stddev": 0.0387147046255312,
      "median": 1.5826226146800002,
      "user": 0.38482026500000005,
      "system": 0.7116361949999999,
      "min": 1.5474938581800002,
      "max": 1.6523065991800001,
      "times": [
        1.6307600831800002,
        1.55970743318,
        1.5949696161800002,
        1.6523065991800001,
        1.60303663918,
        1.5702756131800002,
        1.5492725601800001,
        1.5474938581800002
      ],
      "exit_codes": [
        0,
        0,
        0,
        0,
        0,
        0,
        0,
        0
      ]
    }
  ]
}
