{
  "schema_version": "fr_bench_report/v1",
  "generated_at_ms": 1781068926357,
  "host": "127.0.0.1",
  "port": 6597,
  "workload": "set",
  "clients": 50,
  "requests": 1000000,
  "pipeline": 16,
  "keyspace": 10000,
  "datasize": 3,
  "read_percent": 50,
  "db": 0,
  "key_prefix": "ohsk5:p117:rev:base",
  "total_time_ms": 627,
  "ops_per_sec": 1592487.8830344023,
  "bytes_sent": 61339217,
  "bytes_received": 5000000,
  "latency_us": {
    "min": 46,
    "p50": 458,
    "p95": 702,
    "p99": 907,
    "p999": 1905,
    "max": 2907,
    "mean": 488.9410880000002,
    "samples": 1000000
  }
}