{
  "schema_version": "fr_bench_report/v1",
  "generated_at_ms": 1781068922120,
  "host": "127.0.0.1",
  "port": 6596,
  "workload": "set",
  "clients": 50,
  "requests": 1000000,
  "pipeline": 16,
  "keyspace": 10000,
  "datasize": 3,
  "read_percent": 50,
  "db": 0,
  "key_prefix": "ohsk5:p117:rev:cand",
  "total_time_ms": 594,
  "ops_per_sec": 1680716.933606982,
  "bytes_sent": 61339421,
  "bytes_received": 5000000,
  "latency_us": {
    "min": 50,
    "p50": 429,
    "p95": 697,
    "p99": 959,
    "p999": 1871,
    "max": 2681,
    "mean": 462.93382999999966,
    "samples": 1000000
  }
}