{
  "schema_version": "fr_bench_report/v1",
  "generated_at_ms": 1781119383759,
  "host": "127.0.0.1",
  "port": 6700,
  "workload": "get",
  "clients": 50,
  "requests": 1000000,
  "pipeline": 16,
  "keyspace": 10000,
  "datasize": 3,
  "read_percent": 50,
  "db": 0,
  "key_prefix": "ohsk5:p126:baseline",
  "total_time_ms": 647,
  "ops_per_sec": 1545177.5098764463,
  "bytes_sent": 50889039,
  "bytes_received": 9000000,
  "latency_us": {
    "min": 43,
    "p50": 481,
    "p95": 733,
    "p99": 927,
    "p999": 1130,
    "max": 1989,
    "mean": 505.0262200000006,
    "samples": 1000000
  }
}