{
  "schema_version": "fr_bench_report/v1",
  "generated_at_ms": 1781069455242,
  "host": "127.0.0.1",
  "port": 6600,
  "workload": "set",
  "clients": 50,
  "requests": 1000000,
  "pipeline": 16,
  "keyspace": 10000,
  "datasize": 3,
  "read_percent": 50,
  "db": 0,
  "key_prefix": "ohsk5:p118:baseline",
  "total_time_ms": 799,
  "ops_per_sec": 1251255.4095775373,
  "bytes_sent": 61338887,
  "bytes_received": 5000000,
  "latency_us": {
    "min": 53,
    "p50": 573,
    "p95": 999,
    "p99": 1666,
    "p999": 3335,
    "max": 7015,
    "mean": 621.581497,
    "samples": 1000000
  }
}