{
  "schema_version": "fr_bench_report/v1",
  "generated_at_ms": 1780507656581,
  "host": "127.0.0.1",
  "port": 20441,
  "workload": "set",
  "clients": 50,
  "requests": 500000,
  "pipeline": 16,
  "keyspace": 10000,
  "datasize": 3,
  "read_percent": 50,
  "db": 0,
  "key_prefix": "icywolf-post90810-strace",
  "total_time_ms": 6184,
  "ops_per_sec": 80845.20923990826,
  "bytes_sent": 32894692,
  "bytes_received": 2500000,
  "latency_us": {
    "min": 936,
    "p50": 9439,
    "p95": 14927,
    "p99": 20287,
    "p999": 27439,
    "max": 31903,
    "mean": 9854.677141999984,
    "samples": 500000
  }
}