{
  "schema_version": "fr_bench_report/v1",
  "generated_at_ms": 1780508276735,
  "host": "127.0.0.1",
  "port": 20451,
  "workload": "set",
  "clients": 50,
  "requests": 500000,
  "pipeline": 16,
  "keyspace": 10000,
  "datasize": 3,
  "read_percent": 50,
  "db": 0,
  "key_prefix": "icywolf-0grtm-candidate",
  "total_time_ms": 1719,
  "ops_per_sec": 290813.4614601298,
  "bytes_sent": 32394421,
  "bytes_received": 2500000,
  "latency_us": {
    "min": 110,
    "p50": 2573,
    "p95": 3613,
    "p99": 4147,
    "p999": 4771,
    "max": 5963,
    "mean": 2727.4990620000053,
    "samples": 500000
  }
}