{
  "schema_version": "fr_bench_report/v1",
  "generated_at_ms": 1781117498006,
  "host": "127.0.0.1",
  "port": 6683,
  "workload": "get",
  "clients": 50,
  "requests": 1000000,
  "pipeline": 16,
  "keyspace": 10000,
  "datasize": 3,
  "read_percent": 50,
  "db": 0,
  "key_prefix": "ohsk5:p125:paired:baseline",
  "total_time_ms": 766,
  "ops_per_sec": 1305177.0396758276,
  "bytes_sent": 57888696,
  "bytes_received": 9000000,
  "latency_us": {
    "min": 44,
    "p50": 569,
    "p95": 884,
    "p99": 1217,
    "p999": 1640,
    "max": 2635,
    "mean": 599.9534939999993,
    "samples": 1000000
  }
}