{
  "results": [
    {
      "command": "OUT=artifacts/optimization/frankenredis-ohsk5/pass125/candidate/reversed-candidate SERVER=/tmp/rch_target_fr_ohsk5_p125_candidate/release-perf/frankenredis BENCH=/tmp/rch_target_fr_ohsk5_p125_candidate/release-perf/fr-bench PORT=6685 WORKLOAD=get REQUESTS=1000000 JSON_OUT=artifacts/optimization/frankenredis-ohsk5/pass125/candidate/reversed-candidate-last.json KEY_PREFIX=ohsk5:p125:reversed:candidate artifacts/optimization/frankenredis-zhphm/pass1/run_fr_bench_once.sh",
      "mean": 0.7086855303085715,
      "stddev": 0.05186989966937904,
      "median": 0.7030703518800001,
      "user": 1.1109061514285714,
      "system": 2.2336146657142852,
      "min": 0.6228150438800001,
      "max": 0.7741192208800001,
      "times": [
        0.7030703518800001,
        0.6228150438800001,
        0.7295529538800001,
        0.6901592148800001,
        0.6793323228800001,
        0.7741192208800001,
        0.7617496038800001
      ],
      "exit_codes": [
        0,
        0,
        0,
        0,
        0,
        0,
        0
      ]
    },
    {
      "command": "OUT=artifacts/optimization/frankenredis-ohsk5/pass125/candidate/reversed-baseline SERVER=/tmp/rch_target_fr_ohsk5_p125_current/release-perf/frankenredis BENCH=/tmp/rch_target_fr_ohsk5_p125_current/release-perf/fr-bench PORT=6686 WORKLOAD=get REQUESTS=1000000 JSON_OUT=artifacts/optimization/frankenredis-ohsk5/pass125/candidate/reversed-baseline-last.json KEY_PREFIX=ohsk5:p125:reversed:baseline artifacts/optimization/frankenredis-zhphm/pass1/run_fr_bench_once.sh",
      "mean": 0.8700235754514286,
      "stddev": 0.05296674527203885,
      "median": 0.8781715168800001,
      "user": 1.2875447228571428,
      "system": 2.469630665714285,
      "min": 0.7725139318800001,
      "max": 0.9290796308800001,
      "times": [
        0.7725139318800001,
        0.9249076068800001,
        0.8781715168800001,
        0.9290796308800001,
        0.84686369788,
        0.87982803888,
        0.8588006048800001
      ],
      "exit_codes": [
        0,
        0,
        0,
        0,
        0,
        0,
        0
      ]
    }
  ]
}
