{
  "schema_version": "fr_bench_report/v1",
  "generated_at_ms": 1780761433231,
  "host": "127.0.0.1",
  "port": 20652,
  "workload": "set",
  "clients": 50,
  "requests": 300000,
  "pipeline": 16,
  "keyspace": 10000,
  "datasize": 3,
  "read_percent": 50,
  "db": 0,
  "key_prefix": "cod-pass41-cand-hf",
  "total_time_ms": 870,
  "ops_per_sec": 344745.7380210578,
  "bytes_sent": 17916772,
  "bytes_received": 1500000,
  "latency_us": {
    "min": 66,
    "p50": 2293,
    "p95": 2995,
    "p99": 3649,
    "p999": 4507,
    "max": 5023,
    "mean": 2277.6986500000025,
    "samples": 300000
  }
}