{"bytes_received": 5000000, "bytes_sent": 65889000, "clients": 50, "datasize": 3, "elapsed_seconds": 4.367488358984701, "keyspace": 10000, "mix": "alternate", "ops_per_sec": 228964.54845559507, "pipeline": 16, "requests": 1000000, "schema": "frankenredis_svgvb_setex_bench_v1"}
