{
  "results": [
    {
      "command": "python3 artifacts/optimization/frankenredis-svgvb/run_setex_bench_once.py --server-bin /tmp/codex-fr-pass75-profile-target/release-perf/frankenredis --port 26681 --requests 1000000 --clients 50 --pipeline 16 --keyspace 10000 --datasize 3 --mix alternate --key-prefix freuhztbase --json-out artifacts/optimization/frankenredis-euhzt/baseline/last-setex-p16-1m.json",
      "mean": 4.418789066885714,
      "stddev": 0.05536478633481047,
      "median": 4.4184882405999995,
      "user": 6.793870705714285,
      "system": 5.441034934285715,
      "min": 4.3282854336,
      "max": 4.4848565996,
      "times": [
        4.3282854336,
        4.4360415976,
        4.3729942196,
        4.4136365226,
        4.4772208546,
        4.4184882405999995,
        4.4848565996
      ],
      "exit_codes": [
        0,
        0,
        0,
        0,
        0,
        0,
        0
      ]
    }
  ]
}
