{
  "results": [
    {
      "command": "python3 artifacts/optimization/frankenredis-svgvb/run_setex_bench_once.py --server-bin /tmp/codex-fr-euhzt-candidate-target/release-perf/frankenredis --port 26684 --requests 1000000 --clients 50 --pipeline 16 --keyspace 10000 --datasize 3 --mix alternate --key-prefix freuhztcandrev --json-out artifacts/optimization/frankenredis-euhzt/candidate/last-reversed-setex-p16-1m.json",
      "mean": 4.440288417833333,
      "stddev": 0.019454107182813807,
      "median": 4.4446575665,
      "user": 6.90756033111111,
      "system": 5.474065182222221,
      "min": 4.393782198499999,
      "max": 4.4582968745,
      "times": [
        4.4487610024999995,
        4.4397027665,
        4.4555116935,
        4.4517234825,
        4.393782198499999,
        4.4446575665,
        4.4391165455,
        4.4582968745,
        4.4310436305
      ],
      "exit_codes": [
        0,
        0,
        0,
        0,
        0,
        0,
        0,
        0,
        0
      ]
    },
    {
      "command": "python3 artifacts/optimization/frankenredis-svgvb/run_setex_bench_once.py --server-bin /tmp/codex-fr-pass75-profile-target/release-perf/frankenredis --port 26685 --requests 1000000 --clients 50 --pipeline 16 --keyspace 10000 --datasize 3 --mix alternate --key-prefix freuhztbaserev --json-out artifacts/optimization/frankenredis-euhzt/baseline/last-reversed-setex-p16-1m.json",
      "mean": 4.420190481277778,
      "stddev": 0.042759171079429885,
      "median": 4.4193949135,
      "user": 6.873321331111111,
      "system": 5.4455399600000005,
      "min": 4.3638576895,
      "max": 4.4816736624999995,
      "times": [
        4.4507181295,
        4.3724345195,
        4.4529157545,
        4.3733890475,
        4.4132257995,
        4.4193949135,
        4.4816736624999995,
        4.4541048155,
        4.3638576895
      ],
      "exit_codes": [
        0,
        0,
        0,
        0,
        0,
        0,
        0,
        0,
        0
      ]
    }
  ]
}
