{
  "results": [
    {
      "command": "PORT=6397; SERVER=/data/tmp/cargo-target/release-perf/frankenredis; BENCH=/data/tmp/cargo-target/release-perf/fr-bench; LOG=artifacts/optimization/frankenredis-ohsk5/pass126-fused-get/baseline-server.log; JSON=artifacts/optimization/frankenredis-ohsk5/pass126-fused-get/baseline-last.json; \"$SERVER\" --port \"$PORT\" >\"$LOG\" 2>&1 & srv=$!; sleep 0.15; \"$BENCH\" --port \"$PORT\" --workload get --clients 50 --requests 1000000 --pipeline 16 --json-out \"$JSON\" >/dev/null; status=$?; kill \"$srv\" 2>/dev/null || true; wait \"$srv\" 2>/dev/null || true; exit \"$status\"",
      "mean": 1.0236577730399998,
      "stddev": 0.05335795724810707,
      "median": 1.03310839274,
      "user": 1.3846114999999997,
      "system": 2.6212852599999996,
      "min": 0.93373499774,
      "max": 1.0988813467399998,
      "times": [
        0.93373499774,
        1.05639358774,
        1.0576724197399998,
        1.0687791497399999,
        1.0334139757399998,
        1.00063921274,
        0.94124091574,
        1.01301931474,
        1.0988813467399998,
        1.03280280974
      ],
      "exit_codes": [
        0,
        0,
        0,
        0,
        0,
        0,
        0,
        0,
        0,
        0
      ]
    }
  ]
}
