{
  "schema_version": "fr_bench_report/v1",
  "generated_at_ms": 1781140635096,
  "host": "127.0.0.1",
  "port": 6401,
  "workload": "get",
  "clients": 50,
  "requests": 1000000,
  "pipeline": 16,
  "keyspace": 10000,
  "datasize": 3,
  "read_percent": 50,
  "db": 0,
  "key_prefix": "fr:bench:1781140634172",
  "total_time_ms": 900,
  "ops_per_sec": 1110173.0555854868,
  "bytes_sent": 53889008,
  "bytes_received": 9000000,
  "latency_us": {
    "min": 51,
    "p50": 646,
    "p95": 1143,
    "p99": 1837,
    "p999": 3385,
    "max": 18991,
    "mean": 704.4104710000009,
    "samples": 1000000
  }
}