{
  "schema_version": "fr_bench_report/v1",
  "generated_at_ms": 1781140646536,
  "host": "127.0.0.1",
  "port": 6402,
  "workload": "get",
  "clients": 50,
  "requests": 1000000,
  "pipeline": 16,
  "keyspace": 10000,
  "datasize": 3,
  "read_percent": 50,
  "db": 0,
  "key_prefix": "fr:bench:1781140645826",
  "total_time_ms": 685,
  "ops_per_sec": 1459332.7814068652,
  "bytes_sent": 53889191,
  "bytes_received": 9000000,
  "latency_us": {
    "min": 44,
    "p50": 497,
    "p95": 797,
    "p99": 1037,
    "p999": 1489,
    "max": 14175,
    "mean": 534.7865250000004,
    "samples": 1000000
  }
}