{
  "schema_version": "fr_bench_report/v1",
  "generated_at_ms": 1781140691697,
  "host": "127.0.0.1",
  "port": 6404,
  "workload": "get",
  "clients": 50,
  "requests": 1000000,
  "pipeline": 16,
  "keyspace": 10000,
  "datasize": 3,
  "read_percent": 50,
  "db": 0,
  "key_prefix": "fr:bench:1781140690752",
  "total_time_ms": 913,
  "ops_per_sec": 1095022.447565967,
  "bytes_sent": 53889421,
  "bytes_received": 9000000,
  "latency_us": {
    "min": 57,
    "p50": 619,
    "p95": 1370,
    "p99": 1941,
    "p999": 2655,
    "max": 26815,
    "mean": 714.406319999999,
    "samples": 1000000
  }
}