{"bytes_received": 5000000, "bytes_sent": 64889000, "clients": 50, "datasize": 3, "elapsed_seconds": 4.178748145001009, "keyspace": 10000, "mix": "alternate", "ops_per_sec": 239306.11879452202, "pipeline": 16, "requests": 1000000, "schema": "frankenredis_svgvb_setex_bench_v1"}
