{
  "schema_version": "fr_bench_report/v1",
  "generated_at_ms": 1781071546662,
  "host": "127.0.0.1",
  "port": 6614,
  "workload": "set",
  "clients": 50,
  "requests": 1000000,
  "pipeline": 16,
  "keyspace": 10000,
  "datasize": 3,
  "read_percent": 50,
  "db": 0,
  "key_prefix": "ohsk5:p119:paired:baseline",
  "total_time_ms": 593,
  "ops_per_sec": 1684376.9980816867,
  "bytes_sent": 68339080,
  "bytes_received": 5000000,
  "latency_us": {
    "min": 51,
    "p50": 426,
    "p95": 685,
    "p99": 1088,
    "p999": 2329,
    "max": 3631,
    "mean": 461.4363659999998,
    "samples": 1000000
  }
}