{
  "schema_version": "fr_bench_report/v1",
  "generated_at_ms": 1781071550070,
  "host": "127.0.0.1",
  "port": 6615,
  "workload": "set",
  "clients": 50,
  "requests": 1000000,
  "pipeline": 16,
  "keyspace": 10000,
  "datasize": 3,
  "read_percent": 50,
  "db": 0,
  "key_prefix": "ohsk5:p119:paired:candidate",
  "total_time_ms": 659,
  "ops_per_sec": 1516254.1006732043,
  "bytes_sent": 69339442,
  "bytes_received": 5000000,
  "latency_us": {
    "min": 43,
    "p50": 463,
    "p95": 812,
    "p99": 1158,
    "p999": 2161,
    "max": 2521,
    "mean": 513.9846699999997,
    "samples": 1000000
  }
}