{
  "schema_version": "fr_bench_report/v1",
  "generated_at_ms": 1781151634100,
  "host": "127.0.0.1",
  "port": 6785,
  "workload": "get",
  "clients": 50,
  "requests": 1000000,
  "pipeline": 16,
  "keyspace": 10000,
  "datasize": 3,
  "read_percent": 50,
  "db": 0,
  "key_prefix": "ohsk5:p133:paired:candidate",
  "total_time_ms": 786,
  "ops_per_sec": 1270679.0692940636,
  "bytes_sent": 58889177,
  "bytes_received": 9000000,
  "latency_us": {
    "min": 41,
    "p50": 537,
    "p95": 1124,
    "p99": 2317,
    "p999": 3895,
    "max": 6083,
    "mean": 612.5945180000018,
    "samples": 1000000
  }
}