{
  "schema_version": "fr_bench_report/v1",
  "generated_at_ms": 1781356290472,
  "host": "127.0.0.1",
  "port": 25259,
  "workload": "lpush",
  "clients": 50,
  "requests": 5000000,
  "pipeline": 16,
  "keyspace": 100000,
  "datasize": 3,
  "read_percent": 50,
  "db": 0,
  "key_prefix": "yjedr:pair3base",
  "total_time_ms": 8860,
  "ops_per_sec": 564270.8936800599,
  "bytes_sent": 293894424,
  "bytes_received": 30000000,
  "latency_us": {
    "min": 71,
    "p50": 1298,
    "p95": 1481,
    "p99": 7483,
    "p999": 8503,
    "max": 9399,
    "mean": 1409.7135888,
    "samples": 5000000
  }
}