{
  "schema_version": "fr_bench_report/v1",
  "generated_at_ms": 1781356340258,
  "host": "127.0.0.1",
  "port": 25260,
  "workload": "lpush",
  "clients": 50,
  "requests": 5000000,
  "pipeline": 16,
  "keyspace": 100000,
  "datasize": 3,
  "read_percent": 50,
  "db": 0,
  "key_prefix": "yjedr:pair3cand",
  "total_time_ms": 9720,
  "ops_per_sec": 514386.08771280845,
  "bytes_sent": 293894366,
  "bytes_received": 30000000,
  "latency_us": {
    "min": 95,
    "p50": 1412,
    "p95": 1775,
    "p99": 8287,
    "p999": 10063,
    "max": 10639,
    "mean": 1547.2414021999984,
    "samples": 5000000
  }
}