{
  "results": [
    {
      "command": "baseline",
      "mean": 8.88361550754,
      "stddev": 0.8128124295969543,
      "median": 8.86409061314,
      "user": 3.50828634,
      "system": 4.996521759999999,
      "min": 7.594486111139999,
      "max": 9.65202436014,
      "times": [
        7.594486111139999,
        8.80442774214,
        9.50304871114,
        9.65202436014,
        8.86409061314
      ],
      "exit_codes": [
        0,
        0,
        0,
        0,
        0
      ]
    },
    {
      "command": "candidate",
      "mean": 8.66954219974,
      "stddev": 1.404920491682136,
      "median": 9.19892301514,
      "user": 3.4900087399999995,
      "system": 5.049301359999999,
      "min": 6.366703752139999,
      "max": 9.72282775414,
      "times": [
        6.366703752139999,
        8.34291031314,
        9.19892301514,
        9.71634616414,
        9.72282775414
      ],
      "exit_codes": [
        0,
        0,
        0,
        0,
        0
      ]
    }
  ]
}
