{
  "results": [
    {
      "command": "baseline-3jcbz-getset",
      "mean": 2.1399985961400003,
      "stddev": 0.01267129680983804,
      "median": 2.1411649403400004,
      "user": 2.9320838800000004,
      "system": 1.7953713199999999,
      "min": 2.11325981284,
      "max": 2.15370953484,
      "times": [
        2.14349880584,
        2.11325981284,
        2.13883107484,
        2.1336120428400003,
        2.15370953484,
        2.13458638684,
        2.14738827684,
        2.15296974884,
        2.15186503784,
        2.13026523984
      ],
      "exit_codes": [
        0,
        0,
        0,
        0,
        0,
        0,
        0,
        0,
        0,
        0
      ]
    }
  ]
}
