{
  "results": [
    {
      "command": "baseline-gogmd-getset",
      "mean": 2.15672168378,
      "stddev": 0.02303234346535862,
      "median": 2.16242144038,
      "user": 2.9513915600000002,
      "system": 1.8117023999999997,
      "min": 2.10646331938,
      "max": 2.19174635238,
      "times": [
        2.1739057973800002,
        2.10646331938,
        2.1674764103800004,
        2.1648478783800003,
        2.19174635238,
        2.16510592338,
        2.15179420138,
        2.14840312338,
        2.13747882938,
        2.15999500238
      ],
      "exit_codes": [
        0,
        0,
        0,
        0,
        0,
        0,
        0,
        0,
        0,
        0
      ]
    }
  ]
}
