{
  "schema_version": "fr_bench_report/v1",
  "generated_at_ms": 1781115403338,
  "host": "127.0.0.1",
  "port": 6661,
  "workload": "get",
  "clients": 50,
  "requests": 3000000,
  "pipeline": 16,
  "keyspace": 10000,
  "datasize": 3,
  "read_percent": 50,
  "db": 0,
  "key_prefix": "ohsk5:p123:profile",
  "total_time_ms": 2558,
  "ops_per_sec": 1172512.6705578703,
  "bytes_sent": 149667501,
  "bytes_received": 27000000,
  "latency_us": {
    "min": 50,
    "p50": 640,
    "p95": 963,
    "p99": 1290,
    "p999": 1999,
    "max": 10295,
    "mean": 671.8770199999998,
    "samples": 3000000
  }
}