{
  "results": [
    {
      "command": "/data/tmp/frankenredis-y3bpt-candidate-target/release/fr-bench --port 25271 --workload lpush --clients 50 --pipeline 16 --requests 1000000 --keyspace 100000 --key-prefix y3bpt:cand --json-out artifacts/optimization/frankenredis-y3bpt/candidate-run1/lpush-p16-c50-n1m-last.json",
      "mean": 1.4817511344542855,
      "stddev": 0.0527544622124674,
      "median": 1.47350034074,
      "user": 0.7931633142857143,
      "system": 1.234834794285714,
      "min": 1.41934271174,
      "max": 1.58734263874,
      "times": [
        1.58734263874,
        1.4950172237400001,
        1.44643133974,
        1.48161030074,
        1.41934271174,
        1.47350034074,
        1.46901338574
      ],
      "exit_codes": [
        0,
        0,
        0,
        0,
        0,
        0,
        0
      ]
    }
  ]
}
