{
  "results": [
    {
      "command": "OUT=artifacts/optimization/frankenredis-zhphm/pass5/baseline SERVER=/tmp/rch_target_fr_zhphm_p5_baseline/release-perf/frankenredis BENCH=/tmp/rch_target_fr_zhphm_p5_baseline/release-perf/fr-bench PORT=26870 WORKLOAD=set REQUESTS=1000000 JSON_OUT=artifacts/optimization/frankenredis-zhphm/pass5/baseline/baseline-set-p16-1m-last.json KEY_PREFIX=zhphm-p5-base artifacts/optimization/frankenredis-zhphm/pass1/run_fr_bench_once.sh",
      "mean": 1.18852607395,
      "stddev": 0.04592703512024633,
      "median": 1.1881782287,
      "user": 1.19830077,
      "system": 1.9693810450000002,
      "min": 1.1138509947,
      "max": 1.2427927897,
      "times": [
        1.2396583107,
        1.1138509947,
        1.1669455457,
        1.1579628497,
        1.2427927897,
        1.1588507417,
        1.2094109117,
        1.2187364477
      ],
      "exit_codes": [
        0,
        0,
        0,
        0,
        0,
        0,
        0,
        0
      ]
    }
  ]
}
