{
  "schema_version": "fr_bench_report/v1",
  "generated_at_ms": 1781035897245,
  "host": "127.0.0.1",
  "port": 26870,
  "workload": "set",
  "clients": 50,
  "requests": 1000000,
  "pipeline": 16,
  "keyspace": 10000,
  "datasize": 3,
  "read_percent": 50,
  "db": 0,
  "key_prefix": "zhphm-p5-base",
  "total_time_ms": 1147,
  "ops_per_sec": 871483.672751648,
  "bytes_sent": 55338659,
  "bytes_received": 5000000,
  "latency_us": {
    "min": 54,
    "p50": 846,
    "p95": 1249,
    "p99": 1552,
    "p999": 2503,
    "max": 3135,
    "mean": 903.1016280000001,
    "samples": 1000000
  }
}