{"bytes_received": 5000000, "bytes_sent": 70888890, "clients": 50, "datasize": 3, "elapsed_seconds": 5.650534178945236, "keyspace": 1000000, "mix": "alternate", "ops_per_sec": 176974.4184056358, "pipeline": 16, "requests": 1000000, "schema": "frankenredis_svgvb_setex_bench_v1"}
