{
  "results": [
    {
      "command": "/tmp/codex-fr-pass63-baseline-target/release-perf/fr-bench --host 127.0.0.1 --port 6465 --clients 16 --requests 300000 --pipeline 16 --workload get --key-prefix fr:pass63:baseline --json-out artifacts/optimization/frankenredis-pass63-get-direct-encode/baseline-get-p16-300k-last.json",
      "mean": 0.3887565232533333,
      "stddev": 0.009752468332736181,
      "median": 0.38687332452,
      "user": 0.18179856666666663,
      "system": 0.36597603333333334,
      "min": 0.37003648052000004,
      "max": 0.40478277952,
      "times": [
        0.40309680552000005,
        0.39913181452,
        0.37791019552000005,
        0.38687332452,
        0.38768998152,
        0.38160973352000005,
        0.40478277952,
        0.37003648052000004,
        0.38649628952000004,
        0.39693309952000005,
        0.38508798152,
        0.38583088952000005,
        0.39432893652,
        0.39265084852000004,
        0.37888868852
      ],
      "exit_codes": [
        0,
        0,
        0,
        0,
        0,
        0,
        0,
        0,
        0,
        0,
        0,
        0,
        0,
        0,
        0
      ]
    }
  ]
}
