{
  "schema_version": "fr_bench_report/v1",
  "generated_at_ms": 1780865669983,
  "host": "127.0.0.1",
  "port": 6465,
  "workload": "get",
  "clients": 16,
  "requests": 300000,
  "pipeline": 16,
  "keyspace": 10000,
  "datasize": 3,
  "read_percent": 50,
  "db": 0,
  "key_prefix": "fr:pass63:baseline",
  "total_time_ms": 364,
  "ops_per_sec": 822309.6939844919,
  "bytes_sent": 14966917,
  "bytes_received": 2700000,
  "latency_us": {
    "min": 31,
    "p50": 294,
    "p95": 381,
    "p99": 570,
    "p999": 948,
    "max": 1368,
    "mean": 301.2063966666669,
    "samples": 300000
  }
}