{
  "schema_version": "fr_bench_report/v1",
  "generated_at_ms": 1780866470129,
  "host": "127.0.0.1",
  "port": 6466,
  "workload": "get",
  "clients": 16,
  "requests": 300000,
  "pipeline": 16,
  "keyspace": 10000,
  "datasize": 3,
  "read_percent": 50,
  "db": 0,
  "key_prefix": "fr:pass63:baseline-paired",
  "total_time_ms": 399,
  "ops_per_sec": 751825.0760472944,
  "bytes_sent": 17066583,
  "bytes_received": 2700000,
  "latency_us": {
    "min": 34,
    "p50": 314,
    "p95": 472,
    "p99": 633,
    "p999": 1042,
    "max": 1750,
    "mean": 330.631943333334,
    "samples": 300000
  }
}