{
  "schema_version": "fr_bench_report/v1",
  "generated_at_ms": 1780866501458,
  "host": "127.0.0.1",
  "port": 6467,
  "workload": "get",
  "clients": 16,
  "requests": 1000000,
  "pipeline": 16,
  "keyspace": 10000,
  "datasize": 3,
  "read_percent": 50,
  "db": 0,
  "key_prefix": "fr:pass63:candidate-reversed",
  "total_time_ms": 1189,
  "ops_per_sec": 840495.2882401475,
  "bytes_sent": 59889320,
  "bytes_received": 9000000,
  "latency_us": {
    "min": 26,
    "p50": 290,
    "p95": 373,
    "p99": 606,
    "p999": 1053,
    "max": 1843,
    "mean": 297.32687899999974,
    "samples": 1000000
  }
}