{
  "results": [
    {
      "command": "/tmp/codex-fr-pass63-baseline-target/release-perf/fr-bench --host 127.0.0.1 --port 6466 --clients 16 --requests 300000 --pipeline 16 --workload get --key-prefix fr:pass63:baseline-paired --json-out artifacts/optimization/frankenredis-pass63-get-direct-encode/baseline-get-p16-300k-paired-last.json",
      "mean": 0.3931857454133334,
      "stddev": 0.013659104733167376,
      "median": 0.39352960188,
      "user": 0.18053985999999997,
      "system": 0.35802094,
      "min": 0.36344759888000006,
      "max": 0.41358172788,
      "times": [
        0.38710329988000003,
        0.39367793388000005,
        0.38438319688000006,
        0.39338545988000007,
        0.37297798188000003,
        0.36344759888000006,
        0.40115165088000004,
        0.39476187688000003,
        0.41104168588000006,
        0.39352960188,
        0.39889371388000006,
        0.41156393488000004,
        0.38969591088000005,
        0.38859060688,
        0.41358172788
      ],
      "exit_codes": [
        0,
        0,
        0,
        0,
        0,
        0,
        0,
        0,
        0,
        0,
        0,
        0,
        0,
        0,
        0
      ]
    },
    {
      "command": "/tmp/codex-fr-pass63-candidate-target/release-perf/fr-bench --host 127.0.0.1 --port 6467 --clients 16 --requests 300000 --pipeline 16 --workload get --key-prefix fr:pass63:candidate-paired --json-out artifacts/optimization/frankenredis-pass63-get-direct-encode/candidate-get-p16-300k-paired-last.json",
      "mean": 0.40238721641333336,
      "stddev": 0.027513407595737182,
      "median": 0.40355306088000004,
      "user": 0.17546739333333333,
      "system": 0.3577612733333334,
      "min": 0.36438913188000005,
      "max": 0.45786089488000004,
      "times": [
        0.37019334688000005,
        0.36628024388,
        0.37848649688,
        0.40833456688,
        0.41697767988000006,
        0.43353622688000004,
        0.38738935188000007,
        0.36438913188000005,
        0.40243481188,
        0.41805777688000006,
        0.43708154388000003,
        0.45786089488000004,
        0.40355306088000004,
        0.40508974188,
        0.38614337088000006
      ],
      "exit_codes": [
        0,
        0,
        0,
        0,
        0,
        0,
        0,
        0,
        0,
        0,
        0,
        0,
        0,
        0,
        0
      ]
    }
  ]
}
