{
  "schema_version": "fr_bench_report/v1",
  "generated_at_ms": 1781068151263,
  "host": "127.0.0.1",
  "port": 6580,
  "workload": "set",
  "clients": 50,
  "requests": 1000000,
  "pipeline": 16,
  "keyspace": 10000,
  "datasize": 3,
  "read_percent": 50,
  "db": 0,
  "key_prefix": "ohsk5:p116:paired:base",
  "total_time_ms": 613,
  "ops_per_sec": 1628743.3565329744,
  "bytes_sent": 64339193,
  "bytes_received": 5000000,
  "latency_us": {
    "min": 42,
    "p50": 448,
    "p95": 687,
    "p99": 916,
    "p999": 1894,
    "max": 2757,
    "mean": 478.0226290000003,
    "samples": 1000000
  }
}