{
  "schema_version": "fr_bench_report/v1",
  "generated_at_ms": 1781068155779,
  "host": "127.0.0.1",
  "port": 6581,
  "workload": "set",
  "clients": 50,
  "requests": 1000000,
  "pipeline": 16,
  "keyspace": 10000,
  "datasize": 3,
  "read_percent": 50,
  "db": 0,
  "key_prefix": "ohsk5:p116:paired:cand",
  "total_time_ms": 738,
  "ops_per_sec": 1353500.5602585473,
  "bytes_sent": 64339254,
  "bytes_received": 5000000,
  "latency_us": {
    "min": 65,
    "p50": 530,
    "p95": 935,
    "p99": 1582,
    "p999": 2339,
    "max": 3159,
    "mean": 578.2993290000004,
    "samples": 1000000
  }
}