{
  "results": [
    {
      "command": "baseline-getset-hit",
      "mean": 2.15283560896,
      "stddev": 0.03896322977157633,
      "median": 2.15276490996,
      "user": 2.9105128999999996,
      "system": 1.7994804000000002,
      "min": 2.09012871596,
      "max": 2.23380016496,
      "times": [
        2.12294768996,
        2.1259727759600002,
        2.23380016496,
        2.13937748296,
        2.14624943296,
        2.15928038696,
        2.1609362339600002,
        2.09012871596,
        2.16339515796,
        2.18626804796
      ],
      "exit_codes": [
        0,
        0,
        0,
        0,
        0,
        0,
        0,
        0,
        0,
        0
      ]
    },
    {
      "command": "candidate-getset-hit",
      "mean": 2.15309791606,
      "stddev": 0.016504757652617247,
      "median": 2.1554048854600003,
      "user": 2.9278348,
      "system": 1.8135647999999995,
      "min": 2.13083716096,
      "max": 2.18178864296,
      "times": [
        2.15674347296,
        2.13083716096,
        2.1634744289600003,
        2.18178864296,
        2.16777728496,
        2.15406629796,
        2.14005390896,
        2.1620219399600002,
        2.14125783296,
        2.13295818996
      ],
      "exit_codes": [
        0,
        0,
        0,
        0,
        0,
        0,
        0,
        0,
        0,
        0
      ]
    }
  ]
}
