{
  "schema_version": "fr_bench_report/v1",
  "generated_at_ms": 1780509365239,
  "host": "127.0.0.1",
  "port": 20461,
  "workload": "set",
  "clients": 50,
  "requests": 500000,
  "pipeline": 16,
  "keyspace": 10000,
  "datasize": 3,
  "read_percent": 50,
  "db": 0,
  "key_prefix": "icywolf-postb148-strace",
  "total_time_ms": 5021,
  "ops_per_sec": 99567.09537235077,
  "bytes_sent": 32394734,
  "bytes_received": 2500000,
  "latency_us": {
    "min": 3724,
    "p50": 7547,
    "p95": 12743,
    "p99": 17999,
    "p999": 25295,
    "max": 28223,
    "mean": 7982.766828000015,
    "samples": 500000
  }
}