{
  "schema_version": "fr_bench_report/v1",
  "generated_at_ms": 1781034665711,
  "host": "127.0.0.1",
  "port": 26850,
  "workload": "set",
  "clients": 50,
  "requests": 1000000,
  "pipeline": 16,
  "keyspace": 10000,
  "datasize": 3,
  "read_percent": 50,
  "db": 0,
  "key_prefix": "zhphm-p4-base",
  "total_time_ms": 1117,
  "ops_per_sec": 895127.0347638375,
  "bytes_sent": 55338816,
  "bytes_received": 5000000,
  "latency_us": {
    "min": 55,
    "p50": 829,
    "p95": 1199,
    "p99": 1567,
    "p999": 2537,
    "max": 3079,
    "mean": 879.2386530000007,
    "samples": 1000000
  }
}