{
  "schema_version": "fr_bench_report/v1",
  "generated_at_ms": 1781145757486,
  "host": "127.0.0.1",
  "port": 6766,
  "workload": "get",
  "clients": 50,
  "requests": 1000000,
  "pipeline": 16,
  "keyspace": 10000,
  "datasize": 3,
  "read_percent": 50,
  "db": 0,
  "key_prefix": "xmxhc:p132:baseline",
  "total_time_ms": 765,
  "ops_per_sec": 1305695.9884181633,
  "bytes_sent": 50889250,
  "bytes_received": 9000000,
  "latency_us": {
    "min": 43,
    "p50": 563,
    "p95": 928,
    "p99": 1432,
    "p999": 2609,
    "max": 3503,
    "mean": 595.9524280000014,
    "samples": 1000000
  }
}