{
  "results": [
    {
      "command": "bash -lc 'set -euo pipefail\nBIN=/data/tmp/frankenredis-coralox-pass163-main-target/release/frankenredis\nBENCH=/data/projects/.scratch/frankenredis-coralox-pass163-20260613T080935Z/legacy_redis_code/redis/src/redis-benchmark\nPORT=24781\n\"$BIN\" --port \"$PORT\" >/tmp/fr_pass163_baseline_rpush_server.log 2>&1 &\npid=$!\ntrap \"kill $pid 2>/dev/null || true; wait $pid 2>/dev/null || true\" EXIT\nfor _ in $(seq 1 100); do\n  if \"$BENCH\" -p \"$PORT\" -t ping -n 1 -q >/tmp/fr_pass163_baseline_ping.log 2>&1; then\n    break\n  fi\n  sleep 0.03\ndone\n\"$BENCH\" -p \"$PORT\" -t rpush -n 1000000 -c 50 -P 16 -r 100000 -q >/tmp/fr_pass163_baseline_rpush_bench.log\n'",
      "mean": 1.0618482563057141,
      "stddev": 0.041039734796304864,
      "median": 1.05707728602,
      "user": 0.5983901914285713,
      "system": 1.4490581971428573,
      "min": 1.01404967102,
      "max": 1.1155378110199998,
      "times": [
        1.1155378110199998,
        1.05707728602,
        1.04572556802,
        1.11175993202,
        1.01404967102,
        1.07227824502,
        1.0165092810199998
      ],
      "exit_codes": [
        0,
        0,
        0,
        0,
        0,
        0,
        0
      ]
    }
  ]
}
