{
  "results": [
    {
      "command": "bash -lc 'set -euo pipefail\nBIN=/data/tmp/frankenredis-coralox-pass163-candidate-target/release/frankenredis\nBENCH=/data/projects/.scratch/frankenredis-coralox-pass163-20260613T080935Z/legacy_redis_code/redis/src/redis-benchmark\nPORT=24782\n\"$BIN\" --port \"$PORT\" >/tmp/fr_pass163_candidate_rpush_server.log 2>&1 &\npid=$!\ntrap \"kill $pid 2>/dev/null || true; wait $pid 2>/dev/null || true\" EXIT\nfor _ in $(seq 1 100); do\n  if \"$BENCH\" -p \"$PORT\" -t ping -n 1 -q >/tmp/fr_pass163_candidate_ping.log 2>&1; then\n    break\n  fi\n  sleep 0.03\ndone\n\"$BENCH\" -p \"$PORT\" -t rpush -n 1000000 -c 50 -P 16 -r 100000 -q >/tmp/fr_pass163_candidate_rpush_bench.log\n'",
      "mean": 1.0301605267542857,
      "stddev": 0.030182502256994717,
      "median": 1.0201272720399999,
      "user": 0.5857712428571428,
      "system": 1.4027844342857143,
      "min": 0.98671138004,
      "max": 1.06887314704,
      "times": [
        1.01995783104,
        1.06161472604,
        1.0201272720399999,
        1.0477075360399999,
        1.06887314704,
        1.00613179504,
        0.98671138004
      ],
      "exit_codes": [
        0,
        0,
        0,
        0,
        0,
        0,
        0
      ]
    }
  ]
}
