{
  "schema_version": "fr_bench_report/v1",
  "generated_at_ms": 1781072008656,
  "host": "127.0.0.1",
  "port": 6630,
  "workload": "set",
  "clients": 50,
  "requests": 1000000,
  "pipeline": 16,
  "keyspace": 10000,
  "datasize": 3,
  "read_percent": 50,
  "db": 0,
  "key_prefix": "ohsk5:p120:baseline",
  "total_time_ms": 610,
  "ops_per_sec": 1637901.9553691207,
  "bytes_sent": 61338841,
  "bytes_received": 5000000,
  "latency_us": {
    "min": 52,
    "p50": 433,
    "p95": 746,
    "p99": 1066,
    "p999": 1840,
    "max": 3363,
    "mean": 474.9052020000005,
    "samples": 1000000
  }
}