{
  "schema_version": "fr_bench_report/v1",
  "generated_at_ms": 1781068893693,
  "host": "127.0.0.1",
  "port": 6594,
  "workload": "set",
  "clients": 50,
  "requests": 1000000,
  "pipeline": 16,
  "keyspace": 10000,
  "datasize": 3,
  "read_percent": 50,
  "db": 0,
  "key_prefix": "ohsk5:p117:paired:base",
  "total_time_ms": 607,
  "ops_per_sec": 1644898.001528048,
  "bytes_sent": 64338374,
  "bytes_received": 5000000,
  "latency_us": {
    "min": 43,
    "p50": 429,
    "p95": 760,
    "p99": 1198,
    "p999": 2575,
    "max": 3459,
    "mean": 473.2450040000004,
    "samples": 1000000
  }
}