{
  "schema_version": "fr_bench_report/v1",
  "generated_at_ms": 1781068898218,
  "host": "127.0.0.1",
  "port": 6595,
  "workload": "set",
  "clients": 50,
  "requests": 1000000,
  "pipeline": 16,
  "keyspace": 10000,
  "datasize": 3,
  "read_percent": 50,
  "db": 0,
  "key_prefix": "ohsk5:p117:paired:cand",
  "total_time_ms": 683,
  "ops_per_sec": 1463909.5312576029,
  "bytes_sent": 64338698,
  "bytes_received": 5000000,
  "latency_us": {
    "min": 43,
    "p50": 476,
    "p95": 864,
    "p99": 1354,
    "p999": 2381,
    "max": 2755,
    "mean": 533.618234999999,
    "samples": 1000000
  }
}