{
  "results": [
    {
      "command": "OUT=artifacts/optimization/frankenredis-ohsk5/pass129/baseline/run SERVER=/tmp/rch_target_fr_ohsk5_p129_current/release-perf/frankenredis BENCH=/tmp/rch_target_fr_ohsk5_p129_current/release-perf/fr-bench PORT=6740 WORKLOAD=get REQUESTS=1000000 JSON_OUT=artifacts/optimization/frankenredis-ohsk5/pass129/baseline/baseline-get-p16-c50-1m-last.json KEY_PREFIX=ohsk5:p129:baseline artifacts/optimization/frankenredis-zhphm/pass1/run_fr_bench_once.sh",
      "mean": 0.6400512709399999,
      "stddev": 0.03250534134811662,
      "median": 0.6418262782399999,
      "user": 1.04315836,
      "system": 2.18018514,
      "min": 0.57919932074,
      "max": 0.68510740874,
      "times": [
        0.66528730074,
        0.62077265574,
        0.65178438774,
        0.60563631874,
        0.57919932074,
        0.64424923674,
        0.63940331974,
        0.67698746974,
        0.63208529074,
        0.68510740874
      ],
      "exit_codes": [
        0,
        0,
        0,
        0,
        0,
        0,
        0,
        0,
        0,
        0
      ]
    }
  ]
}
