{
  "schema_version": "fr_bench_report/v1",
  "generated_at_ms": 1781143017918,
  "host": "127.0.0.1",
  "port": 6740,
  "workload": "get",
  "clients": 50,
  "requests": 1000000,
  "pipeline": 16,
  "keyspace": 10000,
  "datasize": 3,
  "read_percent": 50,
  "db": 0,
  "key_prefix": "ohsk5:p129:baseline",
  "total_time_ms": 591,
  "ops_per_sec": 1690540.1306485252,
  "bytes_sent": 50888891,
  "bytes_received": 9000000,
  "latency_us": {
    "min": 51,
    "p50": 437,
    "p95": 664,
    "p99": 852,
    "p999": 1046,
    "max": 1863,
    "mean": 461.0171419999999,
    "samples": 1000000
  }
}