{
  "schema_version": "fr_bench_report/v1",
  "generated_at_ms": 1781063800523,
  "host": "127.0.0.1",
  "port": 26993,
  "workload": "set",
  "clients": 50,
  "requests": 1000000,
  "pipeline": 16,
  "keyspace": 10000,
  "datasize": 3,
  "read_percent": 50,
  "db": 0,
  "key_prefix": "ohsk5-p112-pair-cand",
  "total_time_ms": 651,
  "ops_per_sec": 1534708.4137578735,
  "bytes_sent": 62338867,
  "bytes_received": 5000000,
  "latency_us": {
    "min": 49,
    "p50": 460,
    "p95": 793,
    "p99": 1115,
    "p999": 2077,
    "max": 2587,
    "mean": 508.0398710000005,
    "samples": 1000000
  }
}