{
  "schema_version": "fr_bench_report/v1",
  "generated_at_ms": 1781038789791,
  "host": "127.0.0.1",
  "port": 26910,
  "workload": "set",
  "clients": 50,
  "requests": 1000000,
  "pipeline": 16,
  "keyspace": 10000,
  "datasize": 3,
  "read_percent": 50,
  "db": 0,
  "key_prefix": "zhphm-p108-base",
  "total_time_ms": 1212,
  "ops_per_sec": 825073.7530746383,
  "bytes_sent": 57339530,
  "bytes_received": 5000000,
  "latency_us": {
    "min": 34,
    "p50": 908,
    "p95": 1270,
    "p99": 1720,
    "p999": 2719,
    "max": 4471,
    "mean": 954.9205810000001,
    "samples": 1000000
  }
}