{
  "schema_version": "fr_bench_report/v1",
  "generated_at_ms": 1781358115470,
  "host": "127.0.0.1",
  "port": 25272,
  "workload": "lpush",
  "clients": 50,
  "requests": 1000000,
  "pipeline": 16,
  "keyspace": 100000,
  "datasize": 3,
  "read_percent": 50,
  "db": 0,
  "key_prefix": "y3bpt:paired",
  "total_time_ms": 1553,
  "ops_per_sec": 643685.5556383928,
  "bytes_sent": 55339074,
  "bytes_received": 5006790,
  "latency_us": {
    "min": 71,
    "p50": 1106,
    "p95": 1434,
    "p99": 7399,
    "p999": 9479,
    "max": 9735,
    "mean": 1230.682656999998,
    "samples": 1000000
  }
}