{
  "results": [
    {
      "command": "/data/tmp/frankenredis-y3bpt-baseline-target/release/fr-bench --port 25272 --workload lpush --clients 50 --pipeline 16 --requests 1000000 --keyspace 100000 --key-prefix y3bpt:paired --json-out artifacts/optimization/frankenredis-y3bpt/paired-n1m/baseline-last.json",
      "mean": 1.5979101229714288,
      "stddev": 0.05524464854722852,
      "median": 1.5799983664000001,
      "user": 0.7307883428571429,
      "system": 1.2340406771428571,
      "min": 1.5203089714000002,
      "max": 1.6766369214,
      "times": [
        1.5203089714000002,
        1.5781542054,
        1.5799983664000001,
        1.6533901674000002,
        1.6210255644000002,
        1.6766369214,
        1.5558566644
      ],
      "exit_codes": [
        0,
        0,
        0,
        0,
        0,
        0,
        0
      ]
    },
    {
      "command": "/data/tmp/frankenredis-y3bpt-candidate-target/release/fr-bench --port 25273 --workload lpush --clients 50 --pipeline 16 --requests 1000000 --keyspace 100000 --key-prefix y3bpt:paired --json-out artifacts/optimization/frankenredis-y3bpt/paired-n1m/candidate-last.json",
      "mean": 1.5680427564000001,
      "stddev": 0.06741246337978962,
      "median": 1.5419816884000002,
      "user": 0.7345472,
      "system": 1.2277995342857142,
      "min": 1.4764654804000001,
      "max": 1.6742090274,
      "times": [
        1.4764654804000001,
        1.5419816884000002,
        1.5401959664,
        1.5859006094,
        1.5258338934,
        1.6317126294000002,
        1.6742090274
      ],
      "exit_codes": [
        0,
        0,
        0,
        0,
        0,
        0,
        0
      ]
    }
  ]
}
