{
  "results": [
    {
      "command": "baseline-current",
      "mean": 0.8091161460800003,
      "stddev": 0.07037738252557675,
      "median": 0.79168516728,
      "user": 0.5587745199999999,
      "system": 0.7232584400000001,
      "min": 0.72603064728,
      "max": 0.93924319028,
      "times": [
        0.84485542528,
        0.89886877728,
        0.83677166128,
        0.72934037628,
        0.79312445828,
        0.76442019328,
        0.72603064728,
        0.79024587628,
        0.76826085528,
        0.93924319028
      ],
      "exit_codes": [
        0,
        0,
        0,
        0,
        0,
        0,
        0,
        0,
        0,
        0
      ]
    },
    {
      "command": "candidate-volatile-set",
      "mean": 0.79896721308,
      "stddev": 0.055311694453341435,
      "median": 0.7968446842800001,
      "user": 0.5255881199999999,
      "system": 0.7309351399999999,
      "min": 0.6998309152800001,
      "max": 0.86588713728,
      "times": [
        0.76358465728,
        0.7836226242800001,
        0.79559109528,
        0.8564837952800001,
        0.86588713728,
        0.83041801128,
        0.85902755728,
        0.79809827328,
        0.6998309152800001,
        0.73712806428
      ],
      "exit_codes": [
        0,
        0,
        0,
        0,
        0,
        0,
        0,
        0,
        0,
        0
      ]
    }
  ]
}
