{
  "schema_version": "fr_bench_report/v1",
  "generated_at_ms": 1780971992188,
  "host": "127.0.0.1",
  "port": 49049,
  "workload": "hset",
  "clients": 50,
  "requests": 1000000,
  "pipeline": 16,
  "keyspace": 10000,
  "datasize": 3,
  "read_percent": 50,
  "db": 0,
  "key_prefix": "ohsk5_2:paired1m:candidate",
  "total_time_ms": 1656,
  "ops_per_sec": 603694.8565354581,
  "bytes_sent": 78339334,
  "bytes_received": 4000000,
  "latency_us": {
    "min": 61,
    "p50": 1245,
    "p95": 1790,
    "p99": 2349,
    "p999": 3817,
    "max": 4963,
    "mean": 1308.626796000001,
    "samples": 1000000
  }
}