{
  "schema_version": "fr_bench_report/v1",
  "generated_at_ms": 1780971854287,
  "host": "127.0.0.1",
  "port": 48945,
  "workload": "hset",
  "clients": 50,
  "requests": 300000,
  "pipeline": 16,
  "keyspace": 10000,
  "datasize": 3,
  "read_percent": 50,
  "db": 0,
  "key_prefix": "ohsk5_2:paired:candidate",
  "total_time_ms": 560,
  "ops_per_sec": 535334.6693847226,
  "bytes_sent": 22716813,
  "bytes_received": 1200000,
  "latency_us": {
    "min": 117,
    "p50": 1330,
    "p95": 2145,
    "p99": 2825,
    "p999": 3893,
    "max": 4223,
    "mean": 1464.4909900000023,
    "samples": 300000
  }
}