{
  "schema_version": "fr_bench_report/v1",
  "generated_at_ms": 1780971914861,
  "host": "127.0.0.1",
  "port": 49046,
  "workload": "hset",
  "clients": 50,
  "requests": 1000000,
  "pipeline": 16,
  "keyspace": 10000,
  "datasize": 3,
  "read_percent": 50,
  "db": 0,
  "key_prefix": "ohsk5_2:reverse:candidate",
  "total_time_ms": 1697,
  "ops_per_sec": 589009.6509001587,
  "bytes_sent": 77339187,
  "bytes_received": 4000000,
  "latency_us": {
    "min": 54,
    "p50": 1274,
    "p95": 1861,
    "p99": 2501,
    "p999": 3719,
    "max": 4535,
    "mean": 1341.8014879999996,
    "samples": 1000000
  }
}