{
  "schema_version": "fr_bench_report/v1",
  "generated_at_ms": 1781074106028,
  "host": "127.0.0.1",
  "port": 6657,
  "workload": "get",
  "clients": 50,
  "requests": 1000000,
  "pipeline": 16,
  "keyspace": 10000,
  "datasize": 3,
  "read_percent": 50,
  "db": 0,
  "key_prefix": "ohsk5:p122:reversed:current",
  "total_time_ms": 611,
  "ops_per_sec": 1634229.4990321768,
  "bytes_sent": 58889336,
  "bytes_received": 9000000,
  "latency_us": {
    "min": 38,
    "p50": 450,
    "p95": 674,
    "p99": 943,
    "p999": 1808,
    "max": 2393,
    "mean": 476.5509840000003,
    "samples": 1000000
  }
}