{
  "schema_version": "fr_bench_report/v1",
  "generated_at_ms": 1781350286001,
  "host": "127.0.0.1",
  "port": 25173,
  "workload": "lpush",
  "clients": 50,
  "requests": 300000,
  "pipeline": 16,
  "keyspace": 100000,
  "datasize": 3,
  "read_percent": 50,
  "db": 0,
  "key_prefix": "pass168:strace-launch",
  "total_time_ms": 1910,
  "ops_per_sec": 157033.19192152418,
  "bytes_sent": 19116600,
  "bytes_received": 1200150,
  "latency_us": {
    "min": 3282,
    "p50": 4779,
    "p95": 8011,
    "p99": 11511,
    "p999": 34079,
    "max": 34623,
    "mean": 5074.250676666664,
    "samples": 300000
  }
}