{
  "schema_version": "fr_bench_report/v1",
  "generated_at_ms": 1781350130567,
  "host": "127.0.0.1",
  "port": 25168,
  "workload": "lpush",
  "clients": 50,
  "requests": 300000,
  "pipeline": 16,
  "keyspace": 100000,
  "datasize": 3,
  "read_percent": 50,
  "db": 0,
  "key_prefix": "fr:bench:1781350125758",
  "total_time_ms": 4809,
  "ops_per_sec": 62381.27325754772,
  "bytes_sent": 19416425,
  "bytes_received": 1200153,
  "latency_us": {
    "min": 194,
    "p50": 1554,
    "p95": 90111,
    "p99": 95231,
    "p999": 99519,
    "max": 99583,
    "mean": 12745.392593333334,
    "samples": 300000
  }
}