{
  "results": [
    {
      "command": "/data/tmp/frankenredis-coralox-pass168-release/release/fr-bench --port 25168 --workload lpush --requests 1000000 --clients 50 --pipeline 16 --keyspace 100000",
      "mean": 5.89905058086,
      "stddev": 4.836608515020524,
      "median": 3.34491427336,
      "user": 0.79981264,
      "system": 1.24798598,
      "min": 2.2629604223600004,
      "max": 16.123022806359998,
      "times": [
        2.2629604223600004,
        2.7334362853600003,
        2.5533581403600003,
        2.6108256953600004,
        3.17020181636,
        3.51962673036,
        5.474244296359999,
        8.12278602636,
        12.42004358936,
        16.123022806359998
      ],
      "exit_codes": [
        0,
        0,
        0,
        0,
        0,
        0,
        0,
        0,
        0,
        0
      ]
    }
  ]
}
