{
  "results": [
    {
      "command": "/data/tmp/frankenredis-coralox-pass168-release/release/fr-bench --port 25169 --workload lpush --requests 1000000 --clients 50 --pipeline 16 --keyspace 100000 --key-prefix pass168:lpush",
      "mean": 1.5626737097999999,
      "stddev": 0.09919032697171122,
      "median": 1.5912379345,
      "user": 0.7653320200000001,
      "system": 1.17006152,
      "min": 1.3567291590000001,
      "max": 1.658205605,
      "times": [
        1.6272143350000001,
        1.658205605,
        1.6439924570000002,
        1.414132536,
        1.583084709,
        1.609904668,
        1.558899293,
        1.5751831760000001,
        1.3567291590000001,
        1.5993911600000001
      ],
      "exit_codes": [
        0,
        0,
        0,
        0,
        0,
        0,
        0,
        0,
        0,
        0
      ]
    }
  ]
}
