{
  "schema_version": "fr_bench_report/v1",
  "generated_at_ms": 1781350206286,
  "host": "127.0.0.1",
  "port": 25169,
  "workload": "lpop",
  "clients": 50,
  "requests": 300000,
  "pipeline": 16,
  "keyspace": 100000,
  "datasize": 3,
  "read_percent": 50,
  "db": 0,
  "key_prefix": "pass168:lpop:last",
  "total_time_ms": 553,
  "ops_per_sec": 541876.52686581,
  "bytes_sent": 14666779,
  "bytes_received": 2700000,
  "latency_us": {
    "min": 86,
    "p50": 1281,
    "p95": 1795,
    "p99": 8207,
    "p999": 9831,
    "max": 9855,
    "mean": 1455.5434266666678,
    "samples": 300000
  }
}