{
  "schema_version": "fr_bench_report/v1",
  "generated_at_ms": 1781350203688,
  "host": "127.0.0.1",
  "port": 25169,
  "workload": "lpush",
  "clients": 50,
  "requests": 300000,
  "pipeline": 16,
  "keyspace": 100000,
  "datasize": 3,
  "read_percent": 50,
  "db": 0,
  "key_prefix": "pass168:lpush:last",
  "total_time_ms": 581,
  "ops_per_sec": 516261.18979350384,
  "bytes_sent": 18216846,
  "bytes_received": 1200140,
  "latency_us": {
    "min": 162,
    "p50": 1416,
    "p95": 2063,
    "p99": 5555,
    "p999": 6731,
    "max": 6763,
    "mean": 1528.0913700000015,
    "samples": 300000
  }
}