{
  "results": [
    {
      "command": "candidate",
      "mean": 1.5351634842333333,
      "stddev": 0.06657423146869917,
      "median": 1.5274321754000002,
      "user": 0.7404233766666667,
      "system": 1.2414239166666665,
      "min": 1.4468438329000002,
      "max": 1.6554254429000002,
      "times": [
        1.4551260039000002,
        1.5327404159000002,
        1.4842006479,
        1.6104024569000002,
        1.4468438329000002,
        1.5050136579000002,
        1.4822504369000002,
        1.5221239349000002,
        1.5332399709000002,
        1.6076975799000002,
        1.6554254429000002,
        1.5868974299
      ],
      "exit_codes": [
        0,
        0,
        0,
        0,
        0,
        0,
        0,
        0,
        0,
        0,
        0,
        0
      ]
    },
    {
      "command": "baseline",
      "mean": 1.6018314087333334,
      "stddev": 0.06788628543415977,
      "median": 1.5914180864,
      "user": 0.7351015433333333,
      "system": 1.2447225833333333,
      "min": 1.5122855319000001,
      "max": 1.7411268379,
      "times": [
        1.7411268379,
        1.6787381319,
        1.6581134169,
        1.6328008729000003,
        1.5852907119000001,
        1.5324962079000002,
        1.5122855319000001,
        1.5305620089,
        1.5912775459000001,
        1.5915586269000002,
        1.6170902359000001,
        1.5506367759000002
      ],
      "exit_codes": [
        0,
        0,
        0,
        0,
        0,
        0,
        0,
        0,
        0,
        0,
        0,
        0
      ]
    }
  ]
}
