{
  "results": [
    {
      "command": "baseline",
      "mean": 1.6546497300466667,
      "stddev": 0.25908651073115274,
      "median": 1.5389114798799999,
      "user": 0.7463070933333332,
      "system": 1.2276212366666666,
      "min": 1.45146277938,
      "max": 2.19401631638,
      "times": [
        1.52497109838,
        1.50986286038,
        1.47919287638,
        1.55285186138,
        1.45146277938,
        1.49821375938,
        1.4657436823799999,
        1.6198460313799998,
        1.6365023993799999,
        1.76514751438,
        2.19401631638,
        2.15798558138
      ],
      "exit_codes": [
        0,
        0,
        0,
        0,
        0,
        0,
        0,
        0,
        0,
        0,
        0,
        0
      ]
    },
    {
      "command": "candidate",
      "mean": 1.8057526717133336,
      "stddev": 0.1675500894791305,
      "median": 1.77216926688,
      "user": 0.7762580099999999,
      "system": 1.2666013200000001,
      "min": 1.62199135438,
      "max": 2.1136599503799998,
      "times": [
        1.68930099838,
        1.6282730003800001,
        1.7660840043800001,
        1.62199135438,
        1.6460467193800001,
        1.7782545293799998,
        2.1136599503799998,
        2.06771173638,
        1.9317395743799999,
        1.92069791638,
        1.79725722338,
        1.70801505338
      ],
      "exit_codes": [
        0,
        0,
        0,
        0,
        0,
        0,
        0,
        0,
        0,
        0,
        0,
        0
      ]
    }
  ]
}
