{"bytes_received": 5000000, "bytes_sent": 68889000, "clients": 50, "datasize": 3, "elapsed_seconds": 4.402074655983597, "keyspace": 10000, "mix": "alternate", "ops_per_sec": 227165.61579452828, "pipeline": 16, "requests": 1000000, "schema": "frankenredis_svgvb_setex_bench_v1"}
