{
  "schema_version": "fr_bench_report/v1",
  "generated_at_ms": 1781060177821,
  "host": "127.0.0.1",
  "port": 32113,
  "workload": "set",
  "clients": 50,
  "requests": 1000000,
  "pipeline": 16,
  "keyspace": 10000,
  "datasize": 3,
  "read_percent": 50,
  "db": 0,
  "key_prefix": "zhphm-p109-rev-current",
  "total_time_ms": 1075,
  "ops_per_sec": 929975.4281520384,
  "bytes_sent": 64338798,
  "bytes_received": 5000000,
  "latency_us": {
    "min": 63,
    "p50": 800,
    "p95": 1140,
    "p99": 1522,
    "p999": 3583,
    "max": 4543,
    "mean": 845.4978889999992,
    "samples": 1000000
  }
}