{
  "results": [
    {
      "command": "baseline",
      "mean": 5.12347426294,
      "stddev": 0.09336437329196004,
      "median": 5.10898911074,
      "user": 4.9340831,
      "system": 2.6390479399999998,
      "min": 4.95167796524,
      "max": 5.28666645924,
      "times": [
        5.203308467239999,
        5.06749815424,
        5.11296518124,
        5.22081167224,
        5.28666645924,
        5.09462959724,
        4.95167796524,
        5.07920691124,
        5.10768420424,
        5.110294017239999
      ],
      "exit_codes": [
        0,
        0,
        0,
        0,
        0,
        0,
        0,
        0,
        0,
        0
      ]
    },
    {
      "command": "candidate",
      "mean": 4.97975915574,
      "stddev": 0.12944295483173265,
      "median": 4.9836203477400005,
      "user": 4.7396484999999995,
      "system": 2.6190359400000003,
      "min": 4.7731235192399994,
      "max": 5.1847393642399995,
      "times": [
        4.867206910239999,
        5.16366647924,
        5.024002996239999,
        4.98390827424,
        4.7731235192399994,
        4.938184029239999,
        4.86011803024,
        5.1847393642399995,
        5.0193095332399995,
        4.98333242124
      ],
      "exit_codes": [
        0,
        0,
        0,
        0,
        0,
        0,
        0,
        0,
        0,
        0
      ]
    }
  ]
}
