{
  "results": [
    {
      "command": "candidate",
      "mean": 4.9988518369,
      "stddev": 0.08250318907579678,
      "median": 4.9951107582,
      "user": 4.7386066,
      "system": 2.63005532,
      "min": 4.8845766662,
      "max": 5.1156830452,
      "times": [
        5.0618819632,
        4.8845766662,
        5.0007199542,
        4.9219237222,
        4.975562608200001,
        5.049544801200001,
        5.0980560352,
        5.1156830452,
        4.9895015622,
        4.891068011200001
      ],
      "exit_codes": [
        0,
        0,
        0,
        0,
        0,
        0,
        0,
        0,
        0,
        0
      ]
    },
    {
      "command": "baseline",
      "mean": 5.120254761700001,
      "stddev": 0.10063860919067023,
      "median": 5.1310963897,
      "user": 4.9043294,
      "system": 2.58648342,
      "min": 4.9748473712,
      "max": 5.3028203932,
      "times": [
        5.1694473392,
        4.9748473712,
        4.9882714002,
        5.1112812752000005,
        5.3028203932,
        5.1916100292000005,
        5.1509115042,
        5.1859398882,
        5.0606382212000005,
        5.0667801952
      ],
      "exit_codes": [
        0,
        0,
        0,
        0,
        0,
        0,
        0,
        0,
        0,
        0
      ]
    }
  ]
}
