{
  "results": [
    {
      "command": "PORT=6498; LOG=/data/projects/.scratch/frankenredis-pass47-cod-clean/artifacts/optimization/cod-pass47-static-acl-20260606T1751Z/paired-baseline-server-$PORT-$$.log; /data/projects/.scratch/frankenredis-pass47-cod-clean/target-cod-pass47-clean-baseline/release/frankenredis --bind 127.0.0.1 --port $PORT >\"$LOG\" 2>&1 & PID=$!; trap 'kill $PID 2>/dev/null || true; wait $PID 2>/dev/null || true' EXIT; sleep 0.25; /data/projects/.scratch/frankenredis-pass47-cod-clean/target-cod-pass47-clean-baseline/release/fr-bench --host 127.0.0.1 --port $PORT --clients 50 --requests 300000 --pipeline 16 --keyspace 10000 --datasize 3 --workload set --key-prefix pass47base >/dev/null; kill $PID 2>/dev/null || true; wait $PID 2>/dev/null || true; true",
      "mean": 0.93249730439,
      "stddev": 0.02472774030340616,
      "median": 0.92768093574,
      "user": 0.6955590199999999,
      "system": 0.71463263,
      "min": 0.9024115717400001,
      "max": 0.9770587147400001,
      "times": [
        0.9656800227400001,
        0.95557618974,
        0.96418217374,
        0.9520102437400001,
        0.9606940047400001,
        0.9035510227400001,
        0.90978834874,
        0.91690947974,
        0.9173065517400001,
        0.9096728487400001,
        0.9024115717400001,
        0.94997668674,
        0.94051210474,
        0.9770587147400001,
        0.94450530874,
        0.93805531974,
        0.9037733587400001,
        0.9107272227400001,
        0.9169734167400001,
        0.9105814967400001
      ],
      "exit_codes": [
        0,
        0,
        0,
        0,
        0,
        0,
        0,
        0,
        0,
        0,
        0,
        0,
        0,
        0,
        0,
        0,
        0,
        0,
        0,
        0
      ]
    },
    {
      "command": "PORT=6499; LOG=/data/projects/.scratch/frankenredis-pass47-cod-clean/artifacts/optimization/cod-pass47-static-acl-20260606T1751Z/paired-candidate-server-$PORT-$$.log; /data/projects/.scratch/frankenredis-pass47-cod-clean/target-cod-pass47-static-acl-candidate/release/frankenredis --bind 127.0.0.1 --port $PORT >\"$LOG\" 2>&1 & PID=$!; trap 'kill $PID 2>/dev/null || true; wait $PID 2>/dev/null || true' EXIT; sleep 0.25; /data/projects/.scratch/frankenredis-pass47-cod-clean/target-cod-pass47-clean-baseline/release/fr-bench --host 127.0.0.1 --port $PORT --clients 50 --requests 300000 --pipeline 16 --keyspace 10000 --datasize 3 --workload set --key-prefix pass47cand >/dev/null; kill $PID 2>/dev/null || true; wait $PID 2>/dev/null || true; true",
      "mean": 0.9491988152900002,
      "stddev": 0.03323821269240249,
      "median": 0.94399368874,
      "user": 0.70955827,
      "system": 0.7509791299999999,
      "min": 0.90656503474,
      "max": 1.04538679974,
      "times": [
        0.92716162674,
        0.9495996457400001,
        0.9421199757400001,
        0.90656503474,
        1.04538679974,
        0.9443790647400001,
        0.94963016174,
        0.94360831274,
        0.91573746974,
        0.91073987974,
        0.9298860237400001,
        0.91992768674,
        0.94178158974,
        0.94515616274,
        0.9190184327400001,
        0.98153300074,
        0.9824976967400001,
        0.9832982827400001,
        0.97897582374,
        0.9669736347400001
      ],
      "exit_codes": [
        0,
        0,
        0,
        0,
        0,
        0,
        0,
        0,
        0,
        0,
        0,
        0,
        0,
        0,
        0,
        0,
        0,
        0,
        0,
        0
      ]
    }
  ]
}
