{
  "results": [
    {
      "command": "baseline-newkey-sadd",
      "mean": 0.6697312485,
      "stddev": 0.029772846111717436,
      "median": 0.6806843317,
      "user": 0.48820937999999997,
      "system": 0.48361602000000004,
      "min": 0.6378506897,
      "max": 0.7033097017,
      "times": [
        0.6879191567,
        0.6388923627,
        0.7033097017,
        0.6378506897,
        0.6806843317
      ],
      "exit_codes": [
        0,
        0,
        0,
        0,
        0
      ]
    },
    {
      "command": "candidate-newkey-sadd",
      "mean": 0.6382664247000001,
      "stddev": 0.0319840745701142,
      "median": 0.6349407467,
      "user": 0.46501878,
      "system": 0.47089222,
      "min": 0.6038479057,
      "max": 0.6878937187,
      "times": [
        0.6457925637,
        0.6188571887,
        0.6878937187,
        0.6038479057,
        0.6349407467
      ],
      "exit_codes": [
        0,
        0,
        0,
        0,
        0
      ]
    }
  ]
}
