{
  "schema_version": "fr_bench_report/v1",
  "generated_at_ms": 1781073249534,
  "host": "127.0.0.1",
  "port": 6644,
  "workload": "set",
  "clients": 50,
  "requests": 1000000,
  "pipeline": 16,
  "keyspace": 10000,
  "datasize": 3,
  "read_percent": 50,
  "db": 0,
  "key_prefix": "ohsk5:p121:paired:base",
  "total_time_ms": 614,
  "ops_per_sec": 1626625.0014263468,
  "bytes_sent": 64339347,
  "bytes_received": 5000000,
  "latency_us": {
    "min": 48,
    "p50": 432,
    "p95": 760,
    "p99": 1183,
    "p999": 2675,
    "max": 2905,
    "mean": 478.74201599999947,
    "samples": 1000000
  }
}