{
  "schema_version": "fr_bench_report/v1",
  "generated_at_ms": 1781073254109,
  "host": "127.0.0.1",
  "port": 6645,
  "workload": "set",
  "clients": 50,
  "requests": 1000000,
  "pipeline": 16,
  "keyspace": 10000,
  "datasize": 3,
  "read_percent": 50,
  "db": 0,
  "key_prefix": "ohsk5:p121:paired:cand",
  "total_time_ms": 561,
  "ops_per_sec": 1779807.714130873,
  "bytes_sent": 64338610,
  "bytes_received": 5000000,
  "latency_us": {
    "min": 45,
    "p50": 409,
    "p95": 643,
    "p99": 969,
    "p999": 1930,
    "max": 2879,
    "mean": 437.04617200000075,
    "samples": 1000000
  }
}