{
  "results": [
    {
      "command": "python3 artifacts/optimization/frankenredis-svgvb/run_setex_bench_once.py --server-bin /data/projects/.scratch/frankenredis-6kecb-pass83-baseline-target/release-perf/frankenredis --port 27241 --requests 1000000 --clients 50 --pipeline 16 --keyspace 10000 --datasize 3 --mix alternate --key-prefix fr:6kecb:p83:base --json-out artifacts/optimization/frankenredis-6kecb/pass83-batched-dispatch-packet/baseline/last-setex-psetex-p16-1m.json",
      "mean": 4.4228570529,
      "stddev": 0.04199482589232197,
      "median": 4.4262615799,
      "user": 6.839304108571428,
      "system": 5.432478271428572,
      "min": 4.3484684429,
      "max": 4.4741139449,
      "times": [
        4.4262615799,
        4.3995175529,
        4.4628433069,
        4.4129847779,
        4.3484684429,
        4.4741139449,
        4.4358097649
      ],
      "exit_codes": [
        0,
        0,
        0,
        0,
        0,
        0,
        0
      ]
    }
  ]
}
