{
  "schema_version": "fr_bench_report/v1",
  "generated_at_ms": 1781066990295,
  "host": "127.0.0.1",
  "port": 27041,
  "workload": "set",
  "clients": 50,
  "requests": 3000000,
  "pipeline": 16,
  "keyspace": 10000,
  "datasize": 3,
  "read_percent": 50,
  "db": 0,
  "key_prefix": "ohsk5-p115-serverprofile",
  "total_time_ms": 2652,
  "ops_per_sec": 1130956.8810836659,
  "bytes_sent": 200116400,
  "bytes_received": 15000000,
  "latency_us": {
    "min": 39,
    "p50": 636,
    "p95": 1129,
    "p99": 1892,
    "p999": 3907,
    "max": 21503,
    "mean": 695.885001666668,
    "samples": 3000000
  }
}