{
  "schema_version": "fr_bench_report/v1",
  "generated_at_ms": 1780981340946,
  "host": "127.0.0.1",
  "port": 49422,
  "workload": "set",
  "clients": 50,
  "requests": 1000000,
  "pipeline": 16,
  "keyspace": 10000,
  "datasize": 3,
  "read_percent": 50,
  "db": 0,
  "key_prefix": "ohsk56:set1m:candidate",
  "total_time_ms": 1605,
  "ops_per_sec": 622691.8292781753,
  "bytes_sent": 64338828,
  "bytes_received": 5000000,
  "latency_us": {
    "min": 229,
    "p50": 1219,
    "p95": 1583,
    "p99": 1850,
    "p999": 2759,
    "max": 4151,
    "mean": 1268.290948,
    "samples": 1000000
  }
}