{
  "schema_version": "fr_bench_report/v1",
  "generated_at_ms": 1780981351025,
  "host": "127.0.0.1",
  "port": 49423,
  "workload": "set",
  "clients": 50,
  "requests": 1000000,
  "pipeline": 16,
  "keyspace": 10000,
  "datasize": 3,
  "read_percent": 50,
  "db": 0,
  "key_prefix": "ohsk56:set1m:baseline",
  "total_time_ms": 1656,
  "ops_per_sec": 603624.9198780726,
  "bytes_sent": 63338977,
  "bytes_received": 5000000,
  "latency_us": {
    "min": 79,
    "p50": 1223,
    "p95": 1774,
    "p99": 2353,
    "p999": 3943,
    "max": 6151,
    "mean": 1307.4186049999983,
    "samples": 1000000
  }
}