{
  "results": [
    {
      "command": "python3 artifacts/optimization/frankenredis-5srqd-pass67/run_fr_bench_once.py --server-bin /tmp/codex-fr-ohsk56-candidate-target/release-perf/frankenredis --bench-bin /tmp/codex-fr-ohsk56-candidate-target/release-perf/fr-bench --port 49422 --workload set --requests 1000000 --clients 50 --pipeline 16 --keyspace 10000 --datasize 3 --key-prefix ohsk56:set1m:candidate --json-out artifacts/optimization/frankenredis-ohsk5.6/last-set-p16-1m-candidate.json",
      "mean": 1.6703246832199998,
      "stddev": 0.04689345481385065,
      "median": 1.64993504522,
      "user": 1.7239909999999998,
      "system": 2.26037914,
      "min": 1.62124630322,
      "max": 1.7223427982200001,
      "times": [
        1.63959443322,
        1.62124630322,
        1.7185048362200002,
        1.7223427982200001,
        1.64993504522
      ],
      "exit_codes": [
        0,
        0,
        0,
        0,
        0
      ]
    },
    {
      "command": "python3 artifacts/optimization/frankenredis-5srqd-pass67/run_fr_bench_once.py --server-bin /tmp/codex-fr-ohsk56-baseline-target/release-perf/frankenredis --bench-bin /tmp/codex-fr-ohsk56-baseline-target/release-perf/fr-bench --port 49423 --workload set --requests 1000000 --clients 50 --pipeline 16 --keyspace 10000 --datasize 3 --key-prefix ohsk56:set1m:baseline --json-out artifacts/optimization/frankenredis-ohsk5.6/last-set-p16-1m-baseline.json",
      "mean": 1.67318837382,
      "stddev": 0.10100376264067079,
      "median": 1.7187978262199999,
      "user": 1.7373547999999999,
      "system": 2.2541669399999997,
      "min": 1.52101595322,
      "max": 1.7655699612200002,
      "times": [
        1.7655699612200002,
        1.73916649522,
        1.62139163322,
        1.52101595322,
        1.7187978262199999
      ],
      "exit_codes": [
        0,
        0,
        0,
        0,
        0
      ]
    }
  ]
}
