{
  "schema_version": "fr_bench_report/v1",
  "generated_at_ms": 1780876333924,
  "host": "127.0.0.1",
  "port": 6470,
  "workload": "get",
  "clients": 16,
  "requests": 1000000,
  "pipeline": 16,
  "keyspace": 10000,
  "datasize": 3,
  "read_percent": 50,
  "db": 0,
  "key_prefix": "pass66-profile",
  "total_time_ms": 1314,
  "ops_per_sec": 760648.550678431,
  "bytes_sent": 45889310,
  "bytes_received": 9000000,
  "latency_us": {
    "min": 40,
    "p50": 308,
    "p95": 487,
    "p99": 699,
    "p999": 1067,
    "max": 1875,
    "mean": 328.82261800000003,
    "samples": 1000000
  }
}