{
  "schema_version": "fr_bench_report/v1",
  "generated_at_ms": 1780876358753,
  "host": "127.0.0.1",
  "port": 6470,
  "workload": "get",
  "clients": 16,
  "requests": 1000000,
  "pipeline": 16,
  "keyspace": 10000,
  "datasize": 3,
  "read_percent": 50,
  "db": 0,
  "key_prefix": "pass66-profile-u",
  "total_time_ms": 1245,
  "ops_per_sec": 803121.0259664223,
  "bytes_sent": 47889069,
  "bytes_received": 9000000,
  "latency_us": {
    "min": 39,
    "p50": 297,
    "p95": 428,
    "p99": 611,
    "p999": 980,
    "max": 1656,
    "mean": 310.8471969999996,
    "samples": 1000000
  }
}