{
  "schema_version": "fr_bench_report/v1",
  "generated_at_ms": 1780876752918,
  "host": "127.0.0.1",
  "port": 6471,
  "workload": "get",
  "clients": 16,
  "requests": 300000,
  "pipeline": 16,
  "keyspace": 10000,
  "datasize": 3,
  "read_percent": 50,
  "db": 0,
  "key_prefix": "pass66-paired-candidate",
  "total_time_ms": 445,
  "ops_per_sec": 674120.3949004464,
  "bytes_sent": 16466530,
  "bytes_received": 2700000,
  "latency_us": {
    "min": 43,
    "p50": 316,
    "p95": 458,
    "p99": 2057,
    "p999": 4021,
    "max": 17727,
    "mean": 366.78057999999993,
    "samples": 300000
  }
}