{
  "schema_version": "fr_bench_report/v1",
  "generated_at_ms": 1780876771544,
  "host": "127.0.0.1",
  "port": 6471,
  "workload": "get",
  "clients": 16,
  "requests": 1000000,
  "pipeline": 16,
  "keyspace": 10000,
  "datasize": 3,
  "read_percent": 50,
  "db": 0,
  "key_prefix": "pass66-rev-candidate",
  "total_time_ms": 1276,
  "ops_per_sec": 783196.4708465278,
  "bytes_sent": 51889401,
  "bytes_received": 9000000,
  "latency_us": {
    "min": 34,
    "p50": 308,
    "p95": 423,
    "p99": 620,
    "p999": 1022,
    "max": 1598,
    "mean": 318.780505,
    "samples": 1000000
  }
}