{
  "schema_version": "fr_bench_report/v1",
  "generated_at_ms": 1781073275049,
  "host": "127.0.0.1",
  "port": 6647,
  "workload": "set",
  "clients": 50,
  "requests": 1000000,
  "pipeline": 16,
  "keyspace": 10000,
  "datasize": 3,
  "read_percent": 50,
  "db": 0,
  "key_prefix": "ohsk5:p121:reversed:base",
  "total_time_ms": 581,
  "ops_per_sec": 1721076.9867114942,
  "bytes_sent": 66338878,
  "bytes_received": 5000000,
  "latency_us": {
    "min": 49,
    "p50": 417,
    "p95": 676,
    "p99": 1248,
    "p999": 2079,
    "max": 2561,
    "mean": 452.0818099999999,
    "samples": 1000000
  }
}