{
  "schema_version": "fr_bench_report/v1",
  "generated_at_ms": 1781073270516,
  "host": "127.0.0.1",
  "port": 6646,
  "workload": "set",
  "clients": 50,
  "requests": 1000000,
  "pipeline": 16,
  "keyspace": 10000,
  "datasize": 3,
  "read_percent": 50,
  "db": 0,
  "key_prefix": "ohsk5:p121:reversed:cand",
  "total_time_ms": 571,
  "ops_per_sec": 1749933.4404066273,
  "bytes_sent": 66339093,
  "bytes_received": 5000000,
  "latency_us": {
    "min": 46,
    "p50": 421,
    "p95": 621,
    "p99": 841,
    "p999": 1921,
    "max": 2229,
    "mean": 443.9317930000006,
    "samples": 1000000
  }
}