{
  "schema_version": "fr_bench_report/v1",
  "generated_at_ms": 1781152803904,
  "host": "127.0.0.1",
  "port": 26851,
  "workload": "get",
  "clients": 50,
  "requests": 1000000,
  "pipeline": 16,
  "keyspace": 10000,
  "datasize": 3,
  "read_percent": 50,
  "db": 0,
  "key_prefix": "frja34o_base_",
  "total_time_ms": 695,
  "ops_per_sec": 1437027.7827910087,
  "bytes_sent": 44888887,
  "bytes_received": 9000000,
  "latency_us": {
    "min": 40,
    "p50": 515,
    "p95": 814,
    "p99": 1215,
    "p999": 2077,
    "max": 3801,
    "mean": 541.5719029999975,
    "samples": 1000000
  }
}