{
  "results": [
    {
      "command": "OUT=artifacts/optimization/frankenredis-ja34o/pass135/baseline SERVER=/tmp/rch_target_fr_ja34o_current/release-perf/frankenredis BENCH=/tmp/rch_target_fr_ja34o_current/release-perf/fr-bench PORT=26851 WORKLOAD=get REQUESTS=1000000 JSON_OUT=artifacts/optimization/frankenredis-ja34o/pass135/baseline/get-p16-c50-1m-current-last.json KEY_PREFIX=frja34o_base_ artifacts/optimization/frankenredis-zhphm/pass1/run_fr_bench_once.sh",
      "mean": 0.7944302865,
      "stddev": 0.07244449579419118,
      "median": 0.7869720997,
      "user": 1.2538462,
      "system": 2.46794082,
      "min": 0.6652292902000001,
      "max": 0.9044996022,
      "times": [
        0.9044996022,
        0.7665367832000001,
        0.7539983162,
        0.8096172172,
        0.7357729082000001,
        0.7822177242,
        0.6652292902000001,
        0.8951900232000001,
        0.8395145252,
        0.7917264752000001
      ],
      "exit_codes": [
        0,
        0,
        0,
        0,
        0,
        0,
        0,
        0,
        0,
        0
      ]
    }
  ]
}
