{
  "schema_version": "fr_bench_report/v1",
  "generated_at_ms": 1781031843443,
  "host": "127.0.0.1",
  "port": 26832,
  "workload": "set",
  "clients": 50,
  "requests": 1000000,
  "pipeline": 16,
  "keyspace": 10000,
  "datasize": 3,
  "read_percent": 50,
  "db": 0,
  "key_prefix": "zhphm-p2-profile",
  "total_time_ms": 1946,
  "ops_per_sec": 513831.8688522175,
  "bytes_sent": 58338796,
  "bytes_received": 5000000,
  "latency_us": {
    "min": 52,
    "p50": 1407,
    "p95": 2683,
    "p99": 3717,
    "p999": 6183,
    "max": 10591,
    "mean": 1528.9897530000023,
    "samples": 1000000
  }
}