{
  "results": [
    {
      "command": "python3 artifacts/optimization/frankenredis-svgvb/run_setex_bench_once.py --server-bin /data/projects/.scratch/frankenredis-6kecb-pass84-baseline-target/release-perf/frankenredis --port 27430 --requests 1000000 --clients 50 --pipeline 16 --keyspace 10000 --datasize 3 --mix alternate --key-prefix fr:6kecb:p84:paired:base --json-out artifacts/optimization/frankenredis-6kecb/pass84-setex-metadata/baseline/last-paired-setex-psetex-p16-1m.json",
      "mean": 4.5808099720857145,
      "stddev": 0.03805543821340276,
      "median": 4.6003717788,
      "user": 6.700354728571427,
      "system": 5.604678951428572,
      "min": 4.5296190038,
      "max": 4.6277519238,
      "times": [
        4.5296190038,
        4.6277519238,
        4.6058553328,
        4.5401756058,
        4.5564112508,
        4.6054849088,
        4.6003717788
      ],
      "exit_codes": [
        0,
        0,
        0,
        0,
        0,
        0,
        0
      ]
    },
    {
      "command": "python3 artifacts/optimization/frankenredis-svgvb/run_setex_bench_once.py --server-bin /data/projects/.scratch/frankenredis-6kecb-pass84-candidate-target/release-perf/frankenredis --port 27431 --requests 1000000 --clients 50 --pipeline 16 --keyspace 10000 --datasize 3 --mix alternate --key-prefix fr:6kecb:p84:paired:cand --json-out artifacts/optimization/frankenredis-6kecb/pass84-setex-metadata/candidate/last-paired-setex-psetex-p16-1m.json",
      "mean": 4.558395363085714,
      "stddev": 0.030071957667622072,
      "median": 4.5529501458,
      "user": 6.738307014285715,
      "system": 5.620555237142857,
      "min": 4.5329535808,
      "max": 4.6217995438,
      "times": [
        4.6217995438,
        4.5415688288,
        4.5529501458,
        4.5623452398,
        4.5594678088,
        4.5329535808,
        4.5376823938
      ],
      "exit_codes": [
        0,
        0,
        0,
        0,
        0,
        0,
        0
      ]
    }
  ]
}
