{
  "schema_version": "fr_bench_report/v1",
  "generated_at_ms": 1781062759289,
  "host": "127.0.0.1",
  "port": 26982,
  "workload": "set",
  "clients": 50,
  "requests": 1000000,
  "pipeline": 16,
  "keyspace": 10000,
  "datasize": 3,
  "read_percent": 50,
  "db": 0,
  "key_prefix": "ohsk5-p111-pair-base",
  "total_time_ms": 776,
  "ops_per_sec": 1287096.6630174601,
  "bytes_sent": 62339335,
  "bytes_received": 5000000,
  "latency_us": {
    "min": 49,
    "p50": 534,
    "p95": 1091,
    "p99": 2039,
    "p999": 2975,
    "max": 3485,
    "mean": 605.6174670000019,
    "samples": 1000000
  }
}