{
  "results": [
    {
      "command": "python3 artifacts/optimization/frankenredis-jjg2q/pass84-stream-zinterstore/zset_algebra_bench.py --port 47921 --case zintercard2 --iters 800 --n 20000",
      "mean": 1.10336915682,
      "stddev": 0.0638479429055588,
      "median": 1.10484249842,
      "user": 0.0777826,
      "system": 0.02590652,
      "min": 1.01460647892,
      "max": 1.22459389192,
      "times": [
        1.10764203992,
        1.09627083492,
        1.03514286792,
        1.03693459092,
        1.22459389192,
        1.15551187892,
        1.10204295692,
        1.11062475492,
        1.15032127292,
        1.01460647892
      ],
      "exit_codes": [
        0,
        0,
        0,
        0,
        0,
        0,
        0,
        0,
        0,
        0
      ]
    },
    {
      "command": "python3 artifacts/optimization/frankenredis-jjg2q/pass84-stream-zinterstore/zset_algebra_bench.py --port 47922 --case zintercard2 --iters 800 --n 20000",
      "mean": 1.07303728912,
      "stddev": 0.051003239613347684,
      "median": 1.05860120542,
      "user": 0.07498719999999999,
      "system": 0.026714119999999997,
      "min": 1.03850654792,
      "max": 1.2105222309199999,
      "times": [
        1.04258435092,
        1.04136088792,
        1.03850654792,
        1.04590420692,
        1.05703234092,
        1.2105222309199999,
        1.06846970092,
        1.08036815792,
        1.0854543969200001,
        1.06017006992
      ],
      "exit_codes": [
        0,
        0,
        0,
        0,
        0,
        0,
        0,
        0,
        0,
        0
      ]
    }
  ]
}
