{
  "schema_version": "fr_bench_report/v1",
  "generated_at_ms": 1781152252718,
  "host": "127.0.0.1",
  "port": 26842,
  "workload": "get",
  "clients": 50,
  "requests": 3000000,
  "pipeline": 16,
  "keyspace": 10000,
  "datasize": 3,
  "read_percent": 50,
  "db": 0,
  "key_prefix": "fr6zalg_profile_",
  "total_time_ms": 1876,
  "ops_per_sec": 1598915.229393506,
  "bytes_sent": 143665471,
  "bytes_received": 27000000,
  "latency_us": {
    "min": 48,
    "p50": 461,
    "p95": 706,
    "p99": 903,
    "p999": 1378,
    "max": 20863,
    "mean": 491.11438299999924,
    "samples": 3000000
  }
}