{
  "results": [
    {
      "command": "OUT=artifacts/optimization/frankenredis-6zalg/pass134/baseline SERVER=/tmp/rch_target_fr_6zalg_current/release-perf/frankenredis BENCH=/tmp/rch_target_fr_6zalg_current/release-perf/fr-bench PORT=26841 WORKLOAD=get REQUESTS=1000000 JSON_OUT=artifacts/optimization/frankenredis-6zalg/pass134/baseline/get-p16-c50-1m-current-last.json KEY_PREFIX=fr6zalg_base_ artifacts/optimization/frankenredis-zhphm/pass1/run_fr_bench_once.sh",
      "mean": 0.9206489678,
      "stddev": 0.05198411871520903,
      "median": 0.9099676719,
      "user": 1.41435794,
      "system": 2.7915659600000002,
      "min": 0.8673850504,
      "max": 1.0399134883999999,
      "times": [
        0.9636035204,
        0.8777830144,
        0.9348102584,
        0.8673850504,
        1.0399134883999999,
        0.9331028304,
        0.8938849884,
        0.8979224944,
        0.8760711834,
        0.9220128494000001
      ],
      "exit_codes": [
        0,
        0,
        0,
        0,
        0,
        0,
        0,
        0,
        0,
        0
      ]
    }
  ]
}
