{
  "schema_version": "fr_bench_report/v1",
  "generated_at_ms": 1781152214446,
  "host": "127.0.0.1",
  "port": 26841,
  "workload": "get",
  "clients": 50,
  "requests": 1000000,
  "pipeline": 16,
  "keyspace": 10000,
  "datasize": 3,
  "read_percent": 50,
  "db": 0,
  "key_prefix": "fr6zalg_base_",
  "total_time_ms": 826,
  "ops_per_sec": 1209506.0430780237,
  "bytes_sent": 44888993,
  "bytes_received": 9000000,
  "latency_us": {
    "min": 62,
    "p50": 601,
    "p95": 1094,
    "p99": 1537,
    "p999": 2159,
    "max": 3081,
    "mean": 645.9894400000006,
    "samples": 1000000
  }
}