{
  "clients": 50,
  "datasize": 3,
  "key_prefix": "fr6kecb-pass3-base-psetex",
  "keyspace": 10000,
  "measured": {
    "bytes_received": 5000000,
    "bytes_sent": 80000000,
    "commands": 1000000,
    "ops_per_sec": 152143.3305819185,
    "pipeline_latency_us": {
      "mean": 5102.0592027418315,
      "p50": 4362.135077826679,
      "p95": 11279.3700536713,
      "p99": 15314.91510104388,
      "samples": 62500
    },
    "seconds": 6.572749499930069
  },
  "mode": "psetex",
  "pipeline": 16,
  "prefill": {
    "bytes_received": 0,
    "bytes_sent": 0,
    "commands": 0,
    "seconds": 0.0
  },
  "requests": 1000000,
  "schema": "frankenredis_6tsou_resp_workload_v1"
}
