{
  "results": [
    {
      "command": "baseline-setex-pass3",
      "mean": 6.7544459447800005,
      "stddev": 0.0426082459630809,
      "median": 6.7609170787799995,
      "user": 9.449152680000001,
      "system": 5.854088160000001,
      "min": 6.69764501178,
      "max": 6.80319279678,
      "times": [
        6.80319279678,
        6.7609170787799995,
        6.69764501178,
        6.72681101778,
        6.78366381878
      ],
      "exit_codes": [
        0,
        0,
        0,
        0,
        0
      ]
    },
    {
      "command": "baseline-psetex-pass3",
      "mean": 6.716505827579999,
      "stddev": 0.03222886233138738,
      "median": 6.70228317578,
      "user": 9.340230479999999,
      "system": 5.83227696,
      "min": 6.70008107178,
      "max": 6.77407561878,
      "times": [
        6.77407561878,
        6.70478440778,
        6.70130486378,
        6.70228317578,
        6.70008107178
      ],
      "exit_codes": [
        0,
        0,
        0,
        0,
        0
      ]
    }
  ]
}
