{
  "schema_version": "fr_bench_report/v1",
  "generated_at_ms": 1781142629984,
  "host": "127.0.0.1",
  "port": 6735,
  "workload": "get",
  "clients": 50,
  "requests": 1000000,
  "pipeline": 16,
  "keyspace": 10000,
  "datasize": 3,
  "read_percent": 50,
  "db": 0,
  "key_prefix": "ohsk5:p128:reversed:current",
  "total_time_ms": 691,
  "ops_per_sec": 1446295.0219925356,
  "bytes_sent": 58888858,
  "bytes_received": 9000000,
  "latency_us": {
    "min": 57,
    "p50": 505,
    "p95": 838,
    "p99": 1443,
    "p999": 2909,
    "max": 3931,
    "mean": 539.6121810000016,
    "samples": 1000000
  }
}