{
  "schema_version": "fr_bench_report/v1",
  "generated_at_ms": 1781072571500,
  "host": "127.0.0.1",
  "port": 6637,
  "workload": "set",
  "clients": 50,
  "requests": 1000000,
  "pipeline": 16,
  "keyspace": 10000,
  "datasize": 3,
  "read_percent": 50,
  "db": 0,
  "key_prefix": "ohsk5:p120:reversed:base",
  "total_time_ms": 588,
  "ops_per_sec": 1699730.1114137731,
  "bytes_sent": 66339220,
  "bytes_received": 5000000,
  "latency_us": {
    "min": 57,
    "p50": 428,
    "p95": 644,
    "p99": 957,
    "p999": 2395,
    "max": 3805,
    "mean": 457.5545200000008,
    "samples": 1000000
  }
}