{
  "schema_version": "fr_bench_report/v1",
  "generated_at_ms": 1781072566665,
  "host": "127.0.0.1",
  "port": 6636,
  "workload": "set",
  "clients": 50,
  "requests": 1000000,
  "pipeline": 16,
  "keyspace": 10000,
  "datasize": 3,
  "read_percent": 50,
  "db": 0,
  "key_prefix": "ohsk5:p120:reversed:cand",
  "total_time_ms": 620,
  "ops_per_sec": 1612689.2661597314,
  "bytes_sent": 66338693,
  "bytes_received": 5000000,
  "latency_us": {
    "min": 44,
    "p50": 437,
    "p95": 764,
    "p99": 1138,
    "p999": 2205,
    "max": 2615,
    "mean": 482.4424450000001,
    "samples": 1000000
  }
}