{
  "schema_version": "fr_bench_report/v1",
  "generated_at_ms": 1780881481791,
  "host": "127.0.0.1",
  "port": 6404,
  "workload": "get",
  "clients": 50,
  "requests": 1000000,
  "pipeline": 16,
  "keyspace": 10000,
  "datasize": 3,
  "read_percent": 50,
  "db": 0,
  "key_prefix": "fr:jdiiv:profile",
  "total_time_ms": 1368,
  "ops_per_sec": 730554.5984925039,
  "bytes_sent": 47889713,
  "bytes_received": 9000000,
  "latency_us": {
    "min": 69,
    "p50": 1050,
    "p95": 1338,
    "p99": 1576,
    "p999": 2061,
    "max": 2745,
    "mean": 1082.5957679999958,
    "samples": 1000000
  }
}