{
  "schema_version": "fr_bench_report/v1",
  "generated_at_ms": 1781373311460,
  "host": "127.0.0.1",
  "port": 6480,
  "workload": "hset",
  "clients": 50,
  "requests": 1000000,
  "pipeline": 16,
  "keyspace": 10000,
  "datasize": 3,
  "read_percent": 50,
  "db": 0,
  "key_prefix": "pass176-paired-baseline",
  "total_time_ms": 1308,
  "ops_per_sec": 764483.9706441213,
  "bytes_sent": 75339387,
  "bytes_received": 4000000,
  "latency_us": {
    "min": 218,
    "p50": 964,
    "p95": 1434,
    "p99": 1852,
    "p999": 3705,
    "max": 20255,
    "mean": 1034.1489639999988,
    "samples": 1000000
  }
}