{
  "schema_version": "fr_bench_report/v1",
  "generated_at_ms": 1781372745188,
  "host": "127.0.0.1",
  "port": 6476,
  "workload": "hset",
  "clients": 50,
  "requests": 1000000,
  "pipeline": 16,
  "keyspace": 10000,
  "datasize": 3,
  "read_percent": 50,
  "db": 0,
  "key_prefix": "pass176-baseline",
  "total_time_ms": 1058,
  "ops_per_sec": 944399.0293969197,
  "bytes_sent": 68338723,
  "bytes_received": 4000000,
  "latency_us": {
    "min": 220,
    "p50": 803,
    "p95": 1127,
    "p99": 1479,
    "p999": 2071,
    "max": 11599,
    "mean": 835.2552309999985,
    "samples": 1000000
  }
}