{
  "schema_version": "fr_bench_report/v1",
  "generated_at_ms": 1781373377475,
  "host": "127.0.0.1",
  "port": 6482,
  "workload": "hset",
  "clients": 50,
  "requests": 3000000,
  "pipeline": 16,
  "keyspace": 10000,
  "datasize": 3,
  "read_percent": 50,
  "db": 0,
  "key_prefix": "pass176-confirm-baseline",
  "total_time_ms": 3444,
  "ops_per_sec": 871020.3548523163,
  "bytes_sent": 230117705,
  "bytes_received": 12000000,
  "latency_us": {
    "min": 91,
    "p50": 857,
    "p95": 1242,
    "p99": 1631,
    "p999": 2789,
    "max": 17119,
    "mean": 909.0256023333344,
    "samples": 3000000
  }
}