{
  "schema_version": "fr_bench_report/v1",
  "generated_at_ms": 1781373324867,
  "host": "127.0.0.1",
  "port": 6481,
  "workload": "hset",
  "clients": 50,
  "requests": 1000000,
  "pipeline": 16,
  "keyspace": 10000,
  "datasize": 3,
  "read_percent": 50,
  "db": 0,
  "key_prefix": "pass176-paired-candidate",
  "total_time_ms": 1142,
  "ops_per_sec": 874967.9642510699,
  "bytes_sent": 76339493,
  "bytes_received": 4000000,
  "latency_us": {
    "min": 63,
    "p50": 853,
    "p95": 1187,
    "p99": 1756,
    "p999": 2549,
    "max": 22159,
    "mean": 901.8880000000004,
    "samples": 1000000
  }
}