{
  "results": [
    {
      "command": "baseline",
      "mean": 1.2771024027399998,
      "stddev": 0.07282719709485148,
      "median": 1.27816311174,
      "user": 1.4019022600000002,
      "system": 1.87005132,
      "min": 1.14499118924,
      "max": 1.37278529924,
      "times": [
        1.14499118924,
        1.25099068324,
        1.26628304124,
        1.1901291002399998,
        1.2505652482399998,
        1.29004318224,
        1.37278529924,
        1.3326180212399998,
        1.30632714624,
        1.36629111624
      ],
      "exit_codes": [
        0,
        0,
        0,
        0,
        0,
        0,
        0,
        0,
        0,
        0
      ]
    },
    {
      "command": "candidate",
      "mean": 1.2088866161399998,
      "stddev": 0.08897005309457193,
      "median": 1.2473087402399998,
      "user": 1.31862476,
      "system": 1.9204291199999997,
      "min": 1.0581348852399999,
      "max": 1.3067642742399999,
      "times": [
        1.26102889524,
        1.3067642742399999,
        1.30221053024,
        1.2455528492399999,
        1.24906463124,
        1.0581348852399999,
        1.08131788624,
        1.1304234412399998,
        1.25409339524,
        1.20027537324
      ],
      "exit_codes": [
        0,
        0,
        0,
        0,
        0,
        0,
        0,
        0,
        0,
        0
      ]
    }
  ]
}
