{
  "results": [
    {
      "command": "baseline",
      "mean": 3.8005059938714285,
      "stddev": 0.22754844721772677,
      "median": 3.8001762272999997,
      "user": 4.186339725714286,
      "system": 6.157630559999999,
      "min": 3.4988243842999998,
      "max": 4.156227182299999,
      "times": [
        3.5925764612999997,
        3.8135766953,
        4.156227182299999,
        4.0120649923,
        3.7300960143,
        3.8001762272999997,
        3.4988243842999998
      ],
      "exit_codes": [
        0,
        0,
        0,
        0,
        0,
        0,
        0
      ]
    },
    {
      "command": "candidate",
      "mean": 3.3456752352999994,
      "stddev": 0.13439416200891594,
      "median": 3.3915336933,
      "user": 3.832359725714286,
      "system": 5.0334451314285715,
      "min": 3.0879398922999997,
      "max": 3.4601693513,
      "times": [
        3.3594286333,
        3.4601693513,
        3.3915336933,
        3.4147308843,
        3.0879398922999997,
        3.4570469213,
        3.2488772713
      ],
      "exit_codes": [
        0,
        0,
        0,
        0,
        0,
        0,
        0
      ]
    }
  ]
}
