{
  "schema_version": "fr_bench_report/v1",
  "generated_at_ms": 1780879387601,
  "host": "127.0.0.1",
  "port": 16472,
  "workload": "get",
  "clients": 50,
  "requests": 1000000,
  "pipeline": 16,
  "keyspace": 10000,
  "datasize": 3,
  "read_percent": 50,
  "db": 0,
  "key_prefix": "fr:5srqd:profile2",
  "total_time_ms": 1410,
  "ops_per_sec": 709160.0372377099,
  "bytes_sent": 48888785,
  "bytes_received": 9000000,
  "latency_us": {
    "min": 36,
    "p50": 1082,
    "p95": 1373,
    "p99": 1582,
    "p999": 1913,
    "max": 3385,
    "mean": 1115.0416040000011,
    "samples": 1000000
  }
}