{
  "results": [
    {
      "command": "current-256k",
      "mean": 1.1403665979857143,
      "stddev": 0.07884239947409834,
      "median": 1.0895414467,
      "user": 0.022272277142857143,
      "system": 0.14147942857142856,
      "min": 1.0609549547,
      "max": 1.2534707536999998,
      "times": [
        1.0835792357,
        1.2534707536999998,
        1.0609549547,
        1.1988112127,
        1.0815668307,
        1.2146417516999999,
        1.0895414467
      ],
      "exit_codes": [
        0,
        0,
        0,
        0,
        0,
        0,
        0
      ]
    },
    {
      "command": "candidate-256k",
      "mean": 0.6920368467000001,
      "stddev": 0.13879756094285756,
      "median": 0.7355325087000001,
      "user": 0.021412562857142856,
      "system": 0.1538095714285714,
      "min": 0.49846326570000005,
      "max": 0.8543246137000001,
      "times": [
        0.49846326570000005,
        0.7443685967000001,
        0.5432970697000001,
        0.8543246137000001,
        0.6304974917000001,
        0.7355325087000001,
        0.8377743807000001
      ],
      "exit_codes": [
        0,
        0,
        0,
        0,
        0,
        0,
        0
      ]
    }
  ]
}
