{
  "results": [
    {
      "command": "candidate-1m",
      "mean": 1.417809363137143,
      "stddev": 0.23281887606801482,
      "median": 1.3257207262800002,
      "user": 0.026322185714285715,
      "system": 0.19968195142857142,
      "min": 1.13926875128,
      "max": 1.7639982192800001,
      "times": [
        1.6108391702800002,
        1.7639982192800001,
        1.23460124928,
        1.58065534528,
        1.13926875128,
        1.26958208028,
        1.3257207262800002
      ],
      "exit_codes": [
        0,
        0,
        0,
        0,
        0,
        0,
        0
      ]
    },
    {
      "command": "current-1m",
      "mean": 2.1424477208514285,
      "stddev": 0.3367875385260659,
      "median": 2.06349839628,
      "user": 0.0263009,
      "system": 0.19160723714285716,
      "min": 1.81528354028,
      "max": 2.80814968128,
      "times": [
        1.81528354028,
        2.80814968128,
        2.29368611628,
        2.17203181628,
        1.96345758428,
        2.06349839628,
        1.8810269112800002
      ],
      "exit_codes": [
        0,
        0,
        0,
        0,
        0,
        0,
        0
      ]
    }
  ]
}
