{
  "results": [
    {
      "command": "candidate-256k",
      "mean": 0.6824695651342857,
      "stddev": 0.08893183862681069,
      "median": 0.6309766914200001,
      "user": 0.022260294285714282,
      "system": 0.15203326285714283,
      "min": 0.59232971442,
      "max": 0.8273891944200001,
      "times": [
        0.61734411042,
        0.6214480404200001,
        0.8273891944200001,
        0.59232971442,
        0.7529155204200001,
        0.7348836844200001,
        0.6309766914200001
      ],
      "exit_codes": [
        0,
        0,
        0,
        0,
        0,
        0,
        0
      ]
    },
    {
      "command": "current-256k",
      "mean": 1.2771963309914287,
      "stddev": 0.14563329361930502,
      "median": 1.27688972042,
      "user": 0.022251294285714283,
      "system": 0.15486069142857145,
      "min": 1.06499846942,
      "max": 1.47580296842,
      "times": [
        1.06499846942,
        1.27688972042,
        1.41632460442,
        1.18575979742,
        1.17517187342,
        1.47580296842,
        1.34542688342
      ],
      "exit_codes": [
        0,
        0,
        0,
        0,
        0,
        0,
        0
      ]
    }
  ]
}
