{
  "results": [
    {
      "command": "current-1m",
      "mean": 1.7528878631657143,
      "stddev": 0.16557241301832684,
      "median": 1.79471831088,
      "user": 0.02206881714285714,
      "system": 0.1866867228571428,
      "min": 1.4835161928799998,
      "max": 1.91326813888,
      "times": [
        1.72670934888,
        1.91326813888,
        1.79471831088,
        1.88591238988,
        1.58257218288,
        1.88351847788,
        1.4835161928799998
      ],
      "exit_codes": [
        0,
        0,
        0,
        0,
        0,
        0,
        0
      ]
    },
    {
      "command": "candidate-1m",
      "mean": 1.0945156820228572,
      "stddev": 0.11615446404261075,
      "median": 1.07908230488,
      "user": 0.022408531428571427,
      "system": 0.18420115142857144,
      "min": 0.99463609488,
      "max": 1.3181467978799999,
      "times": [
        1.15103085888,
        0.99463609488,
        0.9967655898800001,
        1.11448590388,
        1.3181467978799999,
        1.07908230488,
        1.00746222388
      ],
      "exit_codes": [
        0,
        0,
        0,
        0,
        0,
        0,
        0
      ]
    }
  ]
}
