{
  "results": [
    {
      "command": "PORT=6490; LOG=/data/projects/frankenredis/artifacts/optimization/cod-pass46-set-direct-20260606T1735Z/paired20-baseline-server-$PORT-$$.log; /data/projects/frankenredis/target-cod-pass45-current-baseline/release/frankenredis --bind 127.0.0.1 --port $PORT >\"$LOG\" 2>&1 & PID=$!; trap 'kill $PID 2>/dev/null || true; wait $PID 2>/dev/null || true' EXIT; sleep 0.25; /data/projects/frankenredis/target-cod-pass45-current-baseline/release/fr-bench --host 127.0.0.1 --port $PORT --clients 50 --requests 300000 --pipeline 16 --keyspace 10000 --datasize 3 --workload set --key-prefix pass46base >/dev/null; kill $PID 2>/dev/null || true; wait $PID 2>/dev/null || true; true",
      "mean": 1.18690053178,
      "stddev": 0.15517002863604054,
      "median": 1.1720713541799999,
      "user": 0.9373915800000002,
      "system": 0.91296193,
      "min": 0.97086742068,
      "max": 1.45708877768,
      "times": [
        0.99018458968,
        1.01091809968,
        1.05404093068,
        1.34607595868,
        1.27575251468,
        1.19064245368,
        1.32426680868,
        1.39245804868,
        1.14617310068,
        1.05521017568,
        1.25481929068,
        1.45708877768,
        1.45443136268,
        1.22392388468,
        1.25516904068,
        1.08766710768,
        1.15350025468,
        0.99730273668,
        0.97086742068,
        1.09751807868
      ],
      "exit_codes": [
        0,
        0,
        0,
        0,
        0,
        0,
        0,
        0,
        0,
        0,
        0,
        0,
        0,
        0,
        0,
        0,
        0,
        0,
        0,
        0
      ]
    },
    {
      "command": "PORT=6491; LOG=/data/projects/frankenredis/artifacts/optimization/cod-pass46-set-direct-20260606T1735Z/paired20-candidate-server-$PORT-$$.log; /data/projects/frankenredis/target-cod-pass46-set-direct-candidate/release/frankenredis --bind 127.0.0.1 --port $PORT >\"$LOG\" 2>&1 & PID=$!; trap 'kill $PID 2>/dev/null || true; wait $PID 2>/dev/null || true' EXIT; sleep 0.25; /data/projects/frankenredis/target-cod-pass45-current-baseline/release/fr-bench --host 127.0.0.1 --port $PORT --clients 50 --requests 300000 --pipeline 16 --keyspace 10000 --datasize 3 --workload set --key-prefix pass46cand >/dev/null; kill $PID 2>/dev/null || true; wait $PID 2>/dev/null || true; true",
      "mean": 1.0782965671299998,
      "stddev": 0.08191872401723743,
      "median": 1.06213562868,
      "user": 0.8640920300000001,
      "system": 0.8293406299999999,
      "min": 0.9847217166800001,
      "max": 1.31910408868,
      "times": [
        1.07922696268,
        1.13233876968,
        1.12444811368,
        1.04991021668,
        1.06688156068,
        1.08533592568,
        1.05738969668,
        1.07721856768,
        1.05690570068,
        1.02803882668,
        1.02466690068,
        1.08132823468,
        1.00073578168,
        0.9847217166800001,
        1.03167261968,
        0.9896241746800001,
        1.10756076268,
        1.02214398268,
        1.31910408868,
        1.2466787396799999
      ],
      "exit_codes": [
        0,
        0,
        0,
        0,
        0,
        0,
        0,
        0,
        0,
        0,
        0,
        0,
        0,
        0,
        0,
        0,
        0,
        0,
        0,
        0
      ]
    }
  ]
}
