{
  "schema_version": "fr_bench_report/v1",
  "generated_at_ms": 1781069775418,
  "host": "127.0.0.1",
  "port": 6605,
  "workload": "set",
  "clients": 50,
  "requests": 1000000,
  "pipeline": 16,
  "keyspace": 10000,
  "datasize": 3,
  "read_percent": 50,
  "db": 0,
  "key_prefix": "ohsk5:p118:rev:cand",
  "total_time_ms": 586,
  "ops_per_sec": 1705313.4754126624,
  "bytes_sent": 61339147,
  "bytes_received": 5000000,
  "latency_us": {
    "min": 47,
    "p50": 420,
    "p95": 722,
    "p99": 1078,
    "p999": 1903,
    "max": 2479,
    "mean": 457.0278500000001,
    "samples": 1000000
  }
}