{
  "schema_version": "fr_bench_report/v1",
  "generated_at_ms": 1780875489951,
  "host": "127.0.0.1",
  "port": 35431,
  "workload": "get",
  "clients": 50,
  "requests": 1000000,
  "pipeline": 16,
  "keyspace": 10000,
  "datasize": 3,
  "read_percent": 50,
  "db": 0,
  "key_prefix": "pass64-inline-get-1m",
  "total_time_ms": 1279,
  "ops_per_sec": 781554.3610811895,
  "bytes_sent": 51888870,
  "bytes_received": 9000000,
  "latency_us": {
    "min": 55,
    "p50": 995,
    "p95": 1211,
    "p99": 1442,
    "p999": 1828,
    "max": 2519,
    "mean": 1010.551532,
    "samples": 1000000
  }
}