{
  "results": [
    {
      "command": "baseline",
      "mean": 0.45031837865714286,
      "stddev": 0.005887547734974754,
      "median": 0.45007026880000006,
      "user": 0.20686196285714287,
      "system": 0.4378450171428571,
      "min": 0.44039332980000007,
      "max": 0.4577782798,
      "times": [
        0.4577782798,
        0.4464865988,
        0.45007026880000006,
        0.45152585980000004,
        0.44956840480000004,
        0.44039332980000007,
        0.45640590880000004
      ],
      "exit_codes": [
        0,
        0,
        0,
        0,
        0,
        0,
        0
      ]
    },
    {
      "command": "candidate",
      "mean": 0.4446801703714286,
      "stddev": 0.008216048113770039,
      "median": 0.44476422480000005,
      "user": 0.2221416771428571,
      "system": 0.44036344571428565,
      "min": 0.43226992180000007,
      "max": 0.45712009680000004,
      "times": [
        0.44532569580000003,
        0.45196058680000006,
        0.45712009680000004,
        0.44295251880000003,
        0.43836814780000005,
        0.44476422480000005,
        0.43226992180000007
      ],
      "exit_codes": [
        0,
        0,
        0,
        0,
        0,
        0,
        0
      ]
    }
  ]
}
