{
  "results": [
    {
      "command": "candidate",
      "mean": 1.4176788166399998,
      "stddev": 0.013851965563839982,
      "median": 1.41217824484,
      "user": 0.7262281599999999,
      "system": 1.40929968,
      "min": 1.40189321784,
      "max": 1.43430336084,
      "times": [
        1.4300302468400001,
        1.4099890128400001,
        1.40189321784,
        1.41217824484,
        1.43430336084
      ],
      "exit_codes": [
        0,
        0,
        0,
        0,
        0
      ]
    },
    {
      "command": "baseline",
      "mean": 1.35967711624,
      "stddev": 0.04184465945508323,
      "median": 1.35649778584,
      "user": 0.6905009599999998,
      "system": 1.3770192799999998,
      "min": 1.29796942084,
      "max": 1.40513681784,
      "times": [
        1.40513681784,
        1.39096227984,
        1.35649778584,
        1.3478192768400001,
        1.29796942084
      ],
      "exit_codes": [
        0,
        0,
        0,
        0,
        0
      ]
    }
  ]
}
