{
  "schema_version": "fr_bench_report/v1",
  "generated_at_ms": 1781072105311,
  "host": "127.0.0.1",
  "port": 6631,
  "workload": "set",
  "clients": 50,
  "requests": 3000000,
  "pipeline": 16,
  "keyspace": 10000,
  "datasize": 3,
  "read_percent": 50,
  "db": 0,
  "key_prefix": "ohsk5:p120:profile",
  "total_time_ms": 1773,
  "ops_per_sec": 1691982.397758914,
  "bytes_sent": 182117274,
  "bytes_received": 15000000,
  "latency_us": {
    "min": 48,
    "p50": 425,
    "p95": 681,
    "p99": 984,
    "p999": 2265,
    "max": 15863,
    "mean": 462.33463700000135,
    "samples": 3000000
  }
}