{
  "results": [
    {
      "command": "target-blackthrush-pass37-bitfield-baseline-rch/release/bitfield-inplace-harness --bytes 33554432 --reps 128",
      "mean": 2.8204594987850005,
      "stddev": 0.04824535112852996,
      "median": 2.8172277686600005,
      "user": 0.51478201,
      "system": 2.2927114699999995,
      "min": 2.75605773916,
      "max": 2.9110615221600002,
      "times": [
        2.85191860316,
        2.9110615221600002,
        2.83733265016,
        2.79837040016,
        2.8216793051600004,
        2.75605773916,
        2.81277623216,
        2.77447953816
      ],
      "exit_codes": [
        0,
        0,
        0,
        0,
        0,
        0,
        0,
        0
      ]
    }
  ]
}
