{
  "results": [
    {
      "command": "target-blackthrush-pass37-bitfield-final-harness-rch/release/bitfield-inplace-harness --bytes 33554432 --reps 128",
      "mean": 0.032011890130000005,
      "stddev": 0.0015162105753635344,
      "median": 0.03214025588,
      "user": 0.0080656,
      "system": 0.023668224999999998,
      "min": 0.029754191880000003,
      "max": 0.034814834880000006,
      "times": [
        0.032318578880000004,
        0.03271677288000001,
        0.03098401088,
        0.03260122388,
        0.034814834880000006,
        0.03196193288,
        0.029754191880000003,
        0.03094357488
      ],
      "exit_codes": [
        0,
        0,
        0,
        0,
        0,
        0,
        0,
        0
      ]
    }
  ]
}
