{
  "results": [
    {
      "command": "target-blackthrush-pass37-bitfield-candidate-rch/release/bitfield-inplace-harness --bytes 33554432 --reps 128",
      "mean": 0.032523161545,
      "stddev": 0.001336643625142141,
      "median": 0.03246903742,
      "user": 0.006263049999999999,
      "system": 0.02596519,
      "min": 0.031016638920000002,
      "max": 0.03481690192,
      "times": [
        0.03251671792,
        0.03269466492,
        0.034008672920000003,
        0.03242135692,
        0.03137071892,
        0.03133961992,
        0.031016638920000002,
        0.03481690192
      ],
      "exit_codes": [
        0,
        0,
        0,
        0,
        0,
        0,
        0,
        0
      ]
    }
  ]
}
