{
  "schema_version": "fr_bench_report/v1",
  "generated_at_ms": 1780610767874,
  "host": "127.0.0.1",
  "port": 20590,
  "workload": "set",
  "clients": 50,
  "requests": 500000,
  "pipeline": 16,
  "keyspace": 10000,
  "datasize": 3,
  "read_percent": 50,
  "db": 0,
  "key_prefix": "cod-pass45-baseline",
  "total_time_ms": 1723,
  "ops_per_sec": 290101.8043005882,
  "bytes_sent": 30394538,
  "bytes_received": 2500000,
  "latency_us": {
    "min": 181,
    "p50": 2587,
    "p95": 3801,
    "p99": 4563,
    "p999": 5771,
    "max": 9551,
    "mean": 2727.842655999997,
    "samples": 500000
  }
}