{
  "results": [
    {
      "command": "current",
      "mean": 0.49436164486,
      "stddev": 0.1921810966474557,
      "median": 0.45854428426,
      "user": 0.23874867999999996,
      "system": 0.46285394,
      "min": 0.30023744026000004,
      "max": 0.79588607126,
      "times": [
        0.66567236526,
        0.79588607126,
        0.57648134826,
        0.69115315426,
        0.61323367226,
        0.32738547126,
        0.30023744026000004,
        0.34060722026,
        0.32133698226,
        0.31162272326
      ],
      "exit_codes": [
        0,
        0,
        0,
        0,
        0,
        0,
        0,
        0,
        0,
        0
      ]
    },
    {
      "command": "candidate",
      "mean": 0.33037719096000007,
      "stddev": 0.008835309335133542,
      "median": 0.33203461126,
      "user": 0.19645817999999998,
      "system": 0.43934783999999993,
      "min": 0.31023475826,
      "max": 0.34372225926000005,
      "times": [
        0.34372225926000005,
        0.32887565426000004,
        0.33689014626,
        0.31023475826,
        0.32568811126,
        0.32635826926,
        0.33056356126,
        0.33354750026,
        0.33438598826000004,
        0.33350566126000003
      ],
      "exit_codes": [
        0,
        0,
        0,
        0,
        0,
        0,
        0,
        0,
        0,
        0
      ]
    }
  ]
}
