{
  "results": [
    {
      "command": "current",
      "mean": 1.0218732202099998,
      "stddev": 0.032460258648597286,
      "median": 1.0089882239599999,
      "user": 0.61163105,
      "system": 1.381151875,
      "min": 0.9842417479600001,
      "max": 1.0700695629599999,
      "times": [
        1.03221310396,
        1.0700695629599999,
        1.0004408009599999,
        0.9842417479600001,
        1.01366392896,
        1.00431251896,
        1.00075218096,
        1.06929191696
      ],
      "exit_codes": [
        0,
        0,
        0,
        0,
        0,
        0,
        0,
        0
      ]
    },
    {
      "command": "candidate",
      "mean": 1.039585750835,
      "stddev": 0.04556018439826891,
      "median": 1.05055926446,
      "user": 0.6158014249999999,
      "system": 1.4103316249999998,
      "min": 0.97880548796,
      "max": 1.10970336696,
      "times": [
        0.9804266619600001,
        1.01658132996,
        0.97880548796,
        1.10970336696,
        1.06553547496,
        1.06451515596,
        1.03724213696,
        1.06387639196
      ],
      "exit_codes": [
        0,
        0,
        0,
        0,
        0,
        0,
        0,
        0
      ]
    }
  ]
}
