{
  "results": [
    {
      "command": "baseline",
      "mean": 0.8040008413050002,
      "stddev": 0.04149591672424094,
      "median": 0.7969484801800001,
      "user": 0.6789263999999999,
      "system": 0.704149625,
      "min": 0.7497651216800001,
      "max": 0.8598399986800002,
      "times": [
        0.8309080246800001,
        0.7935256606800001,
        0.7497651216800001,
        0.7530761036800001,
        0.8598399986800002,
        0.8003712996800001,
        0.8529751736800001,
        0.7915453476800001
      ],
      "exit_codes": [
        0,
        0,
        0,
        0,
        0,
        0,
        0,
        0
      ]
    }
  ]
}
