{
  "results": [
    {
      "command": "baseline",
      "mean": 0.542407996045,
      "stddev": 0.016636492696768125,
      "median": 0.54522525742,
      "user": 0.52901126,
      "system": 0.6629496149999999,
      "min": 0.51600445492,
      "max": 0.55995130792,
      "times": [
        0.54332708492,
        0.55995130792,
        0.5471234299200001,
        0.55428975392,
        0.53788151892,
        0.51600445492,
        0.52111791892,
        0.55956849892
      ],
      "exit_codes": [
        0,
        0,
        0,
        0,
        0,
        0,
        0,
        0
      ]
    },
    {
      "command": "candidate",
      "mean": 0.53842154292,
      "stddev": 0.016450700210140928,
      "median": 0.53267322542,
      "user": 0.511556135,
      "system": 0.655398865,
      "min": 0.52188411792,
      "max": 0.57556647492,
      "times": [
        0.53533103092,
        0.57556647492,
        0.53284415592,
        0.52188411792,
        0.53103646792,
        0.5316883829200001,
        0.53250229492,
        0.54651941792
      ],
      "exit_codes": [
        0,
        0,
        0,
        0,
        0,
        0,
        0,
        0
      ]
    }
  ]
}
