{
  "schema_version": "fr_bench_report/v1",
  "generated_at_ms": 1780985809506,
  "host": "127.0.0.1",
  "port": 49632,
  "workload": "set",
  "clients": 50,
  "requests": 300000,
  "pipeline": 16,
  "keyspace": 10000,
  "datasize": 3,
  "read_percent": 50,
  "db": 0,
  "key_prefix": "om-pass99-limit-paired-cand",
  "total_time_ms": 483,
  "ops_per_sec": 621055.2896955872,
  "bytes_sent": 20616798,
  "bytes_received": 1500000,
  "latency_us": {
    "min": 93,
    "p50": 1137,
    "p95": 1824,
    "p99": 2367,
    "p999": 4379,
    "max": 4875,
    "mean": 1261.7630400000028,
    "samples": 300000
  }
}