{
  "schema_version": "fr_bench_report/v1",
  "generated_at_ms": 1780493066903,
  "host": "127.0.0.1",
  "port": 16419,
  "workload": "set",
  "clients": 50,
  "requests": 500000,
  "pipeline": 16,
  "keyspace": 10000,
  "datasize": 3,
  "read_percent": 50,
  "db": 0,
  "key_prefix": "icywolf-pass19-strace-bench",
  "total_time_ms": 1818,
  "ops_per_sec": 274890.44415903476,
  "bytes_sent": 34394567,
  "bytes_received": 2500000,
  "latency_us": {
    "min": 162,
    "p50": 2659,
    "p95": 4019,
    "p99": 5351,
    "p999": 11423,
    "max": 12767,
    "mean": 2875.005634000002,
    "samples": 500000
  }
}