{
  "schema_version": "fr_bench_report/v1",
  "generated_at_ms": 1780493968135,
  "host": "127.0.0.1",
  "port": 18879,
  "workload": "set",
  "clients": 50,
  "requests": 500000,
  "pipeline": 16,
  "keyspace": 10000,
  "datasize": 3,
  "read_percent": 50,
  "db": 0,
  "key_prefix": "icywolf-pass19-strace",
  "total_time_ms": 6088,
  "ops_per_sec": 82122.1752091712,
  "bytes_sent": 31394293,
  "bytes_received": 2500000,
  "latency_us": {
    "min": 5696,
    "p50": 9279,
    "p95": 14295,
    "p99": 16671,
    "p999": 19247,
    "max": 21359,
    "mean": 9711.95270800001,
    "samples": 500000
  }
}