{
  "schema_version": "fr_bench_report/v1",
  "generated_at_ms": 1780493723762,
  "host": "127.0.0.1",
  "port": 18879,
  "workload": "set",
  "clients": 50,
  "requests": 100000,
  "pipeline": 16,
  "keyspace": 10000,
  "datasize": 3,
  "read_percent": 50,
  "db": 0,
  "key_prefix": "icywolf-pass19-hf",
  "total_time_ms": 345,
  "ops_per_sec": 289035.8844467137,
  "bytes_sent": 5838959,
  "bytes_received": 500000,
  "latency_us": {
    "min": 261,
    "p50": 2491,
    "p95": 3785,
    "p99": 4551,
    "p999": 5499,
    "max": 6307,
    "mean": 2679.547220000001,
    "samples": 100000
  }
}