{
  "results": [
    {
      "command": "target-icywolf-pass19-current-profile-rch/release-perf/fr-bench --host 127.0.0.1 --port 18879 --clients 50 --requests 100000 --pipeline 16 --workload set --keyspace 10000 --datasize 3 --json-out artifacts/optimization/icywolf-perf-20260603-pass19-current-profile/set-p16-hf-last.json --key-prefix icywolf-pass19-hf",
      "mean": 0.3304634678,
      "stddev": 0.00962755071763118,
      "median": 0.3281302961,
      "user": 0.08653662000000001,
      "system": 0.15580154,
      "min": 0.3201804046,
      "max": 0.3489866716,
      "times": [
        0.33289482260000003,
        0.3205627386,
        0.3238809956,
        0.3248917906,
        0.3312063636,
        0.3201804046,
        0.3335669466,
        0.3250542286,
        0.3434097156,
        0.3489866716
      ],
      "exit_codes": [
        0,
        0,
        0,
        0,
        0,
        0,
        0,
        0,
        0,
        0
      ]
    }
  ]
}
