{
  "schema_version": "fr_bench_report/v1",
  "generated_at_ms": 1781120183900,
  "host": "127.0.0.1",
  "port": 6713,
  "workload": "get",
  "clients": 50,
  "requests": 1000000,
  "pipeline": 16,
  "keyspace": 10000,
  "datasize": 3,
  "read_percent": 50,
  "db": 0,
  "key_prefix": "ohsk5:p126:paired:candidate",
  "total_time_ms": 740,
  "ops_per_sec": 1349944.559531868,
  "bytes_sent": 58888841,
  "bytes_received": 9000000,
  "latency_us": {
    "min": 41,
    "p50": 536,
    "p95": 904,
    "p99": 1364,
    "p999": 2087,
    "max": 2593,
    "mean": 579.9285709999995,
    "samples": 1000000
  }
}