{
  "schema_version": "fr_bench_report/v1",
  "generated_at_ms": 1781120175445,
  "host": "127.0.0.1",
  "port": 6712,
  "workload": "get",
  "clients": 50,
  "requests": 1000000,
  "pipeline": 16,
  "keyspace": 10000,
  "datasize": 3,
  "read_percent": 50,
  "db": 0,
  "key_prefix": "ohsk5:p126:paired:current",
  "total_time_ms": 814,
  "ops_per_sec": 1227364.4055917386,
  "bytes_sent": 56888186,
  "bytes_received": 9000000,
  "latency_us": {
    "min": 52,
    "p50": 589,
    "p95": 1028,
    "p99": 1691,
    "p999": 2711,
    "max": 3555,
    "mean": 638.6975389999994,
    "samples": 1000000
  }
}