{
  "schema_version": "fr_bench_report/v1",
  "generated_at_ms": 1781120212368,
  "host": "127.0.0.1",
  "port": 6715,
  "workload": "get",
  "clients": 50,
  "requests": 1000000,
  "pipeline": 16,
  "keyspace": 10000,
  "datasize": 3,
  "read_percent": 50,
  "db": 0,
  "key_prefix": "ohsk5:p126:reversed:current",
  "total_time_ms": 735,
  "ops_per_sec": 1359015.3291397933,
  "bytes_sent": 58888589,
  "bytes_received": 9000000,
  "latency_us": {
    "min": 53,
    "p50": 547,
    "p95": 870,
    "p99": 1335,
    "p999": 2397,
    "max": 2735,
    "mean": 575.8836040000006,
    "samples": 1000000
  }
}