{
  "schema_version": "fr_bench_report/v1",
  "generated_at_ms": 1781120204087,
  "host": "127.0.0.1",
  "port": 6714,
  "workload": "get",
  "clients": 50,
  "requests": 1000000,
  "pipeline": 16,
  "keyspace": 10000,
  "datasize": 3,
  "read_percent": 50,
  "db": 0,
  "key_prefix": "ohsk5:p126:reversed:candidate",
  "total_time_ms": 725,
  "ops_per_sec": 1378871.4738111182,
  "bytes_sent": 60889064,
  "bytes_received": 9000000,
  "latency_us": {
    "min": 52,
    "p50": 535,
    "p95": 849,
    "p99": 1073,
    "p999": 1466,
    "max": 2285,
    "mean": 566.8152089999986,
    "samples": 1000000
  }
}