{
  "results": [
    {
      "command": "target-coralox-qbs5q-pass202-candidate/release/fr-qbs5q-list-restore-harness --list-len 10000 --payload-size 16 --repeats 500 --ring 8",
      "mean": 0.2987867820800001,
      "stddev": 0.008606554275027021,
      "median": 0.29703541758,
      "user": 0.29563569999999995,
      "system": 0.0029711,
      "min": 0.28786455508000003,
      "max": 0.31327583608000004,
      "times": [
        0.30479838208000004,
        0.31009987708000003,
        0.29758640708,
        0.31327583608000004,
        0.29648442808000003,
        0.29404410408000003,
        0.28786455508000003,
        0.30191734308,
        0.29311372208,
        0.28868316608
      ],
      "exit_codes": [
        0,
        0,
        0,
        0,
        0,
        0,
        0,
        0,
        0,
        0
      ]
    },
    {
      "command": "/data/projects/.scratch/frankenredis-qbs5q-baseline-b8487d8bf/target-coralox-qbs5q-pass202-baseline/release/fr-qbs5q-list-restore-harness --list-len 10000 --payload-size 16 --repeats 500 --ring 8",
      "mean": 0.45680221218000006,
      "stddev": 0.023072565897910673,
      "median": 0.45942641008,
      "user": 0.4497033999999999,
      "system": 0.006458599999999999,
      "min": 0.42714573908000003,
      "max": 0.48664217508,
      "times": [
        0.43231555508,
        0.43792774908000004,
        0.46174957708000003,
        0.46991695308000003,
        0.47663379108000004,
        0.48634037408,
        0.42714573908000003,
        0.48664217508,
        0.45710324308,
        0.43224696508000005
      ],
      "exit_codes": [
        0,
        0,
        0,
        0,
        0,
        0,
        0,
        0,
        0,
        0
      ]
    }
  ]
}
