{
  "results": [
    {
      "command": "/data/projects/.scratch/frankenredis-qbs5q-baseline-b8487d8bf/target-coralox-qbs5q-pass202-baseline/release/fr-qbs5q-list-restore-harness --list-len 10000 --payload-size 16 --repeats 500 --ring 8",
      "mean": 0.4654761690600001,
      "stddev": 0.03377004573528816,
      "median": 0.46255559926,
      "user": 0.4550270599999999,
      "system": 0.005227399999999999,
      "min": 0.42943466076000003,
      "max": 0.55030925876,
      "times": [
        0.46727962176000004,
        0.42943466076000003,
        0.48233837576000005,
        0.44499572776000007,
        0.4354871597600001,
        0.45351861676000005,
        0.46628707076000003,
        0.55030925876,
        0.46183978276000004,
        0.46327141576
      ],
      "exit_codes": [
        0,
        0,
        0,
        0,
        0,
        0,
        0,
        0,
        0,
        0
      ]
    },
    {
      "command": "target-coralox-qbs5q-pass202-candidate/release/fr-qbs5q-list-restore-harness --list-len 10000 --payload-size 16 --repeats 500 --ring 8",
      "mean": 0.29339047506,
      "stddev": 0.01458386379965162,
      "median": 0.28920718726000005,
      "user": 0.28970295999999995,
      "system": 0.0033411000000000005,
      "min": 0.27735433376,
      "max": 0.31652110776000003,
      "times": [
        0.28890319676000004,
        0.28017574976000004,
        0.28135974276000003,
        0.31536231176000007,
        0.29282923576000003,
        0.28951117776,
        0.27735433376,
        0.31652110776000003,
        0.30759187876000005,
        0.28429601576
      ],
      "exit_codes": [
        0,
        0,
        0,
        0,
        0,
        0,
        0,
        0,
        0,
        0
      ]
    }
  ]
}
