{
  "elapsed_sec": 1.5226245229132473,
  "elements_per_hll": 50000,
  "last_reply": 49966,
  "merged_count": 98718,
  "mode": "single-cached",
  "ops": 20000,
  "ops_per_sec": 13135.21468952429,
  "other_count": 50144,
  "server_pid": 1950451,
  "single_count": 49966
}
