{
  "elapsed_sec": 1.7529386259848252,
  "elements_per_hll": 50000,
  "last_reply": 98718,
  "merged_count": 98718,
  "mode": "multi",
  "ops": 20000,
  "ops_per_sec": 11409.41257356556,
  "other_count": 50144,
  "server_pid": 2046582,
  "single_count": 49966
}
