{
  "schema_version": "fr_bench_report/v1",
  "generated_at_ms": 1781029854571,
  "host": "127.0.0.1",
  "port": 6391,
  "workload": "set",
  "clients": 50,
  "requests": 300000,
  "pipeline": 16,
  "keyspace": 10000,
  "datasize": 3,
  "read_percent": 50,
  "db": 0,
  "key_prefix": "pass104straceset",
  "total_time_ms": 2606,
  "ops_per_sec": 115104.36569430483,
  "bytes_sent": 17316612,
  "bytes_received": 1500000,
  "latency_us": {
    "min": 1465,
    "p50": 5955,
    "p95": 14111,
    "p99": 18303,
    "p999": 23263,
    "max": 24959,
    "mean": 6889.2383500000005,
    "samples": 300000
  }
}