{
  "schema_version": "fr_bench_report/v1",
  "generated_at_ms": 1781029943847,
  "host": "127.0.0.1",
  "port": 6391,
  "workload": "set",
  "clients": 50,
  "requests": 1000000,
  "pipeline": 16,
  "keyspace": 10000,
  "datasize": 3,
  "read_percent": 50,
  "db": 0,
  "key_prefix": "pass104perfset",
  "total_time_ms": 1255,
  "ops_per_sec": 796398.035673414,
  "bytes_sent": 56338423,
  "bytes_received": 5000000,
  "latency_us": {
    "min": 89,
    "p50": 934,
    "p95": 1372,
    "p99": 1726,
    "p999": 2595,
    "max": 3911,
    "mean": 988.6258040000016,
    "samples": 1000000
  }
}