{
  "schema_version": "fr_bench_report/v1",
  "generated_at_ms": 1781029782215,
  "host": "127.0.0.1",
  "port": 6391,
  "workload": "set",
  "clients": 50,
  "requests": 300000,
  "pipeline": 16,
  "keyspace": 10000,
  "datasize": 3,
  "read_percent": 50,
  "db": 0,
  "key_prefix": "pass104set",
  "total_time_ms": 422,
  "ops_per_sec": 709292.6453313204,
  "bytes_sent": 15516994,
  "bytes_received": 1500000,
  "latency_us": {
    "min": 56,
    "p50": 1048,
    "p95": 1447,
    "p99": 1779,
    "p999": 2701,
    "max": 4119,
    "mean": 1097.3940100000013,
    "samples": 300000
  }
}