{
  "schema_version": "fr_bench_report/v1",
  "generated_at_ms": 1781074080252,
  "host": "127.0.0.1",
  "port": 6654,
  "workload": "get",
  "clients": 50,
  "requests": 1000000,
  "pipeline": 16,
  "keyspace": 10000,
  "datasize": 3,
  "read_percent": 50,
  "db": 0,
  "key_prefix": "ohsk5:p122:paired:current",
  "total_time_ms": 681,
  "ops_per_sec": 1466826.9845976213,
  "bytes_sent": 56889110,
  "bytes_received": 9000000,
  "latency_us": {
    "min": 44,
    "p50": 493,
    "p95": 800,
    "p99": 1290,
    "p999": 2159,
    "max": 2629,
    "mean": 532.3045470000014,
    "samples": 1000000
  }
}