{
  "schema_version": "fr_bench_report/v1",
  "generated_at_ms": 1781063880464,
  "host": "127.0.0.1",
  "port": 26997,
  "workload": "set",
  "clients": 50,
  "requests": 3000000,
  "pipeline": 16,
  "keyspace": 10000,
  "datasize": 3,
  "read_percent": 50,
  "db": 0,
  "key_prefix": "ohsk5-p112-confirm-pair-cand",
  "total_time_ms": 2705,
  "ops_per_sec": 1108979.284498742,
  "bytes_sent": 212116869,
  "bytes_received": 15000000,
  "latency_us": {
    "min": 47,
    "p50": 613,
    "p95": 1404,
    "p99": 2481,
    "p999": 3675,
    "max": 5395,
    "mean": 706.3202363333365,
    "samples": 3000000
  }
}