{"bytes_received": 5000000, "bytes_sent": 66888890, "clients": 50, "datasize": 3, "elapsed_seconds": 4.866794228088111, "keyspace": 1000000, "mix": "alternate", "ops_per_sec": 205474.06632247192, "pipeline": 16, "requests": 1000000, "schema": "frankenredis_svgvb_setex_bench_v1"}
