{"bytes_received": 5000000, "bytes_sent": 70888890, "clients": 50, "datasize": 3, "elapsed_seconds": 4.59205388603732, "keyspace": 1000000, "mix": "alternate", "ops_per_sec": 217767.4793931791, "pipeline": 16, "requests": 1000000, "schema": "frankenredis_svgvb_setex_bench_v1"}
