{
  "schema_version": "fr_bench_report/v1",
  "generated_at_ms": 1781070301622,
  "host": "127.0.0.1",
  "port": 6612,
  "workload": "set",
  "clients": 50,
  "requests": 300000,
  "pipeline": 16,
  "keyspace": 10000,
  "datasize": 3,
  "read_percent": 50,
  "db": 0,
  "key_prefix": "p119-strace",
  "total_time_ms": 226,
  "ops_per_sec": 1322042.3629614073,
  "bytes_sent": 15816643,
  "bytes_received": 1500000,
  "latency_us": {
    "min": 47,
    "p50": 482,
    "p95": 1018,
    "p99": 1767,
    "p999": 17775,
    "max": 18143,
    "mean": 577.5862433333324,
    "samples": 300000
  }
}