{
  "schema_version": "fr_bench_report/v1",
  "generated_at_ms": 1781144655802,
  "host": "127.0.0.1",
  "port": 6755,
  "workload": "get",
  "clients": 50,
  "requests": 1000000,
  "pipeline": 16,
  "keyspace": 10000,
  "datasize": 3,
  "read_percent": 50,
  "db": 0,
  "key_prefix": "3cc4w:p130:paired:candidate",
  "total_time_ms": 590,
  "ops_per_sec": 1693829.7619988623,
  "bytes_sent": 58889656,
  "bytes_received": 9000000,
  "latency_us": {
    "min": 55,
    "p50": 421,
    "p95": 721,
    "p99": 1024,
    "p999": 1814,
    "max": 2215,
    "mean": 459.90910799999983,
    "samples": 1000000
  }
}