{
  "schema_version": "fr_bench_report/v1",
  "generated_at_ms": 1781144649169,
  "host": "127.0.0.1",
  "port": 6754,
  "workload": "get",
  "clients": 50,
  "requests": 1000000,
  "pipeline": 16,
  "keyspace": 10000,
  "datasize": 3,
  "read_percent": 50,
  "db": 0,
  "key_prefix": "3cc4w:p130:paired:current",
  "total_time_ms": 577,
  "ops_per_sec": 1732780.0100065966,
  "bytes_sent": 56888786,
  "bytes_received": 9000000,
  "latency_us": {
    "min": 58,
    "p50": 420,
    "p95": 674,
    "p99": 832,
    "p999": 1291,
    "max": 1921,
    "mean": 449.8002449999992,
    "samples": 1000000
  }
}