{
  "results": [
    {
      "command": "OUT=artifacts/optimization/frankenredis-3cc4w/pass130/benchmark/paired/current-run SERVER=/tmp/rch_target_fr_3cc4w_p130_current/release-perf/frankenredis BENCH=/tmp/rch_target_fr_3cc4w_p130_current/release-perf/fr-bench PORT=6754 WORKLOAD=get REQUESTS=1000000 JSON_OUT=artifacts/optimization/frankenredis-3cc4w/pass130/benchmark/paired/current-get-p16-c50-1m-last.json KEY_PREFIX=3cc4w:p130:paired:current artifacts/optimization/frankenredis-zhphm/pass1/run_fr_bench_once.sh",
      "mean": 0.65808810832,
      "stddev": 0.04598746346260865,
      "median": 0.65175233692,
      "user": 1.0413906599999998,
      "system": 2.1886581200000004,
      "min": 0.60478243442,
      "max": 0.72752594442,
      "times": [
        0.69463989642,
        0.65367347142,
        0.62674698342,
        0.60575623942,
        0.72554835842,
        0.72752594442,
        0.64983120242,
        0.60478243442,
        0.61980810842,
        0.67256844442
      ],
      "exit_codes": [
        0,
        0,
        0,
        0,
        0,
        0,
        0,
        0,
        0,
        0
      ]
    },
    {
      "command": "OUT=artifacts/optimization/frankenredis-3cc4w/pass130/benchmark/paired/candidate-run SERVER=/tmp/rch_target_fr_3cc4w_p130_candidate/release-perf/frankenredis BENCH=/tmp/rch_target_fr_3cc4w_p130_candidate/release-perf/fr-bench PORT=6755 WORKLOAD=get REQUESTS=1000000 JSON_OUT=artifacts/optimization/frankenredis-3cc4w/pass130/benchmark/paired/candidate-get-p16-c50-1m-last.json KEY_PREFIX=3cc4w:p130:paired:candidate artifacts/optimization/frankenredis-zhphm/pass1/run_fr_bench_once.sh",
      "mean": 0.6622374075199999,
      "stddev": 0.01838772531076216,
      "median": 0.66535025092,
      "user": 1.03354626,
      "system": 2.13418202,
      "min": 0.63500514642,
      "max": 0.69215106942,
      "times": [
        0.64860184342,
        0.66729921242,
        0.66340128942,
        0.63500514642,
        0.68008445142,
        0.6732631704200001,
        0.67346406042,
        0.64554496242,
        0.64355886942,
        0.69215106942
      ],
      "exit_codes": [
        0,
        0,
        0,
        0,
        0,
        0,
        0,
        0,
        0,
        0
      ]
    }
  ]
}
