{
  "bytes_received": 418055,
  "bytes_sent": 5588817,
  "clients": 50,
  "datasize": 3,
  "generated_at_ms": 1775593514851,
  "host": "127.0.0.1",
  "keyspace": 10000,
  "ops_sec": 1176.589703394577,
  "p50_us": 44703,
  "p95_us": 53471,
  "p999_us": 118527,
  "p99_us": 66559,
  "pipeline": 1,
  "port": 6399,
  "raw_report": {
    "bytes_received": 418055,
    "bytes_sent": 5588817,
    "clients": 50,
    "datasize": 3,
    "db": 0,
    "generated_at_ms": 1775593514851,
    "host": "127.0.0.1",
    "key_prefix": "fr:bench:1775593429860",
    "keyspace": 10000,
    "latency_us": {
      "max": 215551,
      "mean": 42479.69472000003,
      "min": 6096,
      "p50": 44703,
      "p95": 53471,
      "p99": 66559,
      "p999": 118527,
      "samples": 100000
    },
    "ops_per_sec": 1176.589703394577,
    "pipeline": 1,
    "port": 6399,
    "read_percent": 0,
    "requests": 100000,
    "schema_version": "fr_bench_report/v1",
    "total_time_ms": 84991,
    "workload": "incr"
  },
  "read_percent": 0,
  "schema_version": "frankenredis_baseline/v1",
  "server": "frankenredis",
  "server_version": "v0.1.0",
  "total_requests": 100000,
  "total_time_sec": 84.991,
  "workload": "incr"
}
