{
  "bytes_received": 500000,
  "bytes_sent": 6338870,
  "clients": 50,
  "datasize": 3,
  "generated_at_ms": 1775593709495,
  "host": "127.0.0.1",
  "keyspace": 10000,
  "ops_sec": 1240.9295025833799,
  "p50_us": 42399,
  "p95_us": 50911,
  "p999_us": 67903,
  "p99_us": 58847,
  "pipeline": 1,
  "port": 6399,
  "raw_report": {
    "bytes_received": 500000,
    "bytes_sent": 6338870,
    "clients": 50,
    "datasize": 3,
    "db": 0,
    "generated_at_ms": 1775593709495,
    "host": "127.0.0.1",
    "key_prefix": "fr:bench:1775593628910",
    "keyspace": 10000,
    "latency_us": {
      "max": 76223,
      "mean": 40266.38181000019,
      "min": 637,
      "p50": 42399,
      "p95": 50911,
      "p99": 58847,
      "p999": 67903,
      "samples": 100000
    },
    "ops_per_sec": 1240.9295025833799,
    "pipeline": 1,
    "port": 6399,
    "read_percent": 0,
    "requests": 100000,
    "schema_version": "fr_bench_report/v1",
    "total_time_ms": 80584,
    "workload": "set"
  },
  "read_percent": 0,
  "schema_version": "frankenredis_baseline/v1",
  "server": "frankenredis",
  "server_version": "v0.1.0",
  "total_requests": 100000,
  "total_time_sec": 80.584,
  "workload": "set"
}
