{
  "bytes_received": 900000,
  "bytes_sent": 5388867,
  "clients": 50,
  "datasize": 3,
  "generated_at_ms": 1775593256058,
  "host": "127.0.0.1",
  "keyspace": 10000,
  "ops_sec": 1204.6534139532027,
  "p50_us": 42303,
  "p95_us": 45407,
  "p999_us": 62527,
  "p99_us": 51647,
  "pipeline": 1,
  "port": 6399,
  "raw_report": {
    "bytes_received": 900000,
    "bytes_sent": 5388867,
    "clients": 50,
    "datasize": 3,
    "db": 0,
    "generated_at_ms": 1775593256058,
    "host": "127.0.0.1",
    "key_prefix": "fr:bench:1775593167969",
    "keyspace": 10000,
    "latency_us": {
      "max": 68223,
      "mean": 41488.31297,
      "min": 1272,
      "p50": 42303,
      "p95": 45407,
      "p99": 51647,
      "p999": 62527,
      "samples": 100000
    },
    "ops_per_sec": 1204.6534139532027,
    "pipeline": 1,
    "port": 6399,
    "read_percent": 100,
    "requests": 100000,
    "schema_version": "fr_bench_report/v1",
    "total_time_ms": 83011,
    "workload": "get"
  },
  "read_percent": 100,
  "schema_version": "frankenredis_baseline/v1",
  "server": "frankenredis",
  "server_version": "v0.1.0",
  "total_requests": 100000,
  "total_time_sec": 83.011,
  "workload": "get"
}
