{
  "bytes_received": 500000,
  "bytes_sent": 6338755,
  "clients": 50,
  "datasize": 3,
  "generated_at_ms": 1775593429830,
  "host": "127.0.0.1",
  "keyspace": 10000,
  "ops_sec": 1221.3672381131153,
  "p50_us": 693759,
  "p95_us": 796159,
  "p999_us": 879103,
  "p99_us": 857087,
  "pipeline": 16,
  "port": 6399,
  "raw_report": {
    "bytes_received": 500000,
    "bytes_sent": 6338755,
    "clients": 50,
    "datasize": 3,
    "db": 0,
    "generated_at_ms": 1775593429830,
    "host": "127.0.0.1",
    "key_prefix": "fr:bench:1775593347954",
    "keyspace": 10000,
    "latency_us": {
      "max": 880639,
      "mean": 652258.2925600009,
      "min": 8416,
      "p50": 693759,
      "p95": 796159,
      "p99": 857087,
      "p999": 879103,
      "samples": 100000
    },
    "ops_per_sec": 1221.3672381131153,
    "pipeline": 16,
    "port": 6399,
    "read_percent": 0,
    "requests": 100000,
    "schema_version": "fr_bench_report/v1",
    "total_time_ms": 81875,
    "workload": "set"
  },
  "read_percent": 0,
  "schema_version": "frankenredis_baseline/v1",
  "server": "frankenredis",
  "server_version": "v0.1.0",
  "total_requests": 100000,
  "total_time_sec": 81.875,
  "workload": "pipeline16"
}
