{
  "bytes_received": 720495,
  "bytes_sent": 5862664,
  "clients": 50,
  "datasize": 3,
  "generated_at_ms": 1775593347921,
  "host": "127.0.0.1",
  "keyspace": 10000,
  "ops_sec": 1159.2305719941078,
  "p50_us": 42879,
  "p95_us": 53183,
  "p999_us": 94015,
  "p99_us": 65791,
  "pipeline": 1,
  "port": 6399,
  "raw_report": {
    "bytes_received": 720495,
    "bytes_sent": 5862664,
    "clients": 50,
    "datasize": 3,
    "db": 0,
    "generated_at_ms": 1775593347921,
    "host": "127.0.0.1",
    "key_prefix": "fr:bench:1775593256087",
    "keyspace": 10000,
    "latency_us": {
      "max": 135167,
      "mean": 43116.85384999999,
      "min": 3010,
      "p50": 42879,
      "p95": 53183,
      "p99": 65791,
      "p999": 94015,
      "samples": 100000
    },
    "ops_per_sec": 1159.2305719941078,
    "pipeline": 1,
    "port": 6399,
    "read_percent": 50,
    "requests": 100000,
    "schema_version": "fr_bench_report/v1",
    "total_time_ms": 86264,
    "workload": "mixed"
  },
  "read_percent": 50,
  "schema_version": "frankenredis_baseline/v1",
  "server": "frankenredis",
  "server_version": "v0.1.0",
  "total_requests": 100000,
  "total_time_sec": 86.264,
  "workload": "mixed"
}
