{
  "bytes_received": 500000,
  "bytes_sent": 6338990,
  "clients": 50,
  "datasize": 3,
  "generated_at_ms": 1775593518331,
  "host": "127.0.0.1",
  "keyspace": 10000,
  "ops_sec": 860900.4193643951,
  "p50_us": 759,
  "p95_us": 1312,
  "p999_us": 2367,
  "p99_us": 1817,
  "pipeline": 16,
  "port": 6399,
  "raw_report": {
    "bytes_received": 500000,
    "bytes_sent": 6338990,
    "clients": 50,
    "datasize": 3,
    "db": 0,
    "generated_at_ms": 1775593518331,
    "host": "127.0.0.1",
    "key_prefix": "fr:bench:1775593518215",
    "keyspace": 10000,
    "latency_us": {
      "max": 2787,
      "mean": 874.5193799999997,
      "min": 101,
      "p50": 759,
      "p95": 1312,
      "p99": 1817,
      "p999": 2367,
      "samples": 100000
    },
    "ops_per_sec": 860900.4193643951,
    "pipeline": 16,
    "port": 6399,
    "read_percent": 0,
    "requests": 100000,
    "schema_version": "fr_bench_report/v1",
    "total_time_ms": 116,
    "workload": "set"
  },
  "read_percent": 0,
  "schema_version": "frankenredis_baseline/v1",
  "server": "redis",
  "server_version": "7.2.4",
  "total_requests": 100000,
  "total_time_sec": 0.116,
  "workload": "pipeline16"
}
