{
  "bytes_received": 720627,
  "bytes_sent": 5862126,
  "clients": 50,
  "datasize": 3,
  "generated_at_ms": 1775593518180,
  "host": "127.0.0.1",
  "keyspace": 10000,
  "ops_sec": 96834.08333606478,
  "p50_us": 503,
  "p95_us": 599,
  "p999_us": 1059,
  "p99_us": 1002,
  "pipeline": 1,
  "port": 6399,
  "raw_report": {
    "bytes_received": 720627,
    "bytes_sent": 5862126,
    "clients": 50,
    "datasize": 3,
    "db": 0,
    "generated_at_ms": 1775593518180,
    "host": "127.0.0.1",
    "key_prefix": "fr:bench:1775593517133",
    "keyspace": 10000,
    "latency_us": {
      "max": 3225,
      "mean": 511.95610000000045,
      "min": 29,
      "p50": 503,
      "p95": 599,
      "p99": 1002,
      "p999": 1059,
      "samples": 100000
    },
    "ops_per_sec": 96834.08333606478,
    "pipeline": 1,
    "port": 6399,
    "read_percent": 50,
    "requests": 100000,
    "schema_version": "fr_bench_report/v1",
    "total_time_ms": 1032,
    "workload": "mixed"
  },
  "read_percent": 50,
  "schema_version": "frankenredis_baseline/v1",
  "server": "redis",
  "server_version": "7.2.4",
  "total_requests": 100000,
  "total_time_sec": 1.032,
  "workload": "mixed"
}
