{
  "bytes_received": 417887,
  "bytes_sent": 5588848,
  "clients": 50,
  "datasize": 3,
  "generated_at_ms": 1775593519410,
  "host": "127.0.0.1",
  "keyspace": 10000,
  "ops_sec": 95183.76488900383,
  "p50_us": 505,
  "p95_us": 640,
  "p999_us": 1121,
  "p99_us": 996,
  "pipeline": 1,
  "port": 6399,
  "raw_report": {
    "bytes_received": 417887,
    "bytes_sent": 5588848,
    "clients": 50,
    "datasize": 3,
    "db": 0,
    "generated_at_ms": 1775593519410,
    "host": "127.0.0.1",
    "key_prefix": "fr:bench:1775593518360",
    "keyspace": 10000,
    "latency_us": {
      "max": 1728,
      "mean": 520.9944800000006,
      "min": 37,
      "p50": 505,
      "p95": 640,
      "p99": 996,
      "p999": 1121,
      "samples": 100000
    },
    "ops_per_sec": 95183.76488900383,
    "pipeline": 1,
    "port": 6399,
    "read_percent": 0,
    "requests": 100000,
    "schema_version": "fr_bench_report/v1",
    "total_time_ms": 1050,
    "workload": "incr"
  },
  "read_percent": 0,
  "schema_version": "frankenredis_baseline/v1",
  "server": "redis",
  "server_version": "7.2.4",
  "total_requests": 100000,
  "total_time_sec": 1.05,
  "workload": "incr"
}
