{
  "bytes_received": 900000,
  "bytes_sent": 5388905,
  "clients": 50,
  "datasize": 3,
  "generated_at_ms": 1775593517100,
  "host": "127.0.0.1",
  "keyspace": 10000,
  "ops_sec": 91142.35227698354,
  "p50_us": 525,
  "p95_us": 656,
  "p999_us": 1272,
  "p99_us": 1038,
  "pipeline": 1,
  "port": 6399,
  "raw_report": {
    "bytes_received": 900000,
    "bytes_sent": 5388905,
    "clients": 50,
    "datasize": 3,
    "db": 0,
    "generated_at_ms": 1775593517100,
    "host": "127.0.0.1",
    "key_prefix": "fr:bench:1775593515989",
    "keyspace": 10000,
    "latency_us": {
      "max": 3899,
      "mean": 544.2581100000012,
      "min": 52,
      "p50": 525,
      "p95": 656,
      "p99": 1038,
      "p999": 1272,
      "samples": 100000
    },
    "ops_per_sec": 91142.35227698354,
    "pipeline": 1,
    "port": 6399,
    "read_percent": 100,
    "requests": 100000,
    "schema_version": "fr_bench_report/v1",
    "total_time_ms": 1097,
    "workload": "get"
  },
  "read_percent": 100,
  "schema_version": "frankenredis_baseline/v1",
  "server": "redis",
  "server_version": "7.2.4",
  "total_requests": 100000,
  "total_time_sec": 1.097,
  "workload": "get"
}
