{
  "bytes_received": 500000,
  "bytes_sent": 6338834,
  "clients": 50,
  "datasize": 3,
  "generated_at_ms": 1775593515957,
  "host": "127.0.0.1",
  "keyspace": 10000,
  "ops_sec": 94402.47242340936,
  "p50_us": 513,
  "p95_us": 629,
  "p999_us": 1111,
  "p99_us": 1022,
  "pipeline": 1,
  "port": 6399,
  "raw_report": {
    "bytes_received": 500000,
    "bytes_sent": 6338834,
    "clients": 50,
    "datasize": 3,
    "db": 0,
    "generated_at_ms": 1775593515957,
    "host": "127.0.0.1",
    "key_prefix": "fr:bench:1775593514897",
    "keyspace": 10000,
    "latency_us": {
      "max": 3713,
      "mean": 524.8092899999997,
      "min": 41,
      "p50": 513,
      "p95": 629,
      "p99": 1022,
      "p999": 1111,
      "samples": 100000
    },
    "ops_per_sec": 94402.47242340936,
    "pipeline": 1,
    "port": 6399,
    "read_percent": 0,
    "requests": 100000,
    "schema_version": "fr_bench_report/v1",
    "total_time_ms": 1059,
    "workload": "set"
  },
  "read_percent": 0,
  "schema_version": "frankenredis_baseline/v1",
  "server": "redis",
  "server_version": "7.2.4",
  "total_requests": 100000,
  "total_time_sec": 1.059,
  "workload": "set"
}
