{
  "results": [
    {
      "command": "cargo test -p fr-conformance smoke_report_is_stable --test smoke -- --exact --nocapture",
      "mean": 25.513212282819996,
      "stddev": 17.47496060706123,
      "median": 19.599081389419997,
      "user": 0.05208948,
      "system": 0.06965782000000001,
      "min": 11.39666322042,
      "max": 55.83228645642,
      "times": [
        11.39666322042,
        17.623900906419998,
        55.83228645642,
        19.599081389419997,
        23.114129441419998
      ],
      "exit_codes": [
        0,
        0,
        0,
        0,
        0
      ]
    }
  ]
}
