{
  "schema_version": "fr_bench_report/v1",
  "generated_at_ms": 1781030812206,
  "host": "127.0.0.1",
  "port": 6394,
  "workload": "set",
  "clients": 50,
  "requests": 300000,
  "pipeline": 16,
  "keyspace": 10000,
  "datasize": 3,
  "read_percent": 50,
  "db": 0,
  "key_prefix": "pass105cand2",
  "total_time_ms": 372,
  "ops_per_sec": 805878.5747453949,
  "bytes_sent": 16116843,
  "bytes_received": 1500000,
  "latency_us": {
    "min": 48,
    "p50": 929,
    "p95": 1232,
    "p99": 1406,
    "p999": 1798,
    "max": 2561,
    "mean": 961.7956799999992,
    "samples": 300000
  }
}