{
  "schema_version": "fr_bench_report/v1",
  "generated_at_ms": 1781354394413,
  "host": "127.0.0.1",
  "port": 25241,
  "workload": "lpush",
  "clients": 50,
  "requests": 1000000,
  "pipeline": 16,
  "keyspace": 100000,
  "datasize": 3,
  "read_percent": 50,
  "db": 0,
  "key_prefix": "63c8x:base",
  "total_time_ms": 1355,
  "ops_per_sec": 737628.2609226905,
  "bytes_sent": 53338648,
  "bytes_received": 4179362,
  "latency_us": {
    "min": 94,
    "p50": 1019,
    "p95": 1180,
    "p99": 3457,
    "p999": 6399,
    "max": 6671,
    "mean": 1073.0013319999996,
    "samples": 1000000
  }
}