{
  "schema_version": "fr_bench_report/v1",
  "generated_at_ms": 1781017749461,
  "host": "127.0.0.1",
  "port": 21259,
  "workload": "set",
  "clients": 50,
  "requests": 1000000,
  "pipeline": 16,
  "keyspace": 10000,
  "datasize": 3,
  "read_percent": 50,
  "db": 0,
  "key_prefix": "gnwuw-pass102-baseline-1m-set",
  "total_time_ms": 1315,
  "ops_per_sec": 760035.1940376881,
  "bytes_sent": 71339505,
  "bytes_received": 5000000,
  "latency_us": {
    "min": 46,
    "p50": 1002,
    "p95": 1334,
    "p99": 1708,
    "p999": 2923,
    "max": 4699,
    "mean": 1036.6607189999997,
    "samples": 1000000
  }
}