{
  "schema_version": "fr_bench_report/v1",
  "generated_at_ms": 1781017694845,
  "host": "127.0.0.1",
  "port": 21256,
  "workload": "set",
  "clients": 50,
  "requests": 300000,
  "pipeline": 16,
  "keyspace": 10000,
  "datasize": 3,
  "read_percent": 50,
  "db": 0,
  "key_prefix": "gnwuw-pass102-candidate-paired-set",
  "total_time_ms": 383,
  "ops_per_sec": 781930.8051602491,
  "bytes_sent": 22717057,
  "bytes_received": 1500000,
  "latency_us": {
    "min": 38,
    "p50": 895,
    "p95": 1543,
    "p99": 2097,
    "p999": 3131,
    "max": 3863,
    "mean": 996.1676100000009,
    "samples": 300000
  }
}