{
  "schema_version": "fr_bench_report/v1",
  "generated_at_ms": 1781358263167,
  "host": "127.0.0.1",
  "port": 25275,
  "workload": "lpush",
  "clients": 50,
  "requests": 5000000,
  "pipeline": 16,
  "keyspace": 100000,
  "datasize": 3,
  "read_percent": 50,
  "db": 0,
  "key_prefix": "y3bpt:paired5",
  "total_time_ms": 10474,
  "ops_per_sec": 477357.4580566271,
  "bytes_sent": 283895484,
  "bytes_received": 30000000,
  "latency_us": {
    "min": 89,
    "p50": 1523,
    "p95": 1972,
    "p99": 8367,
    "p999": 10615,
    "max": 11343,
    "mean": 1667.1385493999965,
    "samples": 5000000
  }
}