{
  "elapsed_sec": 2.105444796034135,
  "elements_per_hll": 50000,
  "last_reply": 98718,
  "merged_count": 98718,
  "mode": "multi",
  "ops": 20000,
  "ops_per_sec": 9499.180428607042,
  "other_count": 50144,
  "server_pid": 1030708,
  "single_count": 49966
}
