{
  "elapsed_sec": 2.157603161991574,
  "elements_per_hll": 50000,
  "last_reply": 98718,
  "merged_count": 98718,
  "mode": "multi",
  "ops": 20000,
  "ops_per_sec": 9269.545184360508,
  "other_count": 50144,
  "server_pid": 1032272,
  "single_count": 49966
}
