{
  "elapsed_sec": 1.4701220830902457,
  "elements_per_hll": 50000,
  "last_reply": 49966,
  "merged_count": 98718,
  "mode": "single-cached",
  "ops": 20000,
  "ops_per_sec": 13604.312342522828,
  "other_count": 50144,
  "server_pid": 1028536,
  "single_count": 49966
}
