{
  "elapsed_sec": 1.4734029880492017,
  "elements_per_hll": 50000,
  "last_reply": 49966,
  "merged_count": 98718,
  "mode": "single-cached",
  "ops": 20000,
  "ops_per_sec": 13574.01889518371,
  "other_count": 50144,
  "server_pid": 1029264,
  "single_count": 49966
}
