{
  "results": [
    {
      "command": "legacy_redis_code/redis/src/redis-benchmark -p 23953 -t incr -n 500000 -c 50 -P 16 -r 100000 -q >/dev/null",
      "mean": 0.6586128700466668,
      "stddev": 0.01972360904177498,
      "median": 0.6682542891800001,
      "user": 0.12434282,
      "system": 0.4864699866666667,
      "min": 0.62115066618,
      "max": 0.68313842918,
      "times": [
        0.64961842818,
        0.6682542891800001,
        0.63455276118,
        0.62115066618,
        0.64042246118,
        0.68313842918,
        0.6797356011800001,
        0.66930213118,
        0.64856271418,
        0.63399386818,
        0.65273321518,
        0.67056486218,
        0.6791932201800001,
        0.67110296018,
        0.67686744318
      ],
      "exit_codes": [
        0,
        0,
        0,
        0,
        0,
        0,
        0,
        0,
        0,
        0,
        0,
        0,
        0,
        0,
        0
      ]
    }
  ]
}
