{
  "results": [
    {
      "command": "'legacy_redis_code/redis/src/redis-benchmark' -p 24963 -t incr -n 500000 -c 50 -P 16 -r 100000 -q >/dev/null",
      "mean": 0.6690310083466667,
      "stddev": 0.025171834760607498,
      "median": 0.6652645110800001,
      "user": 0.13077809333333332,
      "system": 0.48655526666666665,
      "min": 0.6253629040800001,
      "max": 0.7047869390800001,
      "times": [
        0.66366851808,
        0.6634563960800001,
        0.6369773060800001,
        0.6253629040800001,
        0.6358062670800001,
        0.6548676560800001,
        0.6873821390800001,
        0.7047869390800001,
        0.6966135860800001,
        0.6652645110800001,
        0.7002582000800001,
        0.6871962660800001,
        0.6795968200800001,
        0.6476497320800001,
        0.6865778840800001
      ],
      "exit_codes": [
        0,
        0,
        0,
        0,
        0,
        0,
        0,
        0,
        0,
        0,
        0,
        0,
        0,
        0,
        0
      ]
    },
    {
      "command": "'legacy_redis_code/redis/src/redis-benchmark' -p 24964 -t incr -n 500000 -c 50 -P 16 -r 100000 -q >/dev/null",
      "mean": 0.6226109073466667,
      "stddev": 0.013781904444923807,
      "median": 0.62367905308,
      "user": 0.12416049333333334,
      "system": 0.4667876666666667,
      "min": 0.5962391440800001,
      "max": 0.6427621130800001,
      "times": [
        0.6376721510800001,
        0.5962391440800001,
        0.62146168308,
        0.6356112770800001,
        0.6168585730800001,
        0.5971018170800001,
        0.6258786000800001,
        0.6275256800800001,
        0.6392992830800001,
        0.6427621130800001,
        0.62367905308,
        0.6197273380800001,
        0.6266771430800001,
        0.61391845308,
        0.6147513010800001
      ],
      "exit_codes": [
        0,
        0,
        0,
        0,
        0,
        0,
        0,
        0,
        0,
        0,
        0,
        0,
        0,
        0,
        0
      ]
    }
  ]
}
