{
  "results": [
    {
      "command": "'legacy_redis_code/redis/src/redis-benchmark' -p 24965 -t incr -n 500000 -c 50 -P 16 -r 100000 -q >/dev/null",
      "mean": 0.6736785262466665,
      "stddev": 0.02012278823601279,
      "median": 0.6750910946800001,
      "user": 0.13024059333333332,
      "system": 0.4951946866666665,
      "min": 0.6244369481800001,
      "max": 0.71313032218,
      "times": [
        0.67812266818,
        0.66651091218,
        0.6751045101800001,
        0.68367941418,
        0.6714520311800001,
        0.64433950118,
        0.6708458031800001,
        0.68209219618,
        0.65735182018,
        0.6980654551800001,
        0.71313032218,
        0.69130806418,
        0.6750776791800001,
        0.68044234018,
        0.6766186281800001,
        0.66909619818,
        0.6658214851800001,
        0.67066506018,
        0.68723326518,
        0.65008796018,
        0.64399512818,
        0.6244369481800001,
        0.65963276118,
        0.71096749418,
        0.6865567031800001,
        0.68884002818,
        0.70359040918,
        0.67805067018,
        0.6540617671800001,
        0.65317856318
      ],
      "exit_codes": [
        0,
        0,
        0,
        0,
        0,
        0,
        0,
        0,
        0,
        0,
        0,
        0,
        0,
        0,
        0,
        0,
        0,
        0,
        0,
        0,
        0,
        0,
        0,
        0,
        0,
        0,
        0,
        0,
        0,
        0
      ]
    },
    {
      "command": "'legacy_redis_code/redis/src/redis-benchmark' -p 24966 -t incr -n 500000 -c 50 -P 16 -r 100000 -q >/dev/null",
      "mean": 0.6097983556800002,
      "stddev": 0.02393120275643052,
      "median": 0.61036611268,
      "user": 0.12524172666666666,
      "system": 0.45532698666666666,
      "min": 0.55942665818,
      "max": 0.65905009618,
      "times": [
        0.60680051918,
        0.63319054018,
        0.62153130318,
        0.62426754718,
        0.65905009618,
        0.62223115918,
        0.61634628218,
        0.60889785218,
        0.6358112541800001,
        0.65228186418,
        0.6468034261800001,
        0.5994259791800001,
        0.5836141971800001,
        0.61801713618,
        0.62189861918,
        0.60783959618,
        0.62429059018,
        0.6141799371800001,
        0.6021208341800001,
        0.61082515218,
        0.59560408818,
        0.55942665818,
        0.58625769318,
        0.61984114018,
        0.60990707318,
        0.60214543018,
        0.59116717418,
        0.58343279218,
        0.56963495418,
        0.56710978118
      ],
      "exit_codes": [
        0,
        0,
        0,
        0,
        0,
        0,
        0,
        0,
        0,
        0,
        0,
        0,
        0,
        0,
        0,
        0,
        0,
        0,
        0,
        0,
        0,
        0,
        0,
        0,
        0,
        0,
        0,
        0,
        0,
        0
      ]
    }
  ]
}
