{
  "results": [
    {
      "command": "ITERATIONS=200000000 target-icywolf-pass27-ok-baseline-rch/release-perf/icywolf-pass27-ok-template",
      "mean": 1.5844453982700004,
      "stddev": 0.03964351084768705,
      "median": 1.58357886202,
      "user": 1.5795506533333334,
      "system": 0.0021846866666666667,
      "min": 1.52585279452,
      "max": 1.68345333752,
      "times": [
        1.68345333752,
        1.56583853552,
        1.55384321052,
        1.59450873252,
        1.59801534652,
        1.58652927552,
        1.52585279452,
        1.54989346952,
        1.60703463452,
        1.56437704052,
        1.58062844852,
        1.6033699535200001
      ],
      "exit_codes": [
        0,
        0,
        0,
        0,
        0,
        0,
        0,
        0,
        0,
        0,
        0,
        0
      ]
    }
  ]
}
