{
  "schema_version": "fr_bench_report/v1",
  "generated_at_ms": 1780512708106,
  "host": "127.0.0.1",
  "port": 20611,
  "workload": "set",
  "clients": 50,
  "requests": 500000,
  "pipeline": 16,
  "keyspace": 10000,
  "datasize": 3,
  "read_percent": 50,
  "db": 0,
  "key_prefix": "icywolf-nha7f-candidate",
  "total_time_ms": 1609,
  "ops_per_sec": 310720.68769458274,
  "bytes_sent": 32394154,
  "bytes_received": 2500000,
  "latency_us": {
    "min": 101,
    "p50": 2489,
    "p95": 3111,
    "p99": 3685,
    "p999": 4183,
    "max": 5579,
    "mean": 2551.5369240000005,
    "samples": 500000
  }
}