{
  "results": [
    {
      "command": "ITERATIONS=200000000 target-icywolf-pass27-ok-candidate-rch/release-perf/icywolf-pass27-ok-template",
      "mean": 0.71597128284,
      "stddev": 0.008864873280852423,
      "median": 0.71425200134,
      "user": 0.7142545233333334,
      "system": 0.0011273533333333334,
      "min": 0.6992127438400001,
      "max": 0.7286130328400001,
      "times": [
        0.7111477538400001,
        0.7189176038400001,
        0.6992127438400001,
        0.71251960284,
        0.7286130328400001,
        0.71170726384,
        0.72347299484,
        0.7061430328400001,
        0.71359668484,
        0.7282052108400001,
        0.7149073178400001,
        0.7232121518400001
      ],
      "exit_codes": [
        0,
        0,
        0,
        0,
        0,
        0,
        0,
        0,
        0,
        0,
        0,
        0
      ]
    }
  ]
}
