{
  "clients": 50,
  "datasize": 3,
  "key_prefix": "fr6kecb-pass2-pair-base-psetex",
  "keyspace": 10000,
  "measured": {
    "bytes_received": 5000000,
    "bytes_sent": 85000000,
    "commands": 1000000,
    "ops_per_sec": 149598.2080578632,
    "pipeline_latency_us": {
      "mean": 5195.102661900223,
      "p50": 4384.797997772694,
      "p95": 11599.176097661257,
      "p99": 15966.431004926562,
      "samples": 62500
    },
    "seconds": 6.6845720479032025
  },
  "mode": "psetex",
  "pipeline": 16,
  "prefill": {
    "bytes_received": 0,
    "bytes_sent": 0,
    "commands": 0,
    "seconds": 0.0
  },
  "requests": 1000000,
  "schema": "frankenredis_6tsou_resp_workload_v1"
}
