{
  "clients": 50,
  "datasize": 3,
  "key_prefix": "fr6kecb-pass2-pair-base-setex",
  "keyspace": 10000,
  "measured": {
    "bytes_received": 5000000,
    "bytes_sent": 80000000,
    "commands": 1000000,
    "ops_per_sec": 146989.25982570348,
    "pipeline_latency_us": {
      "mean": 5287.726361371576,
      "p50": 4465.579986572266,
      "p95": 11839.422048069537,
      "p99": 16139.838960953057,
      "samples": 62500
    },
    "seconds": 6.803218147950247
  },
  "mode": "setex",
  "pipeline": 16,
  "prefill": {
    "bytes_received": 0,
    "bytes_sent": 0,
    "commands": 0,
    "seconds": 0.0
  },
  "requests": 1000000,
  "schema": "frankenredis_6tsou_resp_workload_v1"
}
