{
  "results": [
    {
      "command": "baseline-psetex-pass2-paired",
      "mean": 6.88715643772,
      "stddev": 0.06499850177051174,
      "median": 6.91388516812,
      "user": 9.6158728,
      "system": 6.04046186,
      "min": 6.79266452912,
      "max": 6.95562894212,
      "times": [
        6.850973436119999,
        6.922630113119999,
        6.91388516812,
        6.95562894212,
        6.79266452912
      ],
      "exit_codes": [
        0,
        0,
        0,
        0,
        0
      ]
    },
    {
      "command": "candidate-psetex-pass2-paired",
      "mean": 6.984695106320001,
      "stddev": 0.08000598492715325,
      "median": 6.97357797912,
      "user": 9.5309432,
      "system": 6.25575206,
      "min": 6.87520884012,
      "max": 7.0936201381199995,
      "times": [
        7.01846404612,
        6.96260452812,
        6.87520884012,
        6.97357797912,
        7.0936201381199995
      ],
      "exit_codes": [
        0,
        0,
        0,
        0,
        0
      ]
    }
  ]
}
