{
  "results": [
    {
      "command": "baseline-setex-pass2-paired",
      "mean": 6.902934527560001,
      "stddev": 0.07178622301480392,
      "median": 6.91287812036,
      "user": 9.529682399999999,
      "system": 6.1513557,
      "min": 6.80905769036,
      "max": 6.97433274136,
      "times": [
        6.97433274136,
        6.85208355536,
        6.80905769036,
        6.96632053036,
        6.91287812036
      ],
      "exit_codes": [
        0,
        0,
        0,
        0,
        0
      ]
    },
    {
      "command": "candidate-setex-pass2-paired",
      "mean": 6.95625542396,
      "stddev": 0.08535175596843633,
      "median": 6.97918244836,
      "user": 9.5364116,
      "system": 6.240149300000001,
      "min": 6.83647965536,
      "max": 7.05920200336,
      "times": [
        6.91047937336,
        7.05920200336,
        6.97918244836,
        6.99593363936,
        6.83647965536
      ],
      "exit_codes": [
        0,
        0,
        0,
        0,
        0
      ]
    }
  ]
}
