{
  "schema_version": "fr_bench_report/v1",
  "generated_at_ms": 1781151656648,
  "host": "127.0.0.1",
  "port": 6786,
  "workload": "get",
  "clients": 50,
  "requests": 1000000,
  "pipeline": 16,
  "keyspace": 10000,
  "datasize": 3,
  "read_percent": 50,
  "db": 0,
  "key_prefix": "ohsk5:p133:reversed:candidate",
  "total_time_ms": 683,
  "ops_per_sec": 1463126.3918236706,
  "bytes_sent": 60888646,
  "bytes_received": 9000000,
  "latency_us": {
    "min": 44,
    "p50": 499,
    "p95": 838,
    "p99": 1268,
    "p999": 2121,
    "max": 3473,
    "mean": 532.2880730000005,
    "samples": 1000000
  }
}