{
  "results": [
    {
      "command": "baseline-1cbca-get-p16-300k",
      "mean": 0.5100320436000001,
      "stddev": 0.011368364150627877,
      "median": 0.5115821976,
      "user": 0.48438642000000004,
      "system": 0.6822831,
      "min": 0.49038013110000006,
      "max": 0.5249946491,
      "times": [
        0.49038013110000006,
        0.5230671581,
        0.5140500481,
        0.49434386010000003,
        0.5185277791,
        0.5249946491,
        0.5057015741,
        0.5060908411,
        0.5093875551,
        0.5137768401
      ],
      "exit_codes": [
        0,
        0,
        0,
        0,
        0,
        0,
        0,
        0,
        0,
        0
      ]
    },
    {
      "command": "candidate-1cbca-get-p16-300k",
      "mean": 0.5044853768000002,
      "stddev": 0.012137537182975305,
      "median": 0.5057544986,
      "user": 0.4656670199999999,
      "system": 0.6836374,
      "min": 0.4830908541000001,
      "max": 0.5205642161,
      "times": [
        0.5127427811,
        0.5031603091,
        0.4830908541000001,
        0.5057134061,
        0.5205642161,
        0.5057955911,
        0.5166965311,
        0.48529376710000005,
        0.5086400801,
        0.5031562321
      ],
      "exit_codes": [
        0,
        0,
        0,
        0,
        0,
        0,
        0,
        0,
        0,
        0
      ]
    }
  ]
}
