{
  "schema_version": "fr_bench_report/v1",
  "generated_at_ms": 1780907755876,
  "host": "127.0.0.1",
  "port": 26522,
  "workload": "get",
  "clients": 50,
  "requests": 300000,
  "pipeline": 16,
  "keyspace": 10000,
  "datasize": 3,
  "read_percent": 50,
  "db": 0,
  "key_prefix": "fr1cbca-paired-baseline",
  "total_time_ms": 423,
  "ops_per_sec": 708624.8176879595,
  "bytes_sent": 16466668,
  "bytes_received": 2700000,
  "latency_us": {
    "min": 59,
    "p50": 1060,
    "p95": 1423,
    "p99": 1683,
    "p999": 2079,
    "max": 2401,
    "mean": 1103.6674066666683,
    "samples": 300000
  }
}