{"bytes_received": 5000000, "bytes_sent": 65889000, "clients": 50, "datasize": 3, "elapsed_seconds": 4.439230988966301, "keyspace": 10000, "mix": "alternate", "ops_per_sec": 225264.24114570694, "pipeline": 16, "requests": 1000000, "schema": "frankenredis_svgvb_setex_bench_v1"}
