{"bytes_received": 1500000, "bytes_sent": 18266700, "clients": 50, "datasize": 3, "elapsed_seconds": 1.68773567606695, "keyspace": 10000, "mix": "alternate", "ops_per_sec": 177752.95281966857, "pipeline": 16, "requests": 300000, "schema": "frankenredis_svgvb_setex_bench_v1"}
