{"bytes_received": 5000000, "bytes_sent": 64889000, "clients": 50, "datasize": 3, "elapsed_seconds": 4.098309642053209, "keyspace": 10000, "mix": "alternate", "ops_per_sec": 244003.03718852505, "pipeline": 16, "requests": 1000000, "schema": "frankenredis_svgvb_setex_bench_v1"}
