{
  "results": [
    {
      "command": "/tmp/codex-fr-pass64-profile-target/release-perf/fr-bench --host 127.0.0.1 --port 6468 --clients 16 --requests 300000 --pipeline 16 --workload get --key-prefix pass64-rev2-baseline --json-out artifacts/optimization/frankenredis-pass64-profile/baseline-get-p16-300k-rev2-last.json",
      "mean": 0.41940912507999994,
      "stddev": 0.00952747059810272,
      "median": 0.41837150648000004,
      "user": 0.19803365,
      "system": 0.40584414999999996,
      "min": 0.40317675498000005,
      "max": 0.44362191298000003,
      "times": [
        0.40604148898000003,
        0.44362191298000003,
        0.41771639098,
        0.41451255298000006,
        0.42064425598000005,
        0.42540471198000007,
        0.42223157198000005,
        0.41892349598000006,
        0.42228314898,
        0.41575443498000003,
        0.43430252298000005,
        0.41890677498000006,
        0.41594593698000004,
        0.42849595598000007,
        0.40914488698000007,
        0.40881035398000004,
        0.40317675498000005,
        0.41723599198000005,
        0.42719311898000006,
        0.41783623798
      ],
      "exit_codes": [
        0,
        0,
        0,
        0,
        0,
        0,
        0,
        0,
        0,
        0,
        0,
        0,
        0,
        0,
        0,
        0,
        0,
        0,
        0,
        0
      ]
    }
  ]
}
