{
  "schema_version": "fr_bench_report/v1",
  "generated_at_ms": 1780875039880,
  "host": "127.0.0.1",
  "port": 6468,
  "workload": "get",
  "clients": 16,
  "requests": 300000,
  "pipeline": 16,
  "keyspace": 10000,
  "datasize": 3,
  "read_percent": 50,
  "db": 0,
  "key_prefix": "pass64-paired-baseline",
  "total_time_ms": 453,
  "ops_per_sec": 661309.3102997772,
  "bytes_sent": 16166832,
  "bytes_received": 2700000,
  "latency_us": {
    "min": 33,
    "p50": 319,
    "p95": 527,
    "p99": 1999,
    "p999": 3211,
    "max": 8215,
    "mean": 367.16373,
    "samples": 300000
  }
}