{
  "schema_version": "fr_bench_report/v1",
  "generated_at_ms": 1780875119035,
  "host": "127.0.0.1",
  "port": 6468,
  "workload": "get",
  "clients": 16,
  "requests": 1000000,
  "pipeline": 16,
  "keyspace": 10000,
  "datasize": 3,
  "read_percent": 50,
  "db": 0,
  "key_prefix": "pass64-rev-baseline",
  "total_time_ms": 1347,
  "ops_per_sec": 741966.4109935989,
  "bytes_sent": 50889061,
  "bytes_received": 9000000,
  "latency_us": {
    "min": 37,
    "p50": 320,
    "p95": 463,
    "p99": 624,
    "p999": 974,
    "max": 1856,
    "mean": 336.00559499999946,
    "samples": 1000000
  }
}