{
  "schema_version": "fr_bench_report/v1",
  "generated_at_ms": 1780875085588,
  "host": "127.0.0.1",
  "port": 6468,
  "workload": "get",
  "clients": 16,
  "requests": 1000000,
  "pipeline": 16,
  "keyspace": 10000,
  "datasize": 3,
  "read_percent": 50,
  "db": 0,
  "key_prefix": "pass64-rev-candidate",
  "total_time_ms": 1450,
  "ops_per_sec": 689589.6476054776,
  "bytes_sent": 51888848,
  "bytes_received": 9000000,
  "latency_us": {
    "min": 34,
    "p50": 312,
    "p95": 509,
    "p99": 1991,
    "p999": 3255,
    "max": 8999,
    "mean": 352.0703030000002,
    "samples": 1000000
  }
}