{
  "results": [
    {
      "command": "/tmp/codex-fr-pass64-profile-target/release-perf/fr-bench --host 127.0.0.1 --port 6468 --clients 16 --requests 300000 --pipeline 16 --workload get --key-prefix pass64-rev2-candidate --json-out artifacts/optimization/frankenredis-pass64-profile/candidate-get-p16-300k-rev2-last.json",
      "mean": 0.42220392512999994,
      "stddev": 0.02765143443972233,
      "median": 0.41083277308,
      "user": 0.18834628999999994,
      "system": 0.40564287000000004,
      "min": 0.40137979508,
      "max": 0.5058008460800001,
      "times": [
        0.43626201808000004,
        0.42210980508,
        0.41109063608,
        0.41856410008,
        0.40430271008,
        0.40513827308,
        0.43060468408,
        0.40729518908,
        0.5058008460800001,
        0.48600268008,
        0.40612850908000003,
        0.43759384008,
        0.42156587508000004,
        0.40206854008000004,
        0.40137979508,
        0.41057491008,
        0.40987080608000004,
        0.40778252108,
        0.40288469608,
        0.41705806808
      ],
      "exit_codes": [
        0,
        0,
        0,
        0,
        0,
        0,
        0,
        0,
        0,
        0,
        0,
        0,
        0,
        0,
        0,
        0,
        0,
        0,
        0,
        0
      ]
    }
  ]
}
