{
  "schema_version": "fr_bench_report/v1",
  "generated_at_ms": 1780875142004,
  "host": "127.0.0.1",
  "port": 6468,
  "workload": "get",
  "clients": 16,
  "requests": 300000,
  "pipeline": 16,
  "keyspace": 10000,
  "datasize": 3,
  "read_percent": 50,
  "db": 0,
  "key_prefix": "pass64-rev2-candidate",
  "total_time_ms": 402,
  "ops_per_sec": 744501.234860769,
  "bytes_sent": 15866626,
  "bytes_received": 2700000,
  "latency_us": {
    "min": 33,
    "p50": 317,
    "p95": 469,
    "p99": 674,
    "p999": 1389,
    "max": 2403,
    "mean": 333.5831299999999,
    "samples": 300000
  }
}