{
  "results": [
    {
      "command": "/tmp/codex-fr-pass64-profile-target/release-perf/fr-bench --host 127.0.0.1 --port 6468 --clients 16 --requests 300000 --pipeline 16 --workload get --key-prefix pass64-get-baseline --json-out artifacts/optimization/frankenredis-pass64-profile/get-p16-300k-last-run.json",
      "mean": 0.4705807752133334,
      "stddev": 0.14275735279063365,
      "median": 0.43210341148000003,
      "user": 0.19204813999999998,
      "system": 0.4112924466666666,
      "min": 0.41390421948000006,
      "max": 0.98277549548,
      "times": [
        0.42818559148,
        0.43933478348000005,
        0.43412978648000006,
        0.42990771248000004,
        0.43741255348,
        0.41573040748000006,
        0.41390421948000006,
        0.42557218248000006,
        0.43559225648000005,
        0.48947472448000007,
        0.43041846148,
        0.43210341148000003,
        0.44280777948000005,
        0.42136226248,
        0.98277549548
      ],
      "exit_codes": [
        0,
        0,
        0,
        0,
        0,
        0,
        0,
        0,
        0,
        0,
        0,
        0,
        0,
        0,
        0
      ]
    }
  ]
}
