{
  "schema_version": "fr_bench_report/v1",
  "generated_at_ms": 1780874270326,
  "host": "127.0.0.1",
  "port": 6468,
  "workload": "get",
  "clients": 16,
  "requests": 1000000,
  "pipeline": 16,
  "keyspace": 10000,
  "datasize": 3,
  "read_percent": 50,
  "db": 0,
  "key_prefix": "pass64-get-profile",
  "total_time_ms": 1390,
  "ops_per_sec": 718924.2587929714,
  "bytes_sent": 49889168,
  "bytes_received": 9000000,
  "latency_us": {
    "min": 53,
    "p50": 335,
    "p95": 462,
    "p99": 751,
    "p999": 1468,
    "max": 2999,
    "mean": 348.2822819999997,
    "samples": 1000000
  }
}