{
  "schema_version": "fr_bench_report/v1",
  "generated_at_ms": 1780874255704,
  "host": "127.0.0.1",
  "port": 6468,
  "workload": "get",
  "clients": 16,
  "requests": 300000,
  "pipeline": 16,
  "keyspace": 10000,
  "datasize": 3,
  "read_percent": 50,
  "db": 0,
  "key_prefix": "pass64-get-baseline",
  "total_time_ms": 969,
  "ops_per_sec": 309325.23911944247,
  "bytes_sent": 15266729,
  "bytes_received": 2700000,
  "latency_us": {
    "min": 33,
    "p50": 338,
    "p95": 2019,
    "p99": 3019,
    "p999": 3997,
    "max": 21183,
    "mean": 607.9959533333323,
    "samples": 300000
  }
}