{
  "results": [
    {
      "command": "OUT=artifacts/optimization/frankenredis-ohsk5/pass125/baseline SERVER=/tmp/rch_target_fr_ohsk5_p125_current/release-perf/frankenredis BENCH=/tmp/rch_target_fr_ohsk5_p125_current/release-perf/fr-bench PORT=6679 WORKLOAD=get REQUESTS=1000000 JSON_OUT=artifacts/optimization/frankenredis-ohsk5/pass125/baseline/baseline-get-p16-c50-1m-last.json KEY_PREFIX=ohsk5:p125:baseline artifacts/optimization/frankenredis-zhphm/pass1/run_fr_bench_once.sh",
      "mean": 0.7837215257000001,
      "stddev": 0.04221169693840064,
      "median": 0.7728542027,
      "user": 1.22097594,
      "system": 2.3163306599999998,
      "min": 0.7363353557000001,
      "max": 0.8458882187000001,
      "times": [
        0.8458882187000001,
        0.8028766207,
        0.7728542027,
        0.7363353557000001,
        0.7606532307
      ],
      "exit_codes": [
        0,
        0,
        0,
        0,
        0
      ]
    }
  ]
}
