{
  "schema_version": "fr_bench_report/v1",
  "generated_at_ms": 1781033042382,
  "host": "127.0.0.1",
  "port": 26840,
  "workload": "set",
  "clients": 50,
  "requests": 1000000,
  "pipeline": 16,
  "keyspace": 10000,
  "datasize": 3,
  "read_percent": 50,
  "db": 0,
  "key_prefix": "zhphm-p3-base",
  "total_time_ms": 1208,
  "ops_per_sec": 827551.5177632477,
  "bytes_sent": 55338370,
  "bytes_received": 5000000,
  "latency_us": {
    "min": 42,
    "p50": 912,
    "p95": 1305,
    "p99": 1722,
    "p999": 2549,
    "max": 5291,
    "mean": 951.7924910000028,
    "samples": 1000000
  }
}