{
  "schema_version": "fr_bench_report/v1",
  "generated_at_ms": 1781369905149,
  "host": "127.0.0.1",
  "port": 24648,
  "workload": "hset",
  "clients": 50,
  "requests": 1000000,
  "pipeline": 16,
  "keyspace": 10000,
  "datasize": 3,
  "read_percent": 50,
  "db": 0,
  "key_prefix": "fr:bench:1781369903208",
  "total_time_ms": 1940,
  "ops_per_sec": 515297.2329486222,
  "bytes_sent": 74339532,
  "bytes_received": 4000000,
  "latency_us": {
    "min": 141,
    "p50": 1175,
    "p95": 1591,
    "p99": 19839,
    "p999": 26367,
    "max": 27487,
    "mean": 1532.7670539999974,
    "samples": 1000000
  }
}