{
  "schema_version": "fr_bench_report/v1",
  "generated_at_ms": 1781370015094,
  "host": "127.0.0.1",
  "port": 24651,
  "workload": "hset",
  "clients": 50,
  "requests": 2000000,
  "pipeline": 16,
  "keyspace": 10000,
  "datasize": 3,
  "read_percent": 50,
  "db": 0,
  "key_prefix": "fr:bench:1781370011886",
  "total_time_ms": 3208,
  "ops_per_sec": 623338.0246023178,
  "bytes_sent": 149228077,
  "bytes_received": 8000000,
  "latency_us": {
    "min": 167,
    "p50": 1050,
    "p95": 1637,
    "p99": 11575,
    "p999": 16031,
    "max": 17119,
    "mean": 1271.710637000002,
    "samples": 2000000
  }
}