{
  "schema_version": "fr_bench_report/v1",
  "generated_at_ms": 1781369888646,
  "host": "127.0.0.1",
  "port": 24647,
  "workload": "hset",
  "clients": 50,
  "requests": 1000000,
  "pipeline": 16,
  "keyspace": 10000,
  "datasize": 3,
  "read_percent": 50,
  "db": 0,
  "key_prefix": "fr:bench:1781369886216",
  "total_time_ms": 2430,
  "ops_per_sec": 411454.9468662511,
  "bytes_sent": 74339218,
  "bytes_received": 4000000,
  "latency_us": {
    "min": 67,
    "p50": 1356,
    "p95": 2309,
    "p99": 23807,
    "p999": 30351,
    "max": 30847,
    "mean": 1925.317819999998,
    "samples": 1000000
  }
}