{
  "schema_version": "fr_bench_report/v1",
  "generated_at_ms": 1781369966702,
  "host": "127.0.0.1",
  "port": 24649,
  "workload": "hset",
  "clients": 50,
  "requests": 2000000,
  "pipeline": 16,
  "keyspace": 10000,
  "datasize": 3,
  "read_percent": 50,
  "db": 0,
  "key_prefix": "fr:bench:1781369962982",
  "total_time_ms": 3720,
  "ops_per_sec": 537633.2010953239,
  "bytes_sent": 149228106,
  "bytes_received": 8000000,
  "latency_us": {
    "min": 155,
    "p50": 1183,
    "p95": 1698,
    "p99": 15383,
    "p999": 20911,
    "max": 22655,
    "mean": 1474.4057939999989,
    "samples": 2000000
  }
}