{
  "schema_version": "fr_bench_report/v1",
  "generated_at_ms": 1780863046090,
  "host": "127.0.0.1",
  "port": 6444,
  "workload": "get",
  "clients": 16,
  "requests": 1000000,
  "pipeline": 16,
  "keyspace": 10000,
  "datasize": 3,
  "read_percent": 50,
  "db": 0,
  "key_prefix": "fr:directget:reversed",
  "total_time_ms": 1246,
  "ops_per_sec": 801970.0406881024,
  "bytes_sent": 52888644,
  "bytes_received": 9000000,
  "latency_us": {
    "min": 30,
    "p50": 300,
    "p95": 413,
    "p99": 590,
    "p999": 1004,
    "max": 1868,
    "mean": 311.7640109999999,
    "samples": 1000000
  }
}