{
  "schema_version": "fr_bench_report/v1",
  "generated_at_ms": 1780863035872,
  "host": "127.0.0.1",
  "port": 6445,
  "workload": "get",
  "clients": 16,
  "requests": 1000000,
  "pipeline": 16,
  "keyspace": 10000,
  "datasize": 3,
  "read_percent": 50,
  "db": 0,
  "key_prefix": "fr:directget:reversed",
  "total_time_ms": 1330,
  "ops_per_sec": 751760.2157229465,
  "bytes_sent": 52889620,
  "bytes_received": 9000000,
  "latency_us": {
    "min": 31,
    "p50": 314,
    "p95": 476,
    "p99": 694,
    "p999": 1249,
    "max": 2905,
    "mean": 333.10472599999923,
    "samples": 1000000
  }
}