{
  "schema_version": "fr_bench_report/v1",
  "generated_at_ms": 1780862178109,
  "host": "127.0.0.1",
  "port": 6441,
  "workload": "get",
  "clients": 16,
  "requests": 300000,
  "pipeline": 16,
  "keyspace": 10000,
  "datasize": 3,
  "read_percent": 50,
  "db": 0,
  "key_prefix": "fr:pass61:get",
  "total_time_ms": 390,
  "ops_per_sec": 768336.7995140628,
  "bytes_sent": 13466610,
  "bytes_received": 2700000,
  "latency_us": {
    "min": 43,
    "p50": 307,
    "p95": 452,
    "p99": 627,
    "p999": 964,
    "max": 1910,
    "mean": 322.2788999999998,
    "samples": 300000
  }
}