{
  "results": [
    {
      "command": "baseline",
      "mean": 0.38574066780000005,
      "stddev": 0.014019426449191016,
      "median": 0.38780278020000003,
      "user": 0.19240112,
      "system": 0.35937031999999997,
      "min": 0.3658842022,
      "max": 0.4067189632,
      "times": [
        0.4067189632,
        0.36843625620000003,
        0.3832507262,
        0.39690380820000004,
        0.37946268920000004,
        0.3923548342,
        0.37177063320000003,
        0.3658842022,
        0.3952094632,
        0.39741510220000004
      ],
      "exit_codes": [
        0,
        0,
        0,
        0,
        0,
        0,
        0,
        0,
        0,
        0
      ]
    },
    {
      "command": "candidate",
      "mean": 0.38289668490000006,
      "stddev": 0.012380973372241784,
      "median": 0.3832660002,
      "user": 0.18542451999999998,
      "system": 0.36797912,
      "min": 0.3609628132,
      "max": 0.40347166720000005,
      "times": [
        0.3892492952,
        0.39057101520000004,
        0.37268615720000003,
        0.37482529020000005,
        0.38171097420000005,
        0.3609628132,
        0.3755996862,
        0.3950689242,
        0.3848210262,
        0.40347166720000005
      ],
      "exit_codes": [
        0,
        0,
        0,
        0,
        0,
        0,
        0,
        0,
        0,
        0
      ]
    }
  ]
}
