{
  "schema_version": "fr_bench_report/v1",
  "generated_at_ms": 1780862192078,
  "host": "127.0.0.1",
  "port": 6441,
  "workload": "get",
  "clients": 16,
  "requests": 1000000,
  "pipeline": 16,
  "keyspace": 10000,
  "datasize": 3,
  "read_percent": 50,
  "db": 0,
  "key_prefix": "fr:pass61:profile",
  "total_time_ms": 1228,
  "ops_per_sec": 814052.8789278006,
  "bytes_sent": 48889195,
  "bytes_received": 9000000,
  "latency_us": {
    "min": 32,
    "p50": 297,
    "p95": 396,
    "p99": 606,
    "p999": 1004,
    "max": 1983,
    "mean": 306.29447800000037,
    "samples": 1000000
  }
}