{
  "results": [
    {
      "command": "candidate",
      "mean": 1.2787717400666667,
      "stddev": 0.03908766268709377,
      "median": 1.2667664499,
      "user": 0.5925543200000001,
      "system": 1.24334032,
      "min": 1.2408059174000001,
      "max": 1.3456382514,
      "times": [
        1.2527238204000002,
        1.2542706154,
        1.2792622844000001,
        1.2999295514,
        1.2408059174000001,
        1.3456382514
      ],
      "exit_codes": [
        0,
        0,
        0,
        0,
        0,
        0
      ]
    },
    {
      "command": "baseline",
      "mean": 1.2741528207333335,
      "stddev": 0.033573965113305404,
      "median": 1.2714734844000002,
      "user": 0.5950506533333334,
      "system": 1.1911284866666667,
      "min": 1.2218082784000002,
      "max": 1.3137054314,
      "times": [
        1.3065824954,
        1.3137054314,
        1.2218082784000002,
        1.2598737504000002,
        1.2770305614000002,
        1.2659164074000002
      ],
      "exit_codes": [
        0,
        0,
        0,
        0,
        0,
        0
      ]
    }
  ]
}
