{
  "results": [
    {
      "command": "baseline",
      "mean": 1.0618679091244445,
      "stddev": 0.04939079374851591,
      "median": 1.08116623768,
      "user": 0.5847719777777778,
      "system": 1.40957682,
      "min": 0.9859735056800001,
      "max": 1.12497331768,
      "times": [
        1.01132928868,
        1.10034790268,
        0.9859735056800001,
        1.12497331768,
        1.02559981368,
        1.02892223668,
        1.1084829036800001,
        1.09001597568,
        1.08116623768
      ],
      "exit_codes": [
        0,
        0,
        0,
        0,
        0,
        0,
        0,
        0,
        0
      ]
    },
    {
      "command": "candidate",
      "mean": 1.0930270031244447,
      "stddev": 0.03666591854116993,
      "median": 1.08841762068,
      "user": 0.6133118666666666,
      "system": 1.4460693755555554,
      "min": 1.04809472668,
      "max": 1.16529632368,
      "times": [
        1.0902776116800001,
        1.06044417368,
        1.04809472668,
        1.1337942246800001,
        1.08841762068,
        1.0755380326800001,
        1.07358143868,
        1.16529632368,
        1.1017988756800001
      ],
      "exit_codes": [
        0,
        0,
        0,
        0,
        0,
        0,
        0,
        0,
        0
      ]
    }
  ]
}
