{
  "results": [
    {
      "command": "LABEL=fr-baseline BIN='/data/projects/.scratch/frankenredis-coralox-pass181-20260613T2204Z/target-coralox-pass182-baseline/release/frankenredis' BENCH='/data/projects/.scratch/frankenredis-coralox-pass181-20260613T2204Z/legacy_redis_code/redis/src/redis-benchmark' PORT=24541 ART='artifacts/optimization/coralox-pass182-current-20260613T2238Z' bash -lc '\"$BIN\" --port \"$PORT\" >\"$ART/$LABEL-hyperfine-$BASHPID.stdout\" 2>\"$ART/$LABEL-hyperfine-$BASHPID.stderr\" & pid=$!; trap \"kill $pid 2>/dev/null || true; wait $pid 2>/dev/null || true\" EXIT; sleep 0.5; \"$BENCH\" -p \"$PORT\" -t rpush -n 1000000 -c 50 -P 16 -r 100000 -q'",
      "mean": 1.5520338367044444,
      "stddev": 0.018898165165670274,
      "median": 1.55425544926,
      "user": 0.5944057711111111,
      "system": 1.4156029444444445,
      "min": 1.51953147926,
      "max": 1.5833601832600002,
      "times": [
        1.5542789762600002,
        1.55150660426,
        1.53023739226,
        1.54671412826,
        1.5833601832600002,
        1.55425544926,
        1.56206332026,
        1.56635699726,
        1.51953147926
      ],
      "exit_codes": [
        0,
        0,
        0,
        0,
        0,
        0,
        0,
        0,
        0
      ]
    }
  ]
}
