{
  "results": [
    {
      "command": "./legacy_redis_code/redis/src/redis-benchmark -p 24159 -t set -n 500000 -c 50 -P 16 -r 100000 -q",
      "mean": 0.5855030471888889,
      "stddev": 0.04291594791438819,
      "median": 0.5876280913,
      "user": 0.11480846222222223,
      "system": 0.4491570088888888,
      "min": 0.5343063773,
      "max": 0.6515200363,
      "times": [
        0.6454203373,
        0.6515200363,
        0.5936671163,
        0.5876280913,
        0.5343063773,
        0.5509192623,
        0.5381538993,
        0.5659163133,
        0.6019959913
      ],
      "exit_codes": [
        0,
        0,
        0,
        0,
        0,
        0,
        0,
        0,
        0
      ]
    }
  ]
}
