{
  "results": [
    {
      "command": "./legacy_redis_code/redis/src/redis-benchmark -p 24160 -t set -n 500000 -c 50 -P 16 -r 100000 -q",
      "mean": 0.5655760771066666,
      "stddev": 0.03279808360586394,
      "median": 0.57099782744,
      "user": 0.11400210444444446,
      "system": 0.4357794088888889,
      "min": 0.5201852904400001,
      "max": 0.60998366144,
      "times": [
        0.58874773644,
        0.60998366144,
        0.52732970044,
        0.59306660144,
        0.5932323754400001,
        0.57099782744,
        0.54738595944,
        0.5201852904400001,
        0.5392555414400001
      ],
      "exit_codes": [
        0,
        0,
        0,
        0,
        0,
        0,
        0,
        0,
        0
      ]
    }
  ]
}
