{
  "schema_version": "fr_bench_report/v1",
  "generated_at_ms": 1781060855912,
  "host": "127.0.0.1",
  "port": 26960,
  "workload": "set",
  "clients": 50,
  "requests": 1000000,
  "pipeline": 16,
  "keyspace": 10000,
  "datasize": 3,
  "read_percent": 50,
  "db": 0,
  "key_prefix": "zhphm-p110-base",
  "total_time_ms": 945,
  "ops_per_sec": 1057828.582764625,
  "bytes_sent": 57339074,
  "bytes_received": 5000000,
  "latency_us": {
    "min": 99,
    "p50": 713,
    "p95": 1008,
    "p99": 1308,
    "p999": 2297,
    "max": 3287,
    "mean": 742.0950210000025,
    "samples": 1000000
  }
}